order_id,order_date,customer_id,gender,age,region,category,product,quantity,price,discount,payment
ORD002588,2025-05-30 03:04:29,C00281,여,33,인천,식품,생수24개,1,11100,0.15,간편결제
ORD000526,2025-12-01 06:15:22,C00333,남,30,부산,생활용품,수납함,5,26400,0,체크카드
ORD001244,2025-11-09 10:57:44,C00786,남,19,부산,뷰티,수분크림,2,31300,0.1,
ORD002049,2026-01-18 17:59:52,C01015,여,44,경기,패션,청바지,1,67000,0.15,계좌이체
ORD000730,2025-07-15 07:43:08,C00397,여,43,울산,생활용품,전기포트,2,49900,0,계좌이체
ORD004337,2026-02-16 17:41:21,C01378,여,25,광주,패션,운동화,4,112200,0,신용카드
ORD001654,2026-07-28 18:18:45,C01327,여,38,부산,전자기기,보조배터리,1,36400,0.1,신용카드
ORD003909,2026-02-13 11:18:09,C01516,남,49,대전,패션,운동화,4,116700,0,체크카드
ORD000611,2025-09-03 17:34:28,C00774,남,68,경남,식품,즉석밥24개,1,26700,0.3,계좌이체
ORD002974,2025-11-18 06:52:11,C00825,여,34,광주,뷰티,수분크림,1,32000,0.1,체크카드
ORD004204,2025-12-02 07:35:34,C01109,남,54,서울,식품,생수24개,1,12900,0.2,계좌이체
ORD004718,2025-03-07 21:08:22,C01149,남,54,경남,식품,즉석밥24개,1,27800,0.05,
ORD002637,2025-09-28 03:24:17,C00737,남,54,부산,전자기기,무선이어폰,2,81500,0,무통장입금
ORD001503,2025-08-21 22:37:14,C00915,남,67,광주,생활용품,수납함,1,28000,0.15,무통장입금
ORD000286,2025-03-28 00:18:40,C01555,남,40,경남,패션,후드티,1,57900,0.15,신용카드
ORD003699,2025-12-04 05:55:38,C00604,남,63,인천,식품,생수24개,1,12100,0.2,무통장입금
ORD004212,2025-06-02 14:49:31,C01297,여,69,전남,패션,셔츠,5,47300,0.1,간편결제
ORD000930,2025-03-20 06:35:43,C00492,남,18,인천,뷰티,립틴트,3,17800,0.1,계좌이체
ORD004765,2026-02-05 06:25:52,C00621,여,69,경남,뷰티,클렌징폼,1,16800,0.1,간편결제
ORD002846,2025-12-20 19:52:06,C00745,남,24,전남,뷰티,수분크림,2,29700,0.1,계좌이체
ORD004280,2025-06-27 22:00:53,C00588,남,47,대전,패션,청바지,1,73300,0.2,계좌이체
ORD002800,2026-01-21 19:41:13,C01026,여,36,부산,패션,후드티,3,60400,0,간편결제
ORD004146,2025-11-01 06:20:38,C00565,여,28,서울,전자기기,블루투스스피커,3,72000,0.2,간편결제
ORD000057,2025-06-14 03:14:54,C00494,남,25,전남,식품,견과세트,3,28600,0.05,신용카드
ORD002050,2025-09-17 12:42:59,C01145,여,52,대전,패션,운동화,3,110500,0,계좌이체
ORD003141,2026-06-15 12:31:00,C00144,남,48,인천,전자기기,무선이어폰,2,79700,0.1,간편결제
ORD002764,2026-08-06 09:14:53,C00761,남,34,광주,식품,원두커피,1,19400,0.05,무통장입금
ORD003438,2025-02-14 03:34:08,C01412,남,29,대구,식품,생수24개,2,11400,0.1,계좌이체
ORD003984,2026-02-04 23:40:13,C00524,남,37,서울,패션,백팩,2,79100,0.15,계좌이체
ORD002432,2025-06-22 04:06:02,C01024,남,38,부산,식품,프로틴바,1,20900,0.3,체크카드
ORD000137,2025-09-06 10:33:26,C01427,남,66,경남,식품,프로틴바,2,21300,0.1,신용카드
ORD000951,2025-04-17 17:57:45,C00277,,59,경기,뷰티,수분크림,3,29900,0,간편결제
ORD000176,2026-05-12 03:29:35,C00905,남,51,전남,식품,생수24개,2,12300,0.1,간편결제
ORD001582,2025-01-31 13:29:59,C00683,남,37,경기,패션,청바지,3,70400,0,간편결제
ORD003502,2025-05-08 16:58:51,C01417,여,36,울산,전자기기,보조배터리,1,40500,0.1,계좌이체
ORD003942,2026-05-28 03:23:41,C01266,남,61,대전,전자기기,보조배터리,1,40000,0,체크카드
ORD002539,2026-02-25 22:10:38,C00026,남,37,부산,전자기기,블루투스스피커,1,68800,0,간편결제
ORD004802,2026-08-06 05:50:34,C00582,남,61,대전,패션,백팩,2,83400,0.3,간편결제
ORD004971,2025-05-15 21:05:41,C00019,여,35,경남,뷰티,샴푸,1,19900,0.05,신용카드
ORD001151,2026-07-30 03:16:05,C00624,여,64,울산,전자기기,블루투스스피커,2,64300,0.1,무통장입금
ORD002324,2025-08-23 19:53:25,C00653,남,39,인천,생활용품,무선청소기,1,181900,0.3,신용카드
ORD003804,2026-02-24 02:45:58,C00200,여,19,대전,생활용품,전기포트,1,47100,0.05,신용카드
ORD004978,2025-07-24 06:38:24,C00273,남,51,전남,전자기기,기계식키보드,2,84100,0.15,계좌이체
ORD002565,2026-08-08 23:57:07,C01202,여,33,전남,뷰티,샴푸,2,19400,0,신용카드
ORD002980,2025-08-09 07:39:45,C01128,여,52,대구,전자기기,기계식키보드,1,91900,0.3,체크카드
ORD002834,2026-02-01 15:27:20,C01567,남,40,대구,전자기기,기계식키보드,1,83700,0.15,체크카드
ORD004154,2025-05-24 06:16:37,C00745,남,51,경기,패션,청바지,1,65700,0.2,계좌이체
ORD002420,2026-05-12 20:22:39,C01376,여,25,대전,전자기기,블루투스스피커,1,73200,0,무통장입금
ORD004009,2026-08-05 05:40:05,C00499,여,64,경기,전자기기,스마트워치,2,153600,0.1,간편결제
ORD002233,2026-03-02 23:30:13,C00771,남,27,광주,생활용품,수건세트,2,30100,0.3,계좌이체
ORD000533,2026-07-03 08:04:16,C00299,남,45,울산,패션,셔츠,2,47300,0.15,무통장입금
ORD003441,2026-05-26 19:48:03,C00247,여,34,서울,식품,프로틴바,4,23500,0.1,간편결제
ORD002793,2026-02-09 09:24:03,C00469,남,61,울산,패션,청바지,1,65600,0.05,체크카드
ORD003689,2025-02-04 07:27:30,C01033,여,55,대구,패션,후드티,1,62600,0.2,체크카드
ORD003816,2026-01-09 03:06:34,C01284,남,60,광주,식품,즉석밥24개,1,24900,0.05,간편결제
ORD003336,2025-04-16 13:33:20,C00420,여,34,전남,전자기기,블루투스스피커,1,68500,0.15,신용카드
ORD000865,2025-08-31 17:57:56,C01326,여,30,전남,생활용품,수건세트,1,30300,0.1,계좌이체
ORD004685,2026-06-10 06:44:24,C00653,남,18,인천,전자기기,스마트워치,2,149700,0.1,간편결제
ORD003648,2025-03-30 03:21:57,C01397,여,40,경기,생활용품,수납함,2,28700,0,신용카드
ORD003012,2025-01-20 23:03:00,C01430,남,45,서울,전자기기,스마트워치,1,165800,0.3,계좌이체
ORD002405,2025-08-20 15:40:43,C01162,남,,부산,전자기기,무선이어폰,1,83900,0,간편결제
ORD000949,2025-05-14 20:37:39,C00820,남,55,인천,식품,즉석밥24개,1,29100,0.3,계좌이체
ORD004647,2026-01-21 23:30:25,C00859,여,50,부산,뷰티,선크림,1,24100,0.1,계좌이체
ORD003932,2026-08-10 16:11:46,C01289,남,30,부산,패션,백팩,5,79900,0,계좌이체
ORD003182,2026-04-17 02:45:20,C00093,여,53,광주,식품,프로틴바,1,22500,0,신용카드
ORD004447,2025-05-17 04:03:11,C00017,여,50,울산,패션,후드티,1,59100,0.1,계좌이체
ORD004299,2025-12-26 04:29:34,C01143,여,66,부산,전자기기,기계식키보드,2,85300,0,체크카드
ORD003990,2026-09-05 05:11:17,C01182,남,37,대전,생활용품,수납함,3,26600,0.05,신용카드
ORD000655,2025-02-13 09:45:23,C01289,남,23,부산,뷰티,샴푸,1,20000,0.1,계좌이체
ORD002167,2025-06-25 10:18:42,C00772,남,,인천,전자기기,블루투스스피커,1,65600,0,계좌이체
ORD002449,2025-11-15 20:55:46,C01120,여,,광주,생활용품,수납함,1,29400,0,신용카드
ORD002433,2025-05-29 17:03:10,C01502,남,34,경기,패션,운동화,2,101700,0.05,계좌이체
ORD000874,2026-09-04 08:37:38,C01540,여,51,대전,식품,즉석밥24개,1,25000,0.05,간편결제
ORD002723,2026-05-12 14:54:55,C01391,남,35,인천,생활용품,수건세트,2,31500,0,체크카드
ORD001309,2025-07-27 23:46:11,C00113,남,31,전남,식품,즉석밥24개,2,26600,0.1,계좌이체
ORD004951,2025-12-28 05:49:23,C00143,여,18,경남,식품,견과세트,2,27600,0.15,무통장입금
ORD003519,2026-03-03 10:53:16,C00425,여,31,대전,식품,프로틴바,3,21700,0.1,체크카드
ORD001415,2025-11-26 19:39:59,C01371,여,60,서울,뷰티,수분크림,1,33600,0,간편결제
ORD004974,2025-12-17 01:34:17,C01470,남,53,광주,뷰티,클렌징폼,1,15600,0.1,신용카드
ORD001477,2025-04-01 14:53:05,C01377,남,55,전남,생활용품,수건세트,1,30700,0.3,계좌이체
ORD003710,2026-06-17 00:46:15,C00765,남,58,전남,전자기기,무선이어폰,1,80800,0,체크카드
ORD001493,2025-04-27 11:54:00,C00530,여,30,대전,패션,운동화,1,105200,0.1,간편결제
ORD004526,2025-03-24 13:31:48,C00208,여,36,경기,뷰티,선크림,1,22500,0.2,체크카드
ORD000843,2026-06-28 23:41:24,C00690,남,44,,뷰티,립틴트,1,18000,0,체크카드
ORD003089,2025-05-11 19:23:34,C00098,남,48,대전,뷰티,선크림,3,25100,0.05,계좌이체
ORD003239,2025-11-22 00:19:18,C00320,여,65,전남,패션,청바지,2,67400,0,계좌이체
ORD001937,2026-01-23 22:11:13,C00042,남,61,대구,식품,견과세트,2,29000,0.1,무통장입금
ORD001129,2025-06-22 15:55:44,C00760,남,34,경기,생활용품,무선청소기,1,198000,0.1,체크카드
ORD002126,2026-08-18 11:03:21,C01037,여,63,경기,전자기기,블루투스스피커,2,74200,0.05,신용카드
ORD003088,2025-08-12 04:40:14,C00875,남,32,대구,패션,운동화,1,112600,0.15,체크카드
ORD004078,2026-02-02 04:02:25,C01418,여,65,울산,전자기기,보조배터리,1,39500,0.1,무통장입금
ORD002021,2025-12-30 20:31:20,C00762,남,61,서울,전자기기,보조배터리,1,41200,0,신용카드
ORD003217,2026-06-23 10:01:53,C00020,남,32,서울,뷰티,수분크림,2,34400,0.1,무통장입금
ORD003036,2026-06-20 06:50:51,C00929,남,69,광주,패션,셔츠,1,45500,0.05,간편결제
ORD004638,2026-09-06 21:32:30,C01248,여,47,광주,패션,셔츠,1,48100,0.05,신용카드
ORD000447,2026-02-14 21:16:43,C01002,여,53,대구,전자기기,보조배터리,1,40200,0.15,체크카드
ORD001168,2025-01-05 14:55:59,C01368,남,25,광주,전자기기,기계식키보드,3,93100,0.2,계좌이체
ORD001777,2025-11-16 18:15:14,C01285,여,52,광주,생활용품,수건세트,2,34400,0,계좌이체
ORD000015,2026-02-16 19:38:38,C00680,남,64,대전,생활용품,수건세트,4,31700,0.1,계좌이체
ORD002255,2026-01-25 04:18:31,C00260,여,60,대전,생활용품,텀블러,1,26600,0.2,체크카드
ORD002079,2025-01-10 21:43:49,C01064,여,64,광주,생활용품,전기포트,1,48600,0,간편결제
ORD000264,2026-09-12 01:37:54,C00890,여,67,대구,패션,백팩,5,84300,0.1,간편결제
ORD001711,2025-12-29 10:20:51,C01088,남,67,경남,패션,셔츠,1,48500,0.1,계좌이체
ORD002484,2025-01-27 17:09:41,C00623,여,69,대전,뷰티,수분크림,1,34200,0.1,계좌이체
ORD002158,2025-09-14 17:25:13,C01498,남,46,경기,뷰티,클렌징폼,2,16000,0.1,무통장입금
ORD001344,2026-06-03 14:39:53,C00801,여,46,부산,식품,즉석밥24개,1,28400,0,계좌이체
ORD002054,2026-03-17 07:30:15,C00586,여,19,부산,뷰티,클렌징폼,2,16500,0,간편결제
ORD004824,2025-12-10 08:06:56,C00083,남,24,대구,전자기기,블루투스스피커,1,64200,0.2,간편결제
ORD004191,2026-04-24 10:21:32,C00794,남,59,전남,생활용품,수건세트,3,34400,0.3,신용카드
ORD002858,2025-03-14 08:17:37,C00132,남,61,인천,식품,견과세트,2,26800,0.1,계좌이체
ORD004071,2025-08-10 06:27:18,C00370,남,30,경남,식품,프로틴바,2,21000,0.05,계좌이체
ORD003020,2025-12-13 23:27:42,C00453,남,35,경남,뷰티,클렌징폼,2,15800,0.1,계좌이체
ORD000353,2025-03-10 11:40:03,C00595,여,66,전남,패션,청바지,1,66200,0.05,신용카드
ORD003657,2026-09-25 04:11:38,C01411,여,,경기,패션,청바지,1,72200,0.1,계좌이체
ORD002981,2025-10-08 19:21:02,C00647,남,47,울산,패션,백팩,2,79300,0.1,계좌이체
ORD001833,2026-07-11 19:56:44,C01543,남,68,경기,뷰티,립틴트,1,19300,0.05,계좌이체
ORD004759,2025-01-29 15:49:09,C01585,남,24,서울,생활용품,전기포트,1,50600,0.1,간편결제
ORD003450,2026-02-11 07:49:19,C00929,남,62,대구,전자기기,보조배터리,1,40300,0.2,체크카드
ORD000960,2026-02-17 13:12:24,C00355,여,49,전남,식품,프로틴바,1,21600,0.15,신용카드
ORD003824,2026-07-25 20:16:15,C00845,남,47,광주,생활용품,무선청소기,2,184700,0,간편결제
ORD000273,2025-08-12 09:41:19,C01009,남,20,서울,뷰티,립틴트,3,17500,0,계좌이체
ORD004864,2025-12-15 13:35:56,C01430,남,66,서울,뷰티,샴푸,1,20000,0,무통장입금
ORD000203,2025-09-20 12:24:27,C01522,남,61,인천,뷰티,수분크림,3,33700,0,무통장입금
ORD002389,2025-11-17 08:19:44,C01543,여,39,대전,뷰티,수분크림,1,29700,0.1,신용카드
ORD001788,2025-04-24 11:22:39,C01265,남,45,울산,전자기기,무선이어폰,1,84900,0.1,체크카드
ORD004037,2025-11-01 11:03:30,C00657,여,34,부산,식품,생수24개,3,11900,0.2,신용카드
ORD002527,2026-08-21 18:57:00,C00988,여,31,대전,전자기기,무선이어폰,1,77100,0.3,신용카드
ORD000890,2026-07-12 05:22:04,C01246,남,21,전남,전자기기,블루투스스피커,1,66500,0,간편결제
ORD004678,2026-05-05 07:10:04,C01264,여,59,인천,생활용품,텀블러,1,26800,0.1,계좌이체
ORD002321,2026-02-13 16:19:55,C00682,남,50,대구,식품,원두커피,2,18700,0.15,간편결제
ORD002318,2026-01-31 16:12:17,C01556,여,55,경남,식품,프로틴바,2,22100,0.2,신용카드
ORD002907,2026-05-25 22:51:45,C01049,여,33,대구,식품,생수24개,3,12300,0,계좌이체
ORD004998,2026-05-29 18:30:04,C00018,남,43,경남,생활용품,텀블러,1,25000,0.15,간편결제
ORD000384,2025-02-16 00:27:14,C01123,여,64,대전,식품,즉석밥24개,1,25700,0,무통장입금
ORD002626,2026-09-10 07:36:10,C00151,여,28,울산,식품,원두커피,1,19200,0.2,간편결제
ORD004822,2025-03-06 09:41:22,C00348,여,67,경기,뷰티,클렌징폼,2,16800,0,무통장입금
ORD003624,2026-09-09 06:30:33,C01342,여,23,부산,패션,후드티,1,62200,0,체크카드
ORD004889,2026-06-05 20:07:05,C01537,여,42,대구,식품,견과세트,1,27100,0,간편결제
ORD004790,2025-02-03 09:47:25,C00770,여,42,울산,식품,원두커피,2,18300,0.05,체크카드
ORD000619,2025-05-02 23:15:22,C00917,여,38,울산,패션,셔츠,1,46200,0,신용카드
ORD003192,2025-03-20 11:35:22,C00419,남,33,울산,패션,운동화,1,110300,0,체크카드
ORD001175,2025-03-03 21:05:24,C00176,여,65,경남,패션,셔츠,3,52600,0,무통장입금
ORD003241,2025-11-07 21:08:29,C00121,여,29,대구,뷰티,선크림,2,25000,0,체크카드
ORD004098,2025-12-28 05:29:17,C01338,남,23,울산,식품,즉석밥24개,3,27100,0,무통장입금
ORD004188,2026-05-11 08:29:12,C01398,여,54,광주,전자기기,스마트워치,1,148200,0.1,계좌이체
ORD002036,2025-08-29 12:12:50,C00084,남,51,울산,생활용품,텀블러,1,23600,0.1,
ORD002455,2025-10-05 15:43:25,C00204,여,58,광주,전자기기,블루투스스피커,4,69700,0,무통장입금
ORD000014,2025-05-06 23:43:29,C00032,남,32,전남,생활용품,텀블러,2,23400,0,신용카드
ORD003665,2025-09-07 14:23:24,C01094,남,24,대전,식품,원두커피,1,17300,0.05,계좌이체
ORD000772,2026-08-18 19:44:20,C00938,남,29,경기,생활용품,수건세트,1,32200,0.05,간편결제
ORD003952,2025-09-12 13:27:40,C00546,남,42,경기,뷰티,수분크림,1,33300,0.3,체크카드
ORD004133,2025-10-22 19:54:24,C00807,여,65,서울,패션,백팩,1,84100,0.1,계좌이체
ORD001025,2026-07-08 07:26:55,C00172,남,48,대전,식품,프로틴바,1,21500,0.1,계좌이체
ORD001385,2025-01-11 21:52:11,C00340,여,67,전남,식품,즉석밥24개,2,27300,0.1,신용카드
ORD000121,2026-06-03 16:46:29,C01455,남,20,경남,생활용품,수건세트,1,34200,0.3,무통장입금
ORD001668,2026-07-23 03:59:22,C01338,여,47,경남,뷰티,선크림,1,24400,0.3,신용카드
ORD004636,2025-03-15 19:54:19,C01279,여,37,대전,식품,프로틴바,1,20800,0.1,계좌이체
ORD001636,2025-05-19 12:56:38,C00621,여,29,대전,패션,백팩,4,75100,0.1,계좌이체
ORD004931,2026-04-24 05:44:30,C00029,여,24,부산,식품,원두커피,3,17200,0.15,체크카드
ORD003400,2025-02-05 15:34:14,C00419,여,68,전남,전자기기,보조배터리,1,39300,0.05,무통장입금
ORD003875,2026-09-04 08:53:58,C00134,여,41,대전,생활용품,수납함,1,29000,0,체크카드
ORD000773,2026-04-04 01:59:01,C01457,남,68,광주,식품,생수24개,1,12800,0.3,간편결제
ORD003498,2026-05-20 14:29:15,C00932,남,40,광주,뷰티,선크림,1,25000,0,체크카드
ORD003919,2026-04-10 05:43:58,C01538,여,33,인천,뷰티,클렌징폼,1,15600,0.3,신용카드
ORD001229,2026-03-30 19:16:41,C00797,여,48,부산,뷰티,클렌징폼,1,15200,0.05,간편결제
ORD003896,2025-04-21 07:06:34,C00796,여,59,대구,전자기기,블루투스스피커,1,67300,0,간편결제
ORD003154,2025-10-29 21:29:28,C00167,여,23,울산,생활용품,무선청소기,4,191100,0.1,신용카드
ORD000917,2025-11-17 01:20:09,C01079,여,23,서울,전자기기,무선이어폰,4,74700,0.05,신용카드
ORD000416,2026-05-29 11:16:49,C00405,남,29,울산,식품,프로틴바,1,22500,0,간편결제
ORD004558,2026-03-09 17:23:52,C00668,남,26,부산,생활용품,수건세트,1,32100,0.1,계좌이체
ORD001324,2026-04-12 22:05:46,C01070,남,47,대전,뷰티,샴푸,1,20200,0.15,간편결제
ORD000838,2025-12-17 13:29:33,C00981,여,24,경기,패션,운동화,1,103500,0.1,체크카드
ORD001419,2025-06-16 06:43:26,C00029,여,47,경남,패션,후드티,1,55100,0.1,간편결제
ORD001895,2025-08-15 15:39:26,C00823,남,50,경남,식품,즉석밥24개,1,27900,0.1,간편결제
ORD002923,2026-06-12 08:51:12,C01592,여,19,부산,생활용품,텀블러,2,26900,0.1,체크카드
ORD001574,2025-04-07 21:40:18,C00909,여,33,울산,뷰티,선크림,1,24000,0.05,간편결제
ORD000288,2025-11-22 01:53:18,C00503,여,37,서울,뷰티,수분크림,2,33900,0.05,계좌이체
ORD003307,2025-01-04 04:21:42,C00747,여,62,울산,전자기기,무선이어폰,3,78900,0,계좌이체
ORD004028,2026-03-13 20:18:44,C00186,남,22,광주,식품,프로틴바,3,23500,0.15,무통장입금
ORD003815,2025-08-18 18:20:13,C00226,여,63,경기,식품,프로틴바,1,20500,0.05,무통장입금
ORD001299,2026-06-20 15:17:27,C00088,여,18,전남,식품,프로틴바,3,21500,0.1,계좌이체
ORD000074,2026-06-09 07:38:48,C01391,남,68,광주,패션,셔츠,2,51600,0.2,계좌이체
ORD000709,2025-12-11 08:17:15,C00209,여,34,서울,전자기기,블루투스스피커,2,65200,0.3,계좌이체
ORD001222,2025-10-25 14:28:34,C00507,남,57,전남,생활용품,전기포트,1,48700,0.05,간편결제
ORD001526,2025-04-22 01:44:13,C00031,여,33,경남,뷰티,립틴트,1,19400,0.1,간편결제
ORD003757,2025-03-23 23:57:20,C00808,여,51,부산,전자기기,무선이어폰,2,73600,0.1,신용카드
ORD004389,2026-09-25 08:57:25,C01043,남,58,광주,패션,셔츠,1,47200,0,간편결제
ORD003384,2026-07-29 17:32:45,C01382,여,44,부산,생활용품,텀블러,3,24900,0,간편결제
ORD004329,2025-10-11 12:26:53,C00770,남,63,울산,전자기기,보조배터리,1,38300,0,간편결제
ORD002824,2025-12-14 03:07:26,C01387,여,36,광주,뷰티,선크림,1,25100,0,계좌이체
ORD001206,2026-04-15 12:36:53,C00373,여,39,울산,식품,견과세트,1,28000,0.2,체크카드
ORD003078,2025-04-02 10:22:12,C00890,여,30,경기,패션,셔츠,1,50400,0.1,체크카드
ORD002418,2025-10-07 13:01:47,C00221,여,21,경기,생활용품,전기포트,2,49500,0,체크카드
ORD001751,2026-06-07 05:31:08,C01509,남,58,대전,식품,원두커피,1,18900,0,간편결제
ORD002490,2025-01-09 17:38:48,C01073,남,28,서울,생활용품,무선청소기,2,181700,0.1,간편결제
ORD002909,2025-10-17 01:31:30,C01238,남,20,전남,생활용품,수건세트,3,31500,0.2,간편결제
ORD002987,2026-05-13 09:18:39,C00573,여,44,대전,생활용품,전기포트,1,50200,0,신용카드
ORD004423,2025-08-20 05:44:31,C00498,남,67,울산,뷰티,립틴트,1,17000,0,무통장입금
ORD002876,2025-04-09 21:02:38,C01413,남,52,대구,전자기기,스마트워치,2,164900,0.05,계좌이체
ORD001789,2026-08-19 09:23:47,C01389,남,37,경기,뷰티,수분크림,1,33500,0,무통장입금
ORD004704,2025-02-22 01:18:06,C00819,여,69,대전,패션,백팩,1,77700,0,신용카드
ORD002444,2026-01-02 19:52:42,C00345,남,19,대구,전자기기,스마트워치,2,157000,0.2,계좌이체
ORD002739,2025-12-14 08:03:21,C00016,여,27,인천,생활용품,수납함,1,27300,0.1,계좌이체
ORD000564,2025-10-07 12:27:06,C00393,남,67,광주,뷰티,수분크림,2,31400,0.15,간편결제
ORD002968,2025-06-11 15:06:17,C01367,남,52,대전,뷰티,립틴트,1,18100,0.1,무통장입금
ORD000863,2025-04-14 19:18:22,C01127,남,41,인천,뷰티,선크림,1,25700,0.1,무통장입금
ORD001781,2025-12-10 15:00:24,C00733,여,35,광주,식품,견과세트,1,30700,0,체크카드
ORD004304,2026-06-26 21:04:43,C00515,여,57,인천,식품,생수24개,2,12300,0,무통장입금
ORD004842,2025-08-20 13:25:33,C00291,남,69,울산,생활용품,수납함,1,28900,0.05,무통장입금
ORD004289,2025-12-13 17:31:00,C00371,여,55,경기,뷰티,립틴트,3,17300,0.1,무통장입금
ORD003954,2025-01-08 02:53:28,C01357,여,31,광주,뷰티,수분크림,1,32400,0.1,신용카드
ORD003272,2026-09-08 04:16:28,C00574,남,66,서울,생활용품,무선청소기,2,178000,0.15,체크카드
ORD004161,2026-09-21 21:46:25,C00192,여,18,경기,식품,즉석밥24개,3,25400,0.1,체크카드
ORD003557,2026-03-09 10:25:51,C00642,여,23,광주,패션,백팩,1,83300,0.15,신용카드
ORD003859,2026-04-13 09:24:57,C01511,남,36,대구,생활용품,수건세트,1,33900,0.05,계좌이체
ORD004826,2025-12-08 11:54:34,C01283,여,51,경기,생활용품,수납함,1,28600,0,간편결제
ORD002131,2026-03-03 01:20:39,C01017,남,38,경남,패션,운동화,2,107300,0.15,신용카드
ORD003561,2025-07-17 08:10:57,C00915,여,57,서울,식품,생수24개,3,12900,0,체크카드
ORD004879,2026-09-02 21:16:08,C01408,남,40,광주,식품,프로틴바,1,22300,0,계좌이체
ORD000040,2026-04-28 07:15:24,C00458,여,55,인천,전자기기,블루투스스피커,1,74200,0.15,무통장입금
ORD001267,2026-06-09 17:43:26,C00516,남,21,울산,패션,셔츠,1,50700,0,무통장입금
ORD001850,2026-01-06 15:34:10,C00415,남,56,대구,전자기기,무선이어폰,1,82400,0.15,체크카드
ORD001517,2026-09-15 12:05:30,C01207,여,62,경기,식품,즉석밥24개,2,26700,0.1,계좌이체
ORD003951,2026-05-28 11:47:54,C00952,여,34,경남,생활용품,전기포트,1,48100,0.1,체크카드
ORD004776,2025-11-01 02:37:16,C00423,남,35,대전,생활용품,전기포트,3,51800,0.1,무통장입금
ORD001884,2025-07-07 07:33:19,C00407,남,21,대전,생활용품,무선청소기,1,195400,0.05,무통장입금
ORD003618,2025-05-05 01:42:50,C00889,남,60,부산,전자기기,기계식키보드,4,89600,0.1,무통장입금
ORD002075,2026-02-18 05:48:05,C01001,남,35,경기,생활용품,텀블러,1,26300,0,계좌이체
ORD002014,2026-07-30 11:44:26,C01522,남,62,경남,생활용품,수납함,1,27400,0.3,체크카드
ORD004480,2026-09-17 07:33:42,C01514,여,34,대구,뷰티,수분크림,1,32900,0.1,신용카드
ORD000811,2026-04-21 22:01:19,C00507,여,40,울산,패션,운동화,3,101300,0.05,간편결제
ORD004976,2026-04-21 08:06:31,C00119,여,45,부산,패션,셔츠,1,48800,0,계좌이체
ORD002767,2025-01-02 23:42:38,C01493,여,26,전남,생활용품,무선청소기,1,174300,0.05,신용카드
ORD003123,2025-02-02 21:45:43,C00711,여,64,울산,생활용품,텀블러,1,26200,0.05,간편결제
ORD004662,2025-03-09 23:37:07,C01426,남,66,부산,식품,프로틴바,3,21700,0,계좌이체
ORD002884,2025-03-04 23:09:33,C01069,여,55,대전,전자기기,보조배터리,1,40300,0,체크카드
ORD001695,2025-02-11 02:32:56,C01279,여,39,서울,패션,셔츠,1,49700,0.2,무통장입금
ORD001741,2026-09-06 11:29:34,C00590,여,46,대전,전자기기,무선이어폰,3,83300,0,무통장입금
ORD000021,2025-04-17 07:03:06,C01266,여,62,인천,뷰티,수분크림,2,32000,0.2,체크카드
ORD002349,2025-12-10 10:58:01,C00626,남,67,서울,뷰티,수분크림,1,30500,0.1,체크카드
ORD003230,2025-01-28 17:12:52,C00842,남,58,경기,패션,후드티,1,55900,0.1,신용카드
ORD004130,2025-01-31 10:42:08,C00623,여,29,대전,뷰티,선크림,4,24600,0,무통장입금
ORD002319,2025-04-24 22:07:23,C00414,남,47,대전,전자기기,무선이어폰,1,76100,0.2,체크카드
ORD002362,2025-02-20 01:24:04,C01136,남,68,대전,패션,백팩,2,80700,0,간편결제
ORD003328,2025-07-16 03:03:08,C01060,남,22,서울,전자기기,스마트워치,1,157800,0.1,간편결제
ORD004088,2026-08-05 20:58:04,C00129,남,46,광주,뷰티,클렌징폼,1,16300,0,계좌이체
ORD004677,2025-12-14 08:32:26,C01022,남,43,인천,뷰티,클렌징폼,1,15400,0.1,무통장입금
ORD003127,2026-06-07 01:04:17,C01127,남,35,전남,식품,즉석밥24개,4,26800,0.05,계좌이체
ORD002413,2025-04-01 20:07:56,C00151,남,53,광주,전자기기,스마트워치,2,157100,0.05,무통장입금
ORD001523,2025-08-14 04:37:41,C01310,여,31,광주,전자기기,스마트워치,1,159600,0.1,무통장입금
ORD002081,2025-01-13 21:33:49,C00079,여,63,인천,식품,견과세트,1,30300,0.3,계좌이체
ORD000553,2025-03-09 03:38:35,C00120,여,61,울산,생활용품,무선청소기,2,193400,0,신용카드
ORD004846,2025-10-06 17:07:37,C01381,여,18,부산,생활용품,무선청소기,1,174600,0,신용카드
ORD004622,2026-09-26 05:54:30,C01258,남,20,대구,식품,견과세트,3,26800,0.2,
ORD003894,2025-10-17 22:32:58,C00308,여,22,대전,뷰티,샴푸,1,20600,0.1,신용카드
ORD003369,2026-02-12 10:57:55,C00373,여,28,대구,식품,원두커피,2,18900,0.1,신용카드
ORD004888,2026-02-10 17:36:28,C00883,남,45,전남,전자기기,블루투스스피커,1,71600,0.2,신용카드
ORD000383,2025-09-06 04:34:56,C00303,여,30,부산,식품,원두커피,1,17900,0.05,체크카드
ORD001542,2025-11-13 10:37:07,C00002,여,18,서울,전자기기,보조배터리,1,41800,0,체크카드
ORD000742,2025-10-13 16:59:58,C00442,여,67,대전,전자기기,무선이어폰,1,85000,0,체크카드
ORD003874,2026-01-25 21:28:15,C01150,남,60,대전,생활용품,수건세트,5,33200,0.3,무통장입금
ORD000756,2025-03-14 10:34:34,C00539,남,45,대전,전자기기,기계식키보드,2,90800,0,체크카드
ORD000088,2025-12-27 04:23:43,C01226,남,29,서울,뷰티,수분크림,3,31100,0,체크카드
ORD002033,2025-10-17 10:19:55,C00034,남,40,광주,생활용품,수납함,1,26200,0.1,무통장입금
ORD003810,2025-05-11 02:58:38,C01431,여,24,경남,생활용품,수건세트,1,32800,0.1,신용카드
ORD000216,2025-07-27 01:58:39,C00586,남,65,울산,전자기기,기계식키보드,2,91300,0.05,체크카드
ORD001308,2025-06-05 20:25:56,C00547,여,64,대전,패션,셔츠,1,51300,0,무통장입금
ORD000249,2025-03-31 14:13:08,C01516,남,35,서울,생활용품,텀블러,1,24200,0,체크카드
ORD002515,2025-03-15 20:10:55,C01290,남,31,인천,뷰티,선크림,2,23100,0.1,신용카드
ORD003177,2025-08-09 22:19:01,C00320,여,57,부산,패션,운동화,1,109900,0,간편결제
ORD001910,2025-07-28 03:42:49,C01131,남,66,경기,전자기기,기계식키보드,4,95100,0.3,무통장입금
ORD003375,2025-12-29 16:56:53,C01257,남,22,경남,생활용품,수납함,1,28000,0,체크카드
ORD002160,2025-11-02 10:29:53,C00809,여,66,울산,전자기기,보조배터리,2,41800,0.2,체크카드
ORD002442,2025-05-11 00:28:14,C00825,남,45,경남,패션,후드티,4,58200,0,무통장입금
ORD000829,2025-03-12 00:48:22,C01380,남,43,전남,뷰티,립틴트,1,17700,0.1,체크카드
ORD001108,2025-10-30 22:34:03,C01585,여,69,대구,생활용품,전기포트,2,50300,0.1,신용카드
ORD004131,2025-03-25 15:06:24,C00782,남,69,광주,전자기기,스마트워치,1,171200,0.1,계좌이체
ORD003305,2025-10-31 00:01:04,C00126,남,51,부산,패션,청바지,1,74500,0,체크카드
ORD004013,2025-10-29 01:09:29,C01366,남,37,경기,패션,백팩,1,79300,0,무통장입금
ORD000871,2025-07-22 04:40:33,C01202,여,61,경남,뷰티,수분크림,2,32100,0.1,계좌이체
ORD000283,2026-04-04 07:51:06,C01213,여,60,경남,전자기기,무선이어폰,4,76100,0.1,간편결제
ORD004612,2025-11-12 07:07:20,C01479,여,66,경남,식품,견과세트,1,30900,0.1,무통장입금
ORD001556,2025-08-24 09:02:16,C01277,남,68,울산,식품,프로틴바,1,21200,0.1,간편결제
ORD000785,2025-08-29 04:28:06,C00021,남,48,경기,패션,청바지,1,70500,0,간편결제
ORD002451,2025-09-06 09:47:18,C00857,남,38,서울,뷰티,수분크림,1,34000,0,간편결제
ORD002186,2026-05-11 08:51:36,C00537,남,44,경기,생활용품,수건세트,1,34000,0.15,체크카드
ORD002097,2025-05-05 01:18:08,C01058,여,59,경남,생활용품,수건세트,1,33800,0,계좌이체
ORD004968,2025-06-09 21:06:18,C01048,여,61,대구,패션,청바지,1,70000,0.2,무통장입금
ORD003744,2025-08-04 21:33:02,C00984,여,52,전남,뷰티,선크림,2,23300,0,체크카드
ORD003358,2026-02-11 18:34:08,C00933,여,58,경남,전자기기,보조배터리,1,37800,0.1,신용카드
ORD000975,2025-08-23 09:40:24,C01053,여,50,경남,패션,백팩,2,78800,0,간편결제
ORD004086,2025-11-29 10:22:26,C01155,남,35,전남,패션,운동화,2,108100,0.3,계좌이체
ORD004700,2025-04-30 01:53:27,C00001,남,31,서울,전자기기,보조배터리,1,40000,0.1,신용카드
ORD001710,2025-10-18 11:27:24,C00045,남,57,경남,생활용품,텀블러,2,24500,0,계좌이체
ORD002792,2025-07-07 00:07:43,C00098,여,56,대전,전자기기,보조배터리,1,37700,0,계좌이체
ORD003741,2026-08-31 11:49:37,C00546,남,61,대전,전자기기,무선이어폰,1,77300,0.1,신용카드
ORD000880,2026-03-02 19:54:40,C01513,여,30,울산,생활용품,수납함,1,28700,0.05,체크카드
ORD004294,2025-12-17 18:09:20,C00828,여,64,경남,전자기기,무선이어폰,1,76600,0,무통장입금
ORD001060,2026-08-11 13:47:31,C00922,여,22,인천,전자기기,기계식키보드,1,91000,0,무통장입금
ORD001519,2025-06-21 22:11:22,C00177,여,34,서울,전자기기,보조배터리,1,35900,0.05,체크카드
ORD004103,2025-07-13 09:51:22,C01317,여,53,광주,패션,백팩,2,82800,0.2,간편결제
ORD001437,2026-07-16 18:12:47,C01556,남,64,대구,패션,운동화,2,112400,0,무통장입금
ORD000001,2025-12-26 10:57:45,C01319,여,64,서울,식품,견과세트,2,29800,0.1,신용카드
ORD001423,2025-12-28 02:54:51,C01061,여,38,광주,패션,운동화,2,105000,0,무통장입금
ORD002275,2026-03-08 06:30:55,C00218,남,20,전남,뷰티,클렌징폼,3,16000,0.3,간편결제
ORD001882,2025-01-12 06:04:11,C00601,여,66,인천,전자기기,블루투스스피커,1,71500,0.1,무통장입금
ORD002919,2025-09-25 04:38:24,C01013,남,33,울산,뷰티,립틴트,1,18200,0.2,무통장입금
ORD000584,2025-01-08 21:13:17,C00678,남,21,대전,뷰티,립틴트,2,17900,0,신용카드
ORD000857,2025-11-04 20:29:41,C00133,여,45,경남,패션,백팩,2,74200,0.05,신용카드
ORD002107,2026-05-31 17:29:10,C00722,남,33,울산,패션,셔츠,4,48100,0.05,신용카드
ORD001335,2025-03-13 16:53:55,C01148,여,65,서울,패션,셔츠,1,46500,0.2,신용카드
ORD002750,2026-02-19 20:34:07,C01499,남,23,울산,뷰티,선크림,2,23300,0.1,체크카드
ORD004852,2025-07-29 19:27:27,C01324,여,22,전남,식품,생수24개,1,12800,0.3,무통장입금
ORD003207,2025-12-23 13:33:27,C00460,남,25,부산,패션,백팩,1,82300,0.1,무통장입금
ORD001043,2026-07-13 18:01:05,C00201,남,56,경기,전자기기,스마트워치,2,150400,0.1,신용카드
ORD002177,2026-02-09 02:01:26,C00280,남,54,경기,전자기기,보조배터리,2,38100,0,신용카드
ORD003163,2025-07-14 12:26:15,C00752,남,37,서울,전자기기,블루투스스피커,2,67500,0,간편결제
ORD002264,2026-06-08 06:14:46,C01314,남,41,경기,식품,원두커피,1,19400,0.05,체크카드
ORD004572,2025-05-14 04:53:18,C01493,여,47,경기,뷰티,클렌징폼,1,15900,0.1,신용카드
ORD003503,2025-02-10 20:15:28,C00943,남,45,광주,뷰티,클렌징폼,1,16100,0.05,체크카드
ORD000399,2025-07-12 18:56:57,C01108,여,56,전남,전자기기,기계식키보드,1,95200,0,간편결제
ORD002285,2026-01-24 01:17:52,C00767,남,47,인천,전자기기,무선이어폰,2,77100,0.1,계좌이체
ORD000916,2026-08-25 18:53:02,C01591,여,44,광주,식품,생수24개,1,11700,0.1,신용카드
ORD004474,2026-05-07 05:18:51,C00562,여,61,전남,뷰티,선크림,1,25500,0.2,간편결제
ORD001439,2025-03-18 02:26:32,C00288,여,41,부산,식품,프로틴바,3,21100,0.2,간편결제
ORD002029,2025-07-14 00:49:47,C00335,여,63,서울,생활용품,전기포트,2,46300,0.1,간편결제
ORD003244,2025-12-01 01:55:07,C00450,여,58,경남,생활용품,텀블러,1,25500,0.05,신용카드
ORD001818,2025-03-27 20:53:41,C00857,여,26,대구,뷰티,선크림,1,22700,0,간편결제
ORD004778,2025-08-14 13:33:21,C01290,남,49,경기,식품,원두커피,4,17300,0,체크카드
ORD003579,2025-12-03 07:48:36,C01406,남,62,서울,전자기기,무선이어폰,1,80000,0,신용카드
ORD002931,2026-02-06 13:47:42,C00425,남,,울산,패션,백팩,1,81800,0,간편결제
ORD000757,2025-04-01 02:49:25,C01264,여,44,전남,생활용품,수건세트,1,32000,0.05,계좌이체
ORD002796,2026-02-01 01:15:41,C00482,남,45,전남,생활용품,수건세트,2,33600,0.05,체크카드
ORD002168,2026-01-04 16:30:31,C01306,남,22,대구,전자기기,기계식키보드,1,83000,0.2,신용카드
ORD004018,2025-11-10 20:27:55,C00731,남,64,인천,패션,백팩,1,84000,0,간편결제
ORD004746,2025-09-11 09:02:04,C00603,여,26,대구,전자기기,무선이어폰,2,76400,0,간편결제
ORD001417,2026-09-11 21:07:37,C00652,여,67,울산,생활용품,전기포트,2,49500,0.1,체크카드
ORD002770,2026-06-01 07:45:32,C00734,남,36,전남,전자기기,기계식키보드,1,89400,0.15,무통장입금
ORD002525,2026-05-24 01:25:23,C01014,남,58,전남,뷰티,립틴트,2,18100,0,무통장입금
ORD003792,2025-01-31 15:46:47,C00562,여,69,광주,생활용품,텀블러,3,25200,0,계좌이체
ORD002936,2026-08-01 12:39:50,C01265,남,51,경기,전자기기,보조배터리,1,41200,0,계좌이체
ORD000397,2025-09-27 03:21:17,C01141,남,55,광주,생활용품,텀블러,1,24000,0.1,무통장입금
ORD002214,2025-01-20 02:52:38,C00397,여,51,서울,식품,프로틴바,2,20700,0.3,체크카드
ORD001445,2026-06-13 20:48:24,C00760,여,42,서울,생활용품,수납함,2,26900,0.05,신용카드
ORD003037,2026-03-10 20:06:11,C00966,여,61,경기,식품,프로틴바,2,20600,0.1,간편결제
ORD004649,2026-02-22 03:02:42,C00025,남,60,울산,뷰티,선크림,1,25300,0.1,계좌이체
ORD003843,2025-12-23 03:55:45,C00129,여,54,경남,뷰티,립틴트,2,18900,0.05,간편결제
ORD000643,2026-08-13 19:56:42,C01055,남,53,대구,패션,백팩,1,83700,0.1,간편결제
ORD001656,2026-08-08 18:07:02,C00810,여,48,경기,전자기기,보조배터리,1,40100,0.1,신용카드
ORD004434,2025-07-09 21:14:20,C00755,남,34,경기,패션,후드티,1,61300,0.15,체크카드
ORD003436,2025-06-20 14:07:28,C00763,여,58,울산,식품,견과세트,1,31300,0.05,계좌이체
ORD002803,2025-06-24 13:03:22,C01108,여,50,광주,전자기기,스마트워치,2,167300,0.05,체크카드
ORD004008,2025-03-16 20:44:42,C01230,남,24,광주,뷰티,선크림,1,22200,0,무통장입금
ORD002359,2025-06-27 17:17:05,C00734,여,63,대구,뷰티,클렌징폼,1,14800,0.15,신용카드
ORD000637,2026-05-24 18:51:35,C00355,남,45,인천,패션,백팩,1,75900,0,간편결제
ORD002040,2026-08-12 01:23:32,C01584,여,,대전,패션,후드티,1,57000,0,신용카드
ORD001367,2025-05-21 01:28:46,C00592,남,48,대구,뷰티,클렌징폼,1,15800,0,체크카드
ORD003367,2025-10-21 00:45:15,C01321,남,32,서울,생활용품,수건세트,4,31600,0,신용카드
ORD003470,2026-05-02 11:22:43,C01575,여,27,경기,생활용품,텀블러,2,25500,0,무통장입금
ORD000341,2025-04-26 20:47:05,C01111,여,38,부산,전자기기,보조배터리,1,40500,0.05,체크카드
ORD000796,2025-05-01 18:17:33,C00358,남,65,대구,패션,셔츠,1,47500,0.1,무통장입금
ORD003973,2026-04-23 04:34:29,C00116,여,36,인천,뷰티,립틴트,2,16900,0,계좌이체
ORD004094,2025-02-20 08:44:39,C00941,남,19,인천,전자기기,블루투스스피커,1,74500,0.05,무통장입금
ORD000301,2025-05-08 11:07:34,C00398,남,56,전남,패션,청바지,1,64200,0.05,신용카드
ORD004184,2026-02-08 11:56:43,C00570,남,66,부산,전자기기,보조배터리,1,36100,0,신용카드
ORD004713,2025-12-26 15:42:27,C00741,남,45,대전,패션,셔츠,1,45600,0.1,간편결제
ORD003428,2026-04-15 21:41:33,C01298,여,28,서울,식품,생수24개,1,11300,0.05,체크카드
ORD000175,2026-04-03 11:13:21,C00518,남,39,서울,패션,백팩,2,81900,0.05,간편결제
ORD000775,2025-03-10 16:05:42,C01409,여,53,울산,식품,프로틴바,3,23700,0,무통장입금
ORD000506,2025-07-07 22:43:58,C00346,여,54,부산,패션,후드티,3,60900,0.15,신용카드
ORD004469,2026-07-07 20:00:33,C00715,남,47,인천,뷰티,샴푸,1,21100,0,간편결제
ORD001476,2025-11-24 11:19:31,C00174,남,52,전남,생활용품,수납함,1,27100,0,체크카드
ORD001712,2026-06-19 15:51:12,C01452,여,37,광주,패션,운동화,2,103800,0.1,계좌이체
ORD003753,2025-05-11 11:16:18,C01350,남,49,인천,전자기기,기계식키보드,1,85800,0.05,간편결제
ORD004302,2026-07-25 06:37:43,C00447,남,26,울산,식품,생수24개,1,12600,0.05,계좌이체
ORD003162,2025-07-30 23:20:14,C01249,남,69,대구,뷰티,수분크림,2,32500,0,신용카드
ORD004046,2026-02-01 00:55:39,C00254,여,39,울산,패션,셔츠,1,50100,0,간편결제
ORD003044,2025-05-16 13:32:53,C01558,여,36,경남,뷰티,수분크림,5,32300,0.15,계좌이체
ORD000060,2025-08-02 20:01:22,C00877,남,49,부산,전자기기,기계식키보드,3,82500,0.05,체크카드
ORD004515,2026-09-23 00:48:56,C00336,여,60,부산,패션,청바지,1,64800,0.1,무통장입금
ORD000968,2025-10-06 01:50:38,C01011,여,37,대구,식품,즉석밥24개,2,26300,0.1,간편결제
ORD003003,2025-05-18 00:09:52,C01277,남,38,경남,생활용품,텀블러,1,26000,0,계좌이체
ORD000436,2026-09-23 18:59:32,C00061,여,20,경남,전자기기,블루투스스피커,2,70100,0.05,신용카드
ORD004559,2026-08-20 02:14:00,C01093,여,57,대전,식품,원두커피,2,17300,0.05,신용카드
ORD001113,2025-02-07 17:36:16,C00084,여,55,경기,패션,운동화,1,105800,0,간편결제
ORD004442,2025-06-03 23:58:51,C01313,여,21,울산,패션,백팩,3,79500,0,체크카드
ORD004954,2025-03-22 14:17:46,C01250,남,51,울산,전자기기,블루투스스피커,2,69200,0.05,무통장입금
ORD001165,2025-06-09 12:11:30,C00029,여,59,서울,전자기기,스마트워치,3,156100,0.15,간편결제
ORD000421,2025-01-26 05:05:58,C01528,여,48,대구,뷰티,샴푸,1,22100,0,계좌이체
ORD003299,2025-09-02 22:12:31,C00179,남,67,대전,식품,생수24개,1,11200,0.05,무통장입금
ORD001479,2025-02-27 03:14:42,C01495,여,32,대구,패션,청바지,1,68100,0.1,무통장입금
ORD004060,2026-08-04 20:21:10,C01296,남,65,대구,생활용품,수건세트,3,32500,0,신용카드
ORD001487,2026-01-16 07:11:13,C00793,남,42,대전,생활용품,무선청소기,1,178900,0,무통장입금
ORD001889,2025-07-06 13:41:11,C00431,남,46,경남,뷰티,립틴트,1,16600,0,무통장입금
ORD003337,2026-01-09 02:43:54,C01415,남,56,인천,전자기기,기계식키보드,1,82700,0,무통장입금
ORD000646,2026-09-04 01:45:22,C00276,남,47,전남,식품,원두커피,3,16700,0.05,체크카드
ORD002940,2026-04-23 07:27:44,C00527,남,65,대전,패션,청바지,2,67400,0.1,계좌이체
ORD003312,2026-02-11 07:04:00,C00415,여,39,전남,생활용품,전기포트,2,48000,0,체크카드
ORD001863,2026-08-26 16:10:13,C00292,남,31,대구,전자기기,블루투스스피커,1,65800,0,신용카드
ORD002111,2026-01-08 17:31:39,C01343,남,53,광주,패션,백팩,1,84400,0.05,계좌이체
ORD001086,2025-11-20 19:47:32,C01017,남,23,울산,전자기기,블루투스스피커,1,64500,0.3,간편결제
ORD003029,2026-04-27 00:50:02,C00615,여,31,전남,전자기기,무선이어폰,1,85300,0.2,신용카드
ORD004425,2025-02-08 09:45:13,C00033,남,64,인천,뷰티,샴푸,1,19300,0,무통장입금
ORD003634,2025-06-16 23:42:28,C00610,여,61,울산,뷰티,샴푸,1,21900,0.2,간편결제
ORD000706,2025-03-29 23:17:07,C01212,남,18,대구,패션,운동화,2,116600,0.2,계좌이체
ORD003315,2025-05-10 05:26:11,C00468,남,36,인천,패션,셔츠,1,50900,0.15,신용카드
ORD001140,2026-07-25 14:19:36,C00986,남,28,전남,생활용품,수납함,1,28700,0,무통장입금
ORD001557,2025-05-25 20:01:42,C01524,여,66,대전,뷰티,수분크림,3,34300,0.1,신용카드
ORD003573,2026-01-08 04:38:06,C00557,남,24,대전,전자기기,보조배터리,1,38300,0,무통장입금
ORD004417,2026-04-21 12:39:21,C00994,남,28,대전,식품,생수24개,1,12500,0.2,신용카드
ORD001279,2026-01-29 17:52:48,C00519,여,65,경남,패션,셔츠,2,52200,0,신용카드
ORD002277,2026-07-12 23:25:24,C00727,남,44,인천,뷰티,샴푸,2,20800,0,체크카드
ORD001371,2025-12-05 22:07:10,C00869,여,18,광주,생활용품,전기포트,1,49300,0.15,간편결제
ORD003465,2026-07-28 09:25:37,C00347,여,37,광주,식품,견과세트,2,29600,0.3,무통장입금
ORD001600,2025-11-09 11:13:45,C01227,여,36,대전,패션,운동화,2,115900,0,무통장입금
ORD003617,2025-08-01 07:15:02,C00028,여,54,광주,식품,견과세트,1,29100,0.15,계좌이체
ORD001879,2026-04-02 13:36:38,C00171,남,58,경기,전자기기,무선이어폰,1,73700,0.15,체크카드
ORD002291,2025-06-21 02:31:38,C00511,여,24,경남,패션,후드티,5,61600,0.1,체크카드
ORD003903,2026-04-11 05:27:37,C01575,여,38,대전,식품,프로틴바,1,23600,0.15,계좌이체
ORD003203,2025-09-17 10:51:28,C01054,남,51,경기,생활용품,수건세트,1,32100,0,계좌이체
ORD004238,2025-01-03 03:27:25,C01346,남,41,울산,패션,운동화,5,105600,0,체크카드
ORD000343,2025-01-19 15:23:22,C00775,여,50,인천,패션,후드티,1,58100,0.1,간편결제
ORD003622,2025-04-10 20:48:39,C01028,남,19,대전,뷰티,샴푸,1,21700,0.15,무통장입금
ORD000045,2026-07-08 13:17:39,C00554,여,49,울산,생활용품,무선청소기,1,196900,0.15,무통장입금
ORD001828,2025-09-01 22:35:08,C00426,남,25,대전,전자기기,보조배터리,3,37400,0.1,신용카드
ORD001125,2025-06-26 10:49:02,C00766,여,38,광주,뷰티,클렌징폼,2,16100,0.2,간편결제
ORD000639,2025-07-24 03:11:50,C01542,여,39,경남,패션,셔츠,4,49700,0,계좌이체
ORD002633,2026-01-12 21:56:11,C00892,남,59,경기,생활용품,텀블러,2,24300,0.1,계좌이체
ORD000061,2025-08-29 10:12:15,C00094,여,24,경기,생활용품,무선청소기,1,187900,0.05,체크카드
ORD004915,2025-08-22 07:25:14,C01046,여,33,전남,패션,후드티,1,62500,0.2,무통장입금
ORD003657,2026-09-25 04:11:38,C01411,여,,경기,패션,청바지,1,72200,0.1,계좌이체
ORD002323,2025-04-10 15:42:42,C00229,남,48,전남,전자기기,블루투스스피커,4,71400,0.15,신용카드
ORD002395,2025-08-09 10:12:54,C01101,남,26,인천,식품,생수24개,2,12500,0,계좌이체
ORD000124,2025-04-16 20:52:28,C00979,남,52,전남,패션,운동화,1,112300,0.1,계좌이체
ORD001220,2026-01-11 11:09:31,C00022,여,40,울산,뷰티,샴푸,1,22000,0.05,신용카드
ORD003818,2025-10-02 05:43:23,C00111,여,60,인천,패션,운동화,1,113400,0.1,체크카드
ORD001714,2025-01-29 18:58:33,C01474,남,20,울산,생활용품,수건세트,2,33100,0.05,체크카드
ORD003034,2026-05-05 01:38:19,C01106,여,23,울산,전자기기,기계식키보드,1,88700,0.2,신용카드
ORD004309,2025-06-18 04:15:05,C00193,여,41,경남,식품,생수24개,1,11300,0.1,계좌이체
ORD003609,2025-05-04 07:27:37,C00256,여,42,광주,생활용품,무선청소기,1,179200,0.2,체크카드
ORD004163,2025-06-21 08:23:00,C00675,여,41,서울,식품,원두커피,1,18600,0.2,체크카드
ORD000279,2025-02-26 05:59:56,C00641,남,69,인천,식품,원두커피,1,17600,0.05,무통장입금
ORD003723,2025-03-09 02:14:56,C01558,남,29,대전,뷰티,클렌징폼,4,16900,0,계좌이체
ORD001022,2025-09-15 17:39:07,C00677,여,23,서울,식품,생수24개,1,11300,0.1,계좌이체
ORD003233,2025-04-29 09:53:18,C01584,남,54,부산,뷰티,수분크림,1,31200,0.1,체크카드
ORD000230,2025-07-29 20:45:53,C01279,남,58,경기,생활용품,무선청소기,4,185400,0.15,체크카드
ORD002235,2026-01-12 19:40:55,C00618,남,52,전남,식품,견과세트,3,27300,0,간편결제
ORD001995,2026-07-31 00:41:08,C00560,여,57,광주,패션,셔츠,1,45200,0.15,계좌이체
ORD004260,2025-02-28 01:00:18,C01230,여,28,인천,식품,즉석밥24개,1,28600,0,체크카드
ORD004994,2026-03-03 22:03:35,C01322,남,52,부산,뷰티,클렌징폼,5,16400,0.1,무통장입금
ORD002364,2025-09-13 06:30:03,C01545,,34,인천,식품,생수24개,2,12700,0.15,무통장입금
ORD000454,2025-04-11 10:59:22,C00220,남,27,전남,전자기기,블루투스스피커,1,64100,0,체크카드
ORD002538,2025-09-06 11:58:25,C00272,남,66,부산,전자기기,스마트워치,2,149800,0,체크카드
ORD001148,2026-06-07 21:24:01,C00479,여,58,대전,전자기기,블루투스스피커,2,72600,0.05,간편결제
ORD003603,2025-09-13 16:13:08,C00188,여,33,경남,생활용품,수납함,2,29500,0.05,무통장입금
ORD003477,2025-10-11 19:16:16,C01407,남,45,경기,식품,즉석밥24개,1,25500,0.1,무통장입금
ORD000275,2025-12-06 01:56:30,C01379,여,28,광주,식품,원두커피,1,16600,0.1,신용카드
ORD003835,2025-01-23 14:32:39,C00023,남,45,경남,패션,후드티,1,57400,0.1,무통장입금
ORD000378,2025-08-29 03:49:41,C01585,남,50,,식품,즉석밥24개,1,28900,0.05,간편결제
ORD003366,2025-06-08 10:48:22,C00594,여,41,인천,식품,생수24개,3,11200,0,간편결제
ORD004277,2026-03-13 18:59:48,C00047,여,62,서울,전자기기,기계식키보드,3,84900,0.15,신용카드
ORD003118,2025-06-18 18:17:38,C00844,남,64,대전,패션,셔츠,1,47400,0.05,무통장입금
ORD001799,2025-02-21 19:32:09,C00422,여,56,울산,생활용품,무선청소기,1,200500,0.15,무통장입금
ORD004203,2026-09-15 08:57:38,C01098,여,53,부산,뷰티,선크림,1,24700,0.05,신용카드
ORD000501,2026-05-20 23:07:28,C00772,남,57,대전,뷰티,클렌징폼,1,15700,0.05,체크카드
ORD001295,2025-03-26 07:13:59,C01115,여,26,,뷰티,샴푸,5,22000,0,무통장입금
ORD003787,2025-03-24 17:30:03,C00257,남,36,서울,전자기기,무선이어폰,4,73700,0.05,무통장입금
ORD003631,2026-05-25 22:05:03,C00934,여,43,경남,생활용품,수납함,1,28600,0.3,신용카드
ORD001538,2025-10-08 05:38:10,C00888,남,59,대구,식품,즉석밥24개,1,27500,0.15,체크카드
ORD000325,2025-07-21 03:54:15,C00389,남,39,경남,패션,백팩,1,83900,0.1,간편결제
ORD000811,2026-04-21 22:01:19,C00507,여,40,울산,패션,운동화,3,101300,0.05,간편결제
ORD001620,2026-09-08 21:19:11,C00969,여,20,울산,생활용품,텀블러,1,25700,0.05,무통장입금
ORD002903,2025-01-22 03:35:29,C01382,여,47,광주,식품,견과세트,2,28800,0.1,신용카드
ORD004049,2025-01-20 10:25:57,C00586,남,29,인천,패션,셔츠,2,52400,0,무통장입금
ORD003763,2025-10-26 01:24:14,C00206,남,59,부산,식품,프로틴바,1,21400,0.05,무통장입금
ORD003478,2026-03-16 12:29:01,C00905,여,26,울산,식품,원두커피,1,17300,0.1,무통장입금
ORD000267,2025-12-19 17:33:06,C00642,여,63,경남,생활용품,수납함,1,25900,0.1,간편결제
ORD000589,2026-01-25 14:51:04,C00029,남,66,경남,뷰티,클렌징폼,1,15500,0,신용카드
ORD004727,2025-11-13 02:45:58,C00470,여,22,경기,뷰티,립틴트,5,18400,0,간편결제
ORD001605,2026-01-23 04:08:52,C01347,남,54,부산,전자기기,무선이어폰,1,80900,0.1,체크카드
ORD001363,2026-07-24 20:33:34,C00871,여,29,경남,패션,백팩,1,75100,0.1,신용카드
ORD003578,2026-01-04 03:39:23,C01556,여,69,대전,식품,즉석밥24개,1,27500,0.1,무통장입금
ORD001507,2026-09-19 14:20:16,C00298,여,45,울산,생활용품,수납함,1,27200,0,체크카드
ORD001830,2025-05-26 08:20:12,C00689,남,56,인천,뷰티,수분크림,1,31100,0,간편결제
ORD004002,2025-02-15 09:52:35,C00302,여,39,울산,생활용품,수납함,2,29900,0.1,계좌이체
ORD004065,2025-10-27 19:23:30,C00691,남,55,서울,식품,생수24개,3,11400,0.05,체크카드
ORD000263,2025-12-12 10:30:06,C00634,남,54,경기,전자기기,블루투스스피커,2,73400,0.05,신용카드
ORD000799,2025-08-12 19:54:38,C00338,여,20,서울,전자기기,무선이어폰,1,84600,0.1,계좌이체
ORD002628,2026-09-06 14:04:53,C01383,남,41,울산,전자기기,기계식키보드,2,86700,0.1,계좌이체
ORD003773,2025-08-25 14:14:48,C01549,남,19,전남,전자기기,보조배터리,2,37300,0.15,신용카드
ORD004251,2025-07-21 02:31:46,C00389,남,58,전남,패션,백팩,1,85000,0.15,신용카드
ORD000854,2026-07-15 16:02:31,C00017,남,44,대구,패션,운동화,2,103800,0.1,신용카드
ORD001524,2025-10-15 09:00:55,C00438,여,23,경기,뷰티,샴푸,1,20300,0.3,신용카드
ORD001089,2026-01-06 13:34:59,C01051,여,36,서울,패션,후드티,1,62100,0.1,신용카드
ORD004496,2025-04-16 00:04:24,C00783,남,40,부산,뷰티,클렌징폼,1,15200,0.15,체크카드
ORD003061,2025-09-27 15:01:12,C00627,여,45,인천,생활용품,전기포트,1,47100,0,신용카드
ORD004345,2026-03-08 23:31:53,C00808,여,29,인천,식품,프로틴바,1,20800,0,체크카드
ORD000025,2026-05-12 22:36:14,C00230,남,51,전남,뷰티,샴푸,2,22300,0.15,체크카드
ORD003887,2025-03-02 03:14:15,C00787,여,46,서울,식품,즉석밥24개,2,25000,0.05,신용카드
ORD001638,2025-03-12 03:04:23,C01558,남,22,경기,뷰티,클렌징폼,1,17000,0,체크카드
ORD000950,2025-06-10 07:28:29,C00530,남,21,경기,뷰티,립틴트,2,18000,0.2,체크카드
ORD003196,2026-01-18 09:40:42,C01327,여,31,경기,패션,운동화,1,104900,0,신용카드
ORD004581,2026-08-30 15:11:09,C00730,여,40,울산,뷰티,수분크림,1,31400,0.2,신용카드
ORD000694,2025-10-12 16:40:59,C01008,여,41,경남,전자기기,무선이어폰,1,77100,0.1,계좌이체
ORD003232,2026-08-14 20:17:34,C01216,남,38,광주,식품,견과세트,2,30400,0.05,체크카드
ORD000615,2025-12-10 20:19:45,C00177,남,23,광주,뷰티,선크림,1,25500,0,무통장입금
ORD002077,2025-08-05 22:39:59,C00928,남,30,서울,생활용품,수건세트,1,30700,0.1,간편결제
ORD004222,2025-05-03 19:48:43,C00596,남,27,광주,패션,셔츠,1,51200,0.1,간편결제
ORD000046,2025-12-11 04:11:27,C00160,남,65,광주,패션,셔츠,2,49800,0.2,무통장입금
ORD003841,2025-01-25 20:48:19,C00751,남,25,광주,전자기기,블루투스스피커,1,72100,0.1,체크카드
ORD001681,2025-03-09 02:28:37,C01127,남,24,울산,생활용품,텀블러,1,23900,0.1,계좌이체
ORD000595,2025-10-26 18:05:18,C00794,남,64,부산,생활용품,수건세트,1,30400,0.1,무통장입금
ORD000319,2025-07-18 19:50:48,C00210,남,22,서울,뷰티,선크림,1,22800,0.15,무통장입금
ORD001918,2026-01-05 06:05:47,C00289,남,47,인천,패션,셔츠,1,47500,0,간편결제
ORD002612,2026-05-14 05:32:39,C00103,여,53,광주,패션,셔츠,1,50500,0,계좌이체
ORD003057,2026-09-29 19:53:37,C01096,남,63,울산,생활용품,텀블러,2,25700,0.1,체크카드
ORD000597,2025-06-16 22:09:41,C00266,남,68,울산,생활용품,수건세트,2,30600,0.05,체크카드
ORD002125,2026-03-18 13:11:07,C00289,여,27,대구,뷰티,립틴트,2,19100,0.1,무통장입금
ORD000645,2025-10-23 02:28:20,C01520,여,42,울산,생활용품,수납함,3,26100,0,체크카드
ORD002344,2026-01-29 01:46:14,C00168,여,21,대전,전자기기,블루투스스피커,1,72900,0.3,계좌이체
ORD002756,2026-07-02 16:56:15,C00020,여,62,울산,뷰티,샴푸,2,20200,0.2,무통장입금
ORD002657,2025-06-10 20:28:52,C00454,남,69,대전,패션,청바지,3,67300,0.15,계좌이체
ORD001442,2026-09-12 10:52:49,C01464,남,60,인천,생활용품,수건세트,1,34100,0.1,신용카드
ORD000715,2026-06-24 12:43:41,C01167,남,52,대구,전자기기,스마트워치,1,160500,0.05,체크카드
ORD003285,2025-11-23 16:51:04,C00355,남,,서울,식품,견과세트,1,28700,0,체크카드
ORD002960,2026-06-02 15:49:10,C00263,여,24,서울,식품,생수24개,1,12200,0.2,계좌이체
ORD004689,2025-10-04 23:44:39,C00078,남,58,광주,전자기기,스마트워치,1,149500,0.3,계좌이체
ORD002585,2025-09-22 14:23:21,C00171,남,31,부산,생활용품,수납함,1,26400,0.15,간편결제
ORD003062,2026-07-21 21:47:44,C00201,남,33,전남,생활용품,수건세트,1,32300,0.15,간편결제
ORD004921,2026-05-18 22:31:27,C00666,여,44,대구,생활용품,전기포트,1,46900,0.05,체크카드
ORD004634,2025-12-23 19:32:30,C00298,여,36,경기,뷰티,선크림,1,24400,0,간편결제
ORD004517,2025-10-11 07:14:14,C00639,남,42,대전,뷰티,클렌징폼,1,15000,0.05,계좌이체
ORD001546,2026-03-16 13:43:59,C00865,남,27,전남,전자기기,보조배터리,1,41700,0.15,무통장입금
ORD002222,2025-07-21 02:27:03,C01311,여,50,경남,생활용품,텀블러,1,23700,0.1,신용카드
ORD004451,2025-06-04 16:50:53,C00155,여,32,서울,패션,청바지,1,63800,0.05,무통장입금
ORD004468,2025-08-28 08:45:46,C00487,남,34,경기,생활용품,전기포트,2,45300,0,체크카드
ORD004730,2025-07-24 08:11:54,C01579,남,23,대구,생활용품,전기포트,1,47600,0,무통장입금
ORD003855,2025-01-15 20:25:45,C00169,남,33,광주,뷰티,클렌징폼,1,15200,0.3,계좌이체
ORD003043,2025-09-17 11:26:43,C00166,여,59,부산,생활용품,전기포트,1,49600,0.1,간편결제
ORD001121,2025-12-28 20:42:46,C00178,남,27,대구,패션,청바지,1,69400,0.1,무통장입금
ORD000962,2026-03-05 07:14:00,C01164,남,66,경남,뷰티,샴푸,2,19800,0.15,체크카드
ORD003597,2025-02-15 22:35:56,C00796,여,65,광주,전자기기,블루투스스피커,2,69100,0.05,신용카드
ORD001209,2025-01-22 16:32:50,C01151,여,34,부산,전자기기,보조배터리,4,38100,0.1,신용카드
ORD001564,2025-09-03 02:01:25,C00247,남,59,전남,패션,운동화,1,109500,0.15,무통장입금
ORD003402,2025-10-15 19:31:02,C01075,여,50,울산,전자기기,블루투스스피커,1,68900,0.3,계좌이체
ORD003668,2025-08-09 18:35:33,C01589,남,41,대전,전자기기,기계식키보드,1,91200,0.15,간편결제
ORD000820,2026-08-11 23:33:34,C01593,남,67,서울,식품,견과세트,2,29400,0.05,무통장입금
ORD004795,2026-08-13 16:16:17,C00390,남,38,인천,패션,셔츠,1,50300,0.1,간편결제
ORD003492,2025-06-27 03:46:29,C01350,여,34,부산,전자기기,스마트워치,1,159900,0.1,간편결제
ORD001227,2026-08-11 18:10:45,C00088,남,66,전남,뷰티,샴푸,4,21400,0,무통장입금
ORD001500,2026-05-09 21:48:57,C00581,남,46,전남,뷰티,클렌징폼,1,16700,0,간편결제
ORD000443,2026-04-30 13:49:49,C00993,남,66,부산,식품,생수24개,5,12000,0.1,간편결제
ORD004808,2026-09-14 03:08:07,C01190,남,44,경남,패션,백팩,1,84300,0.15,무통장입금
ORD001960,2026-09-12 07:38:39,C00740,여,20,광주,식품,프로틴바,3,22800,0,체크카드
ORD003706,2025-02-23 01:44:01,C00888,여,61,서울,전자기기,기계식키보드,5,94700,0,간편결제
ORD004382,2025-01-08 10:18:08,C01084,남,29,울산,뷰티,클렌징폼,1,15300,0,체크카드
ORD000087,2025-01-26 06:14:22,C00494,남,60,서울,뷰티,선크림,1,25200,0,무통장입금
ORD000802,2026-08-04 23:53:12,C00983,여,30,전남,패션,후드티,1,59200,0.05,간편결제
ORD000155,2025-05-23 01:49:38,C00123,남,41,경남,생활용품,수납함,1,25800,0.05,무통장입금
ORD003522,2025-04-20 10:52:02,C01143,여,20,경기,식품,견과세트,1,31300,0.15,체크카드
ORD003296,2026-06-29 11:00:51,C01567,여,62,울산,전자기기,무선이어폰,4,76500,0.2,계좌이체
ORD001358,2025-11-26 23:53:29,C01164,남,31,대전,식품,생수24개,1,11800,0.1,간편결제
ORD003320,2026-05-04 02:10:59,C00665,여,37,울산,전자기기,스마트워치,1,167200,0,계좌이체
ORD000018,2026-01-11 15:30:34,C01062,남,30,경남,생활용품,수납함,1,26500,0.05,계좌이체
ORD003055,2025-02-11 07:34:25,C00287,남,68,대구,전자기기,기계식키보드,2,87800,0,계좌이체
ORD004712,2025-10-15 14:02:10,C00994,여,25,전남,패션,청바지,2,68300,0.2,체크카드
ORD000670,2025-06-27 12:58:59,C01331,여,65,대전,생활용품,무선청소기,2,194100,0,계좌이체
ORD002991,2025-02-15 19:36:05,C00089,남,57,서울,전자기기,블루투스스피커,2,64400,0,간편결제
ORD000200,2026-06-19 04:57:48,C00036,남,63,광주,식품,원두커피,3,17600,0.05,간편결제
ORD000717,2026-07-08 16:00:22,C00384,여,55,서울,식품,생수24개,3,11900,0.1,신용카드
ORD004062,2025-09-22 20:14:28,C00790,남,59,경남,식품,원두커피,1,18400,0.3,체크카드
ORD004973,2026-05-28 13:06:09,C00468,여,61,대전,뷰티,선크림,2,25300,0.05,간편결제
ORD003460,2025-11-30 18:25:21,C00935,여,23,전남,생활용품,수납함,1,26100,0.1,무통장입금
ORD004206,2025-05-17 08:43:41,C01097,여,60,서울,전자기기,기계식키보드,2,88500,0.05,신용카드
ORD000565,2025-08-22 11:04:51,C00248,남,42,경기,뷰티,선크림,1,23700,0,체크카드
ORD003755,2026-03-15 12:26:57,C01580,남,42,대구,생활용품,전기포트,1,48600,0,간편결제
ORD002219,2025-11-22 15:02:21,C00954,여,68,대구,패션,후드티,1,62600,0.05,신용카드
ORD001443,2025-12-25 21:59:48,C00665,남,23,서울,전자기기,기계식키보드,2,83000,0.1,간편결제
ORD003432,2025-07-05 23:04:33,C00985,여,56,대구,뷰티,수분크림,5,32100,0.2,신용카드
ORD001835,2025-11-15 02:31:13,C01498,남,43,서울,패션,후드티,2,63000,0.05,계좌이체
ORD001616,2025-04-15 21:11:38,C01412,남,34,부산,식품,견과세트,3,28700,0,계좌이체
ORD000556,2025-12-11 04:19:57,C01117,남,29,경기,전자기기,보조배터리,1,40000,0,간편결제
ORD002735,2025-09-21 01:32:24,C00420,남,44,광주,생활용품,전기포트,1,49600,0.05,체크카드
ORD001887,2025-06-27 11:34:45,C01030,여,31,경기,전자기기,보조배터리,1,38900,0,계좌이체
ORD002144,2025-05-04 11:55:16,C01248,남,53,경기,뷰티,선크림,1,25200,0.1,신용카드
ORD001092,2026-05-14 03:45:39,C00855,남,40,대전,식품,원두커피,2,18700,0.05,계좌이체
ORD000395,2025-02-16 10:51:19,C00610,여,37,광주,뷰티,립틴트,2,17500,0.2,체크카드
ORD003886,2026-04-03 16:43:42,C00323,남,22,부산,생활용품,전기포트,1,46100,0.05,계좌이체
ORD000472,2025-05-20 13:25:37,C00751,여,67,울산,뷰티,수분크림,1,31400,0.2,간편결제
ORD002118,2026-03-11 22:45:53,C00828,남,37,경남,패션,청바지,2,67400,0.15,간편결제
ORD004587,2025-05-13 14:45:45,C01022,남,27,경남,패션,백팩,1,82600,0,신용카드
ORD002438,2025-03-04 08:06:04,C00808,여,34,전남,전자기기,블루투스스피커,2,65100,0.05,체크카드
ORD001259,2025-05-23 19:28:56,C00402,여,41,울산,뷰티,클렌징폼,2,15000,0.15,간편결제
ORD000299,2025-11-25 00:12:35,C00470,남,42,대구,패션,청바지,2,70200,0,무통장입금
ORD004614,2026-04-04 10:24:11,C00097,남,34,서울,패션,운동화,1,115800,0,신용카드
ORD003705,2025-09-05 21:16:38,C00052,남,58,부산,뷰티,클렌징폼,1,16900,0,무통장입금
ORD003976,2025-10-29 08:33:31,C00863,남,45,인천,식품,생수24개,4,12400,0,무통장입금
ORD004938,2025-10-12 21:27:24,C00541,여,53,서울,패션,운동화,1,114800,0,체크카드
ORD001864,2025-02-26 15:57:47,C00215,여,24,경기,전자기기,보조배터리,2,38700,0.15,체크카드
ORD001748,2025-07-11 09:53:34,C00819,남,45,서울,뷰티,선크림,1,24400,0,무통장입금
ORD003069,2025-05-18 02:06:03,C01583,여,35,울산,전자기기,스마트워치,2,163200,0.05,신용카드
ORD004613,2025-07-29 00:03:05,C01520,여,60,전남,패션,후드티,1,59400,0.1,체크카드
ORD003324,2026-01-31 08:16:23,C00589,여,67,대전,생활용품,수건세트,2,31600,0.05,신용카드
ORD002220,2025-02-19 08:57:44,C00864,남,47,경기,뷰티,수분크림,2,31400,0.1,체크카드
ORD001841,2026-07-22 21:45:00,C00393,남,21,대구,식품,원두커피,1,16800,0.1,계좌이체
ORD003214,2026-05-11 13:29:01,C01418,여,59,경남,생활용품,수건세트,2,33300,0.1,무통장입금
ORD001424,2025-03-02 21:26:27,C01577,여,38,울산,뷰티,선크림,1,25600,0.2,체크카드
ORD003669,2026-08-01 05:17:54,C01261,남,36,경남,식품,생수24개,3,12100,0.15,간편결제
ORD001961,2025-07-16 15:33:30,C00424,여,25,부산,식품,즉석밥24개,3,26800,0,신용카드
ORD000210,2025-10-09 15:35:34,C00345,남,60,서울,전자기기,보조배터리,1,41400,0,체크카드
ORD002738,2025-01-13 21:39:18,C00853,남,56,전남,식품,생수24개,2,11500,0.2,간편결제
ORD001172,2025-10-21 11:47:20,C00215,남,31,인천,패션,청바지,2,65300,0.05,무통장입금
ORD002927,2026-04-25 17:50:15,C00347,남,29,울산,전자기기,무선이어폰,4,80900,0,무통장입금
ORD001451,2026-09-11 06:56:14,C00025,여,54,대전,뷰티,샴푸,1,22000,0,신용카드
ORD001015,2026-05-02 13:48:19,C01195,여,22,서울,패션,셔츠,1,45100,0.1,계좌이체
ORD000521,2026-09-21 18:15:18,C00219,남,54,대전,전자기기,보조배터리,1,41300,0,신용카드
ORD002437,2026-08-25 17:05:19,C01048,여,24,부산,전자기기,기계식키보드,1,82200,0.05,체크카드
ORD000212,2026-04-19 05:45:18,C00786,남,68,경남,전자기기,무선이어폰,1,80000,0,간편결제
ORD003992,2026-09-28 14:57:41,C00805,남,35,경기,생활용품,수납함,1,30100,0.1,무통장입금
ORD000191,2026-09-11 11:00:18,C00503,남,21,,생활용품,수납함,2,26500,0.15,체크카드
ORD002826,2025-10-23 05:59:46,C00712,여,63,전남,패션,운동화,1,109000,0.3,간편결제
ORD001020,2026-06-23 12:00:07,C00346,여,26,경남,식품,프로틴바,1,20900,0,계좌이체
ORD004145,2025-03-08 22:31:55,C00440,남,62,전남,생활용품,텀블러,1,23900,0.1,무통장입금
ORD002731,2025-01-02 19:06:24,C01023,여,50,경기,뷰티,선크림,3,24200,0,신용카드
ORD004928,2026-05-02 06:50:54,C00831,남,21,대구,식품,즉석밥24개,2,29000,0.05,신용카드
ORD004171,2026-07-30 16:38:33,C01035,여,67,전남,식품,원두커피,1,17600,0.05,
ORD004068,2025-07-30 09:44:23,C00864,남,22,인천,패션,청바지,1,70500,0.3,신용카드
ORD004153,2025-07-20 18:21:28,C01017,남,43,대전,뷰티,클렌징폼,2,15400,0.1,신용카드
ORD004460,2026-01-08 11:11:59,C00997,여,43,서울,패션,운동화,1,113900,0.05,계좌이체
ORD004379,2025-05-11 18:59:55,C00035,남,25,울산,생활용품,수납함,1,26500,0.05,신용카드
ORD004500,2025-12-11 07:29:09,C00615,여,54,부산,식품,즉석밥24개,1,25800,0.1,무통장입금
ORD002154,2026-06-24 05:07:21,C01385,여,25,서울,전자기기,기계식키보드,2,94100,0.2,무통장입금
ORD000162,2026-06-23 01:10:59,C00135,여,56,경기,생활용품,무선청소기,1,182000,0.15,체크카드
ORD002315,2026-09-08 09:10:55,C00700,여,36,울산,뷰티,샴푸,2,20800,0.1,계좌이체
ORD004644,2025-09-19 01:30:31,C01468,여,22,경기,뷰티,클렌징폼,1,16000,0,간편결제
ORD002173,2025-10-10 15:38:56,C00239,여,47,경남,패션,후드티,1,54400,0.1,간편결제
ORD004027,2025-12-24 01:41:26,C00369,남,42,대전,패션,셔츠,1,47300,0.05,체크카드
ORD003120,2026-06-03 10:07:36,C00275,남,54,서울,패션,셔츠,2,47100,0.05,체크카드
ORD001422,2025-01-14 02:35:06,C01509,여,23,대전,패션,청바지,4,72000,0.1,체크카드
ORD004892,2026-07-25 22:43:21,C01282,여,33,대전,생활용품,수납함,1,28500,0,신용카드
ORD002942,2026-02-02 15:06:19,C00332,여,21,울산,뷰티,샴푸,1,19800,0,신용카드
ORD004355,2025-12-04 01:29:00,C00055,남,59,광주,생활용품,무선청소기,1,181600,0.1,간편결제
ORD000574,2025-06-22 07:20:14,C01071,남,43,대전,뷰티,샴푸,1,21300,0,체크카드
ORD001286,2026-03-06 00:13:51,C00192,남,25,대구,전자기기,기계식키보드,2,87500,0.05,무통장입금
ORD003674,2025-03-03 23:18:03,C00518,남,29,경기,전자기기,무선이어폰,1,79500,0.3,체크카드
ORD004392,2026-01-01 12:06:51,C00338,남,54,경기,패션,백팩,4,85100,0,신용카드
ORD005000,2025-01-26 21:18:06,C00131,여,65,전남,생활용품,무선청소기,2,191900,0.05,체크카드
ORD001671,2025-04-21 15:16:02,C00873,남,51,부산,뷰티,선크림,1,24100,0,신용카드
ORD001072,2025-09-06 01:08:06,C01548,남,68,대전,패션,백팩,1,76800,0,계좌이체
ORD001505,2025-07-31 02:18:09,C00268,여,32,전남,뷰티,클렌징폼,1,16100,0.2,무통장입금
ORD003559,2025-01-31 09:22:04,C00878,남,37,울산,전자기기,무선이어폰,2,80200,0.3,간편결제
ORD001728,2026-04-11 21:09:54,C00033,여,21,경남,생활용품,무선청소기,1,201200,0.15,간편결제
ORD004703,2025-11-08 21:04:52,C00351,남,60,전남,뷰티,클렌징폼,3,15600,0,체크카드
ORD003382,2026-03-01 07:02:47,C00567,남,69,서울,전자기기,보조배터리,1,42100,0.15,계좌이체
ORD004969,2026-05-25 17:41:39,C00495,남,69,서울,전자기기,무선이어폰,3,83600,0.3,무통장입금
ORD002582,2026-08-11 15:00:05,C01214,여,21,서울,생활용품,수건세트,1,30000,0.15,체크카드
ORD001973,2025-04-17 17:46:16,C00129,여,23,경기,식품,원두커피,3,17500,0.1,신용카드
ORD003846,2026-09-12 14:02:39,C01430,여,62,울산,패션,셔츠,1,50100,0.3,간편결제
ORD004467,2026-05-14 19:30:32,C01476,여,21,경남,생활용품,텀블러,1,23200,0.1,계좌이체
ORD002022,2026-07-31 15:28:11,C00388,남,44,경남,뷰티,클렌징폼,1,15300,0.15,계좌이체
ORD003501,2025-12-09 15:38:45,C01000,남,27,경남,생활용품,텀블러,1,23000,0.05,신용카드
ORD003224,2025-10-13 04:27:47,C00561,남,57,광주,전자기기,무선이어폰,1,84800,0.2,간편결제
ORD002782,2026-06-13 22:11:46,C01362,여,64,경기,전자기기,스마트워치,1,162800,0.1,신용카드
ORD004339,2026-09-29 04:57:16,C01261,여,42,전남,패션,백팩,4,78000,0.05,계좌이체
ORD003103,2026-06-05 22:13:00,C01308,여,62,광주,식품,프로틴바,2,22800,0.1,계좌이체
ORD004735,2025-05-28 04:36:21,C00328,여,58,경남,생활용품,전기포트,1,50100,0.1,계좌이체
ORD003216,2025-03-31 13:11:06,C00130,여,51,광주,패션,청바지,1,67700,0,간편결제
ORD002217,2025-05-06 05:07:48,C00461,여,51,부산,뷰티,샴푸,2,21800,0.05,무통장입금
ORD000034,2025-11-23 05:40:02,C01204,여,20,서울,뷰티,선크림,1,22400,0.1,체크카드
ORD002479,2025-04-24 09:49:46,C00235,여,57,광주,뷰티,수분크림,1,32000,0,계좌이체
ORD001237,2026-04-20 02:22:38,C00117,,36,대전,뷰티,샴푸,1,20500,0,무통장입금
ORD003135,2026-07-28 00:42:05,C00514,남,46,전남,전자기기,스마트워치,2,152800,0.15,신용카드
ORD002784,2026-05-01 20:27:38,C01215,여,52,서울,전자기기,스마트워치,1,152900,0.2,신용카드
ORD001568,2025-10-30 05:20:24,C00889,남,27,울산,생활용품,수건세트,1,33300,0,간편결제
ORD004176,2025-08-23 04:06:29,C01161,여,49,서울,뷰티,클렌징폼,2,16100,0.05,체크카드
ORD004222,2025-05-03 19:48:43,C00596,남,27,광주,패션,셔츠,1,51200,0.1,간편결제
ORD002683,2026-04-22 01:34:59,C01153,남,48,서울,식품,프로틴바,1,20800,0.15,신용카드
ORD003772,2025-08-06 06:39:42,C00940,여,51,서울,생활용품,텀블러,1,25700,0.05,무통장입금
ORD004816,2025-08-19 16:11:00,C00036,남,34,광주,뷰티,클렌징폼,1,15700,0.1,간편결제
ORD000084,2026-04-08 15:55:00,C00275,여,36,,식품,견과세트,1,27100,0.05,체크카드
ORD000753,2025-08-03 17:44:31,C00513,남,35,대구,생활용품,무선청소기,1,194000,0,간편결제
ORD002440,2025-09-03 05:59:07,C00806,남,23,서울,식품,생수24개,1,12800,0,계좌이체
ORD003410,2025-04-19 15:46:45,C01057,여,34,대구,전자기기,보조배터리,2,36600,0,간편결제
ORD003554,2026-08-05 18:40:13,C00332,남,44,대구,전자기기,블루투스스피커,2,67200,0.2,체크카드
ORD004660,2026-09-23 03:23:06,C00492,여,47,부산,전자기기,블루투스스피커,1,73700,0.1,신용카드
ORD003488,2026-01-30 16:23:04,C00675,남,69,부산,생활용품,텀블러,2,26900,0.15,체크카드
ORD003149,2025-02-10 08:32:27,C00219,여,66,인천,생활용품,수납함,1,26900,0.1,계좌이체
ORD002661,2025-11-02 13:02:01,C00378,남,43,대구,생활용품,텀블러,5,24200,0.05,체크카드
ORD001599,2026-03-22 05:43:25,C01422,남,23,대구,식품,원두커피,1,18100,0.2,신용카드
ORD001377,2026-06-11 06:35:31,C01206,여,47,광주,식품,원두커피,1,17200,0,계좌이체
ORD001212,2025-07-27 01:51:04,C00156,남,37,경기,전자기기,보조배터리,2,40700,0.1,신용카드
ORD002464,2026-01-09 06:44:00,C01358,여,56,대전,생활용품,전기포트,2,52200,0,신용카드
ORD003928,2025-12-15 11:33:14,C00056,여,56,전남,패션,운동화,1,106100,0,신용카드
ORD004182,2025-01-11 02:26:36,C01119,여,50,부산,뷰티,샴푸,1,20600,0.1,무통장입금
ORD004534,2026-02-10 16:29:56,C00473,남,60,울산,전자기기,기계식키보드,1,83700,0.1,무통장입금
ORD001606,2025-09-20 18:40:44,C00509,여,32,울산,뷰티,선크림,2,22400,0.05,체크카드
ORD002656,2026-03-10 17:19:59,C00808,여,51,울산,뷰티,립틴트,1,18500,0,계좌이체
ORD001685,2026-08-06 14:13:31,C01564,남,28,울산,식품,원두커피,3,17000,0.1,체크카드
ORD001683,2025-10-21 17:44:21,C01226,남,53,광주,생활용품,텀블러,4,24800,0,신용카드
ORD000920,2026-06-16 22:27:38,C01465,여,68,전남,생활용품,수건세트,3,32900,0.1,신용카드
ORD003024,2025-05-26 03:35:09,C00076,여,39,광주,패션,청바지,1,71200,0.2,체크카드
ORD001609,2026-05-29 16:33:32,C00582,남,18,대전,뷰티,수분크림,2,32500,0.1,무통장입금
ORD004699,2026-08-01 07:06:48,C00059,남,61,서울,생활용품,전기포트,1,48800,0,간편결제
ORD002848,2025-11-10 16:04:30,C01411,여,20,울산,생활용품,무선청소기,1,199100,0.05,신용카드
ORD001708,2026-01-24 18:53:09,C00626,남,28,경남,뷰티,샴푸,1,19800,0.15,간편결제
ORD002544,2025-04-01 11:24:31,C00345,여,67,경기,식품,생수24개,2,12400,0.1,신용카드
ORD003014,2025-10-24 09:39:40,C01531,남,52,울산,뷰티,수분크림,1,33600,0.1,간편결제
ORD001591,2026-03-03 12:03:15,C00083,여,37,경기,뷰티,클렌징폼,2,15200,0.05,계좌이체
ORD004336,2026-02-17 21:22:41,C00508,남,38,경남,패션,셔츠,3,52300,0,체크카드
ORD001854,2025-01-27 12:27:29,C01132,여,54,부산,생활용품,수건세트,1,33600,0,체크카드
ORD002749,2025-01-13 14:28:57,C01309,여,48,인천,식품,프로틴바,1,21000,0,계좌이체
ORD003989,2025-05-31 22:20:02,C00661,여,31,서울,식품,프로틴바,3,20300,0,무통장입금
ORD002591,2025-12-29 21:35:37,C00247,여,41,울산,식품,프로틴바,1,21700,0,체크카드
ORD000747,2025-08-07 23:32:52,C01097,여,55,전남,패션,백팩,1,83400,0.1,신용카드
ORD000322,2026-07-12 08:51:33,C00058,,69,광주,생활용품,텀블러,1,25500,0.1,간편결제
ORD001692,2025-12-21 23:27:11,C00763,여,22,울산,패션,백팩,2,79300,0,계좌이체
ORD002864,2025-07-03 21:36:19,C00355,남,50,인천,뷰티,클렌징폼,1,15100,0,계좌이체
ORD000616,2025-08-13 03:55:12,C01077,여,41,전남,전자기기,스마트워치,2,161900,0.05,간편결제
ORD002752,2026-09-16 23:04:14,C01582,남,25,부산,생활용품,수건세트,3,33200,0.05,계좌이체
ORD004365,2025-10-08 13:05:06,C01104,여,42,인천,식품,견과세트,1,29400,0.05,계좌이체
ORD004849,2025-11-29 20:20:04,C00059,여,19,광주,생활용품,수건세트,2,31000,0.05,무통장입금
ORD001314,2026-05-17 13:06:46,C01064,여,60,서울,패션,셔츠,1,49200,0,계좌이체
ORD003621,2025-02-13 00:53:16,C00374,여,20,울산,뷰티,클렌징폼,1,14800,0.15,계좌이체
ORD000058,2026-03-15 02:32:06,C01449,여,33,경남,뷰티,선크림,2,23700,0.1,무통장입금
ORD004321,2025-11-05 13:53:57,C00803,남,27,울산,생활용품,수납함,1,27600,0.1,계좌이체
ORD003797,2026-03-28 13:34:36,C00418,여,52,광주,전자기기,기계식키보드,1,95900,0.1,무통장입금
ORD002200,2026-09-09 15:18:15,C01574,,60,울산,전자기기,보조배터리,1,40600,0,체크카드
ORD004623,2026-02-27 07:00:54,C00154,여,59,광주,식품,생수24개,1,12100,0.1,계좌이체
ORD003422,2026-05-01 15:51:35,C00952,여,32,인천,뷰티,클렌징폼,3,14900,0,무통장입금
ORD004946,2025-03-09 03:42:48,C01196,남,22,인천,패션,후드티,2,62200,0,신용카드
ORD003676,2026-08-26 08:58:43,C01553,여,49,대전,전자기기,무선이어폰,1,73100,0.3,체크카드
ORD001512,2025-01-13 01:00:59,C00435,여,33,경남,식품,즉석밥24개,1,25300,0,계좌이체
ORD004311,2025-05-15 11:16:24,C00369,,51,전남,패션,운동화,3,108900,0.05,계좌이체
ORD004007,2026-08-26 04:02:11,C00511,남,49,부산,식품,즉석밥24개,1,25000,0.05,체크카드
ORD001583,2025-12-27 21:40:25,C00716,여,22,인천,생활용품,전기포트,2,51600,0,간편결제
ORD000251,2025-02-22 16:08:58,C01450,남,65,전남,생활용품,전기포트,1,51200,0.1,계좌이체
ORD001838,2025-04-26 11:37:13,C01198,남,22,서울,식품,견과세트,3,29800,0,신용카드
ORD000145,2026-02-24 19:45:04,C00172,남,32,부산,뷰티,수분크림,1,31300,0,체크카드
ORD004694,2026-02-10 23:44:45,C00413,여,61,울산,전자기기,보조배터리,2,39000,0.1,체크카드
ORD000466,2026-01-18 21:36:44,C00693,남,45,대구,전자기기,무선이어폰,1,83100,0,무통장입금
ORD004335,2026-05-30 03:47:41,C00667,여,52,전남,생활용품,무선청소기,3,177000,0.15,무통장입금
ORD002060,2025-08-09 19:53:10,C01272,남,62,울산,패션,셔츠,2,52600,0,계좌이체
ORD004395,2026-05-03 18:48:19,C00923,남,61,전남,생활용품,전기포트,1,46400,0,신용카드
ORD000578,2025-06-09 11:46:46,C01231,여,51,부산,생활용품,텀블러,2,23800,0,간편결제
ORD003615,2025-02-13 07:02:11,C00593,남,67,대구,패션,청바지,3,70600,0.05,신용카드
ORD000732,2026-02-21 13:35:53,C00291,여,40,대구,식품,견과세트,1,29000,0.1,체크카드
ORD002488,2026-04-26 00:52:01,C00633,여,36,대전,패션,운동화,1,107000,0.3,신용카드
ORD000582,2025-10-26 12:02:34,C00253,남,46,전남,전자기기,스마트워치,1,171000,0.05,무통장입금
ORD002786,2025-09-06 18:38:35,C01190,남,45,전남,전자기기,보조배터리,1,38800,0,간편결제
ORD002618,2025-01-21 23:27:36,C00998,남,52,광주,뷰티,선크림,1,23100,0.05,체크카드
ORD001943,2026-03-08 17:39:47,C00608,남,61,인천,패션,셔츠,1,48900,0.1,간편결제
ORD001457,2026-04-06 20:33:15,C00736,남,30,경기,패션,청바지,1,74000,0.1,간편결제
ORD002089,2025-08-02 20:30:36,C00775,여,67,광주,패션,운동화,4,106700,0.1,계좌이체
ORD000792,2025-11-28 18:20:43,C01044,여,65,대구,패션,백팩,1,74900,0,신용카드
ORD003053,2025-03-24 15:54:59,C00144,여,29,경기,패션,후드티,1,58800,0,신용카드
ORD000024,2026-07-11 23:42:56,C00876,남,52,광주,전자기기,기계식키보드,1,93200,0.1,간편결제
ORD000217,2025-05-25 03:39:00,C00880,여,49,부산,전자기기,스마트워치,3,152500,0.1,계좌이체
ORD001298,2025-05-16 21:13:43,C00928,남,66,부산,식품,견과세트,1,29900,0.1,계좌이체
ORD000997,2026-05-25 19:12:09,C00077,여,55,경기,생활용품,무선청소기,1,183200,0.1,계좌이체
ORD002885,2026-08-07 11:08:46,C00751,남,19,경기,뷰티,수분크림,1,29800,0,체크카드
ORD001234,2025-06-08 14:56:13,C00034,여,39,울산,식품,견과세트,2,28100,0,신용카드
ORD001717,2025-07-18 03:05:01,C00110,남,54,서울,전자기기,기계식키보드,2,93100,0,신용카드
ORD002027,2026-08-13 07:30:57,C01322,남,42,경기,식품,견과세트,1,28500,0.15,무통장입금
ORD002781,2025-10-30 16:14:37,C01393,여,41,대전,생활용품,수건세트,1,32800,0,체크카드
ORD002745,2025-02-09 03:34:25,C00486,남,26,전남,전자기기,스마트워치,5,167300,0,간편결제
ORD001398,2025-11-11 00:14:32,C00834,남,54,부산,식품,프로틴바,1,20800,0.1,계좌이체
ORD000878,2025-01-15 11:34:55,C00129,여,36,부산,생활용품,수건세트,1,32700,0,무통장입금
ORD000922,2026-03-08 23:40:36,C00304,남,62,대구,전자기기,보조배터리,1,38500,0.1,계좌이체
ORD001428,2025-03-21 07:23:24,C00767,여,42,부산,뷰티,수분크림,1,32200,0.05,신용카드
ORD002831,2025-02-24 04:58:11,C00485,여,23,광주,뷰티,선크림,2,22800,0.05,간편결제
ORD000522,2026-09-18 23:05:09,C00841,남,34,부산,패션,후드티,2,63200,0,체크카드
ORD000059,2025-07-31 20:44:28,C00328,남,20,대구,식품,프로틴바,3,21200,0,간편결제
ORD002327,2025-10-07 09:44:11,C00862,여,28,대구,식품,견과세트,2,28900,0.3,계좌이체
ORD001289,2025-03-24 23:12:16,C01279,남,46,대전,패션,후드티,1,57300,0,계좌이체
ORD003379,2025-04-30 17:42:28,C00874,여,46,인천,식품,견과세트,1,30400,0.1,신용카드
ORD001171,2025-08-08 02:44:55,C01319,남,29,울산,패션,청바지,1,74200,0,간편결제
ORD000195,2025-02-08 11:14:29,C01080,남,49,대구,식품,견과세트,2,27700,0.1,무통장입금
ORD004252,2026-09-28 10:15:03,C01118,여,63,광주,패션,운동화,1,112800,0.1,체크카드
ORD002296,2026-05-25 08:05:59,C00970,여,58,대구,생활용품,텀블러,1,23600,0.05,신용카드
ORD001664,2026-07-21 14:05:10,C00775,여,34,대구,패션,후드티,5,60900,0.05,계좌이체
ORD004836,2025-06-13 12:37:30,C01214,남,33,서울,생활용품,텀블러,3,25100,0.15,간편결제
ORD001970,2025-11-11 12:52:04,C01233,남,65,부산,뷰티,샴푸,1,22100,0,간편결제
ORD001957,2026-04-05 00:16:23,C00483,여,19,경남,뷰티,샴푸,1,19300,0.05,간편결제
ORD000938,2026-08-07 20:04:03,C01174,여,59,광주,식품,즉석밥24개,1,29000,0.2,계좌이체
ORD002829,2025-12-01 06:45:38,C00469,남,27,대전,생활용품,텀블러,3,24600,0.05,계좌이체
ORD004233,2026-07-26 18:57:46,C01059,남,19,경기,전자기기,블루투스스피커,4,64900,0.1,간편결제
ORD003341,2026-04-17 06:55:23,C00398,여,26,경기,생활용품,무선청소기,1,189900,0.1,
ORD001682,2025-04-23 22:58:57,C01033,남,,광주,전자기기,블루투스스피커,3,67000,0.1,무통장입금
ORD000613,2026-02-14 18:29:50,C00722,남,46,,뷰티,선크림,5,24200,0,체크카드
ORD002868,2025-04-04 15:27:16,C01281,남,18,부산,뷰티,선크림,1,25800,0,간편결제
ORD001560,2026-04-25 11:22:32,C00228,여,23,경남,뷰티,선크림,1,22500,0.1,체크카드
ORD004196,2025-02-13 14:47:27,C01137,남,67,서울,생활용품,전기포트,1,46800,0.2,계좌이체
ORD000779,2026-06-28 16:22:27,C00462,여,32,광주,패션,셔츠,1,51800,0.3,간편결제
ORD004953,2025-03-20 15:30:14,C01334,여,40,경남,패션,셔츠,1,49100,0.1,체크카드
ORD001991,2026-04-09 01:41:40,C00955,여,21,경기,패션,후드티,1,55500,0,계좌이체
ORD004162,2025-09-24 13:32:18,C01302,여,27,인천,전자기기,기계식키보드,1,84700,0.05,계좌이체
ORD002381,2026-06-21 13:35:09,C00532,남,54,대구,뷰티,수분크림,1,32900,0.1,체크카드
ORD000683,2025-09-10 18:56:18,C01436,남,47,경남,식품,즉석밥24개,1,27800,0.3,간편결제
ORD002493,2025-02-06 03:34:41,C00446,여,23,경남,패션,운동화,1,103000,0,신용카드
ORD002562,2025-03-11 13:49:10,C01224,여,21,전남,뷰티,립틴트,1,17100,0,체크카드
ORD001379,2025-06-27 06:14:38,C00991,남,59,광주,패션,후드티,5,60600,0.05,계좌이체
ORD002549,2025-02-24 02:12:09,C00015,남,46,경기,식품,견과세트,1,28800,0,체크카드
ORD002103,2025-08-19 21:24:40,C01438,여,46,부산,뷰티,샴푸,3,21200,0.05,신용카드
ORD001215,2026-03-26 01:48:30,C00168,여,40,경남,식품,생수24개,2,11500,0.3,신용카드
ORD004246,2025-03-18 06:42:50,C00919,남,64,부산,전자기기,보조배터리,2,39200,0,
ORD002030,2026-02-05 22:20:41,C00698,남,66,경기,식품,견과세트,1,28700,0.2,신용카드
ORD001876,2025-05-27 01:36:33,C00744,여,21,대전,생활용품,전기포트,2,50900,0.05,신용카드
ORD000696,2025-12-08 01:06:07,C00501,여,66,경남,생활용품,전기포트,2,51700,0.2,계좌이체
ORD003301,2026-08-08 22:56:40,C00543,남,61,부산,식품,견과세트,1,27100,0.05,무통장입금
ORD003831,2025-04-27 19:54:43,C00641,남,51,경남,생활용품,무선청소기,1,197000,0.15,간편결제
ORD001041,2025-12-26 23:16:30,C00474,여,33,인천,패션,백팩,1,76000,0,무통장입금
ORD000661,2025-05-23 05:42:06,C00751,남,22,대구,식품,견과세트,5,28400,0.05,체크카드
ORD004243,2026-02-08 13:17:37,C01255,남,28,경남,생활용품,텀블러,3,25000,0,체크카드
ORD001222,2025-10-25 14:28:34,C00507,남,57,전남,생활용품,전기포트,1,48700,0.05,간편결제
ORD001051,2025-11-22 18:24:27,C01219,남,30,대구,패션,후드티,1,61200,0,신용카드
ORD002267,2025-06-29 10:52:09,C01256,남,38,울산,패션,후드티,2,57700,0,계좌이체
ORD000597,2025-06-16 22:09:41,C00266,남,68,울산,생활용품,수건세트,2,30600,0.05,체크카드
ORD003381,2025-10-21 08:49:03,C00601,여,42,경남,생활용품,텀블러,4,23800,0.15,계좌이체
ORD004546,2026-09-18 17:50:55,C00697,남,48,경남,식품,원두커피,2,19200,0.05,간편결제
ORD004924,2025-01-07 10:30:38,C00196,여,67,인천,패션,백팩,1,76200,0,체크카드
ORD004215,2025-04-24 14:28:13,C00600,남,40,부산,식품,즉석밥24개,2,27800,0.3,계좌이체
ORD002085,2026-04-30 05:59:35,C00943,남,35,인천,뷰티,립틴트,1,19400,0.1,신용카드
ORD004265,2025-03-26 15:13:44,C00471,여,25,전남,뷰티,클렌징폼,3,15000,0,체크카드
ORD002609,2026-04-14 19:54:46,C01538,남,67,전남,식품,생수24개,1,12300,0.3,체크카드
ORD002849,2025-02-11 23:50:38,C00235,여,37,경남,식품,원두커피,2,19200,0,간편결제
ORD000793,2026-04-30 18:47:25,C00213,여,36,울산,뷰티,립틴트,1,17000,0,계좌이체
ORD003962,2025-09-19 22:00:46,C00562,남,19,서울,뷰티,클렌징폼,1,16500,0,간편결제
ORD001934,2026-07-01 22:47:41,C00595,남,44,,전자기기,보조배터리,1,41000,0.2,무통장입금
ORD001678,2025-09-16 08:44:30,C01427,남,25,서울,뷰티,수분크림,1,32000,0.05,무통장입금
ORD000315,2025-07-29 14:21:42,C01560,여,18,울산,생활용품,무선청소기,4,191800,0.1,무통장입금
ORD000852,2026-03-08 23:24:21,C00322,남,34,전남,식품,원두커피,2,18900,0.3,계좌이체
ORD000862,2025-09-28 22:15:13,C00914,여,49,전남,전자기기,스마트워치,2,153000,0,체크카드
ORD001892,2025-11-03 18:11:26,C01072,여,36,경기,생활용품,전기포트,1,52300,0,신용카드
ORD000179,2025-03-12 06:25:33,C00976,남,26,광주,식품,즉석밥24개,1,25700,0.3,체크카드
ORD004909,2025-04-27 20:16:40,C01443,여,24,인천,패션,운동화,4,116300,0.1,신용카드
ORD001492,2025-03-31 22:42:15,C00447,여,55,대전,패션,후드티,1,63500,0.1,신용카드
ORD004657,2025-11-19 22:49:26,C00552,남,52,전남,생활용품,수납함,1,27600,0,체크카드
ORD002132,2026-08-24 11:35:38,C00474,남,40,대구,뷰티,샴푸,4,21200,0.2,신용카드
ORD001391,2026-02-24 21:59:08,C01392,남,32,부산,뷰티,립틴트,2,17400,0.1,무통장입금
ORD004955,2026-02-25 04:11:57,C00758,남,33,부산,생활용품,텀블러,4,24700,0,간편결제
ORD004589,2026-04-17 16:57:01,C01016,여,55,서울,패션,청바지,2,67100,0.1,체크카드
ORD004411,2025-05-13 06:20:24,C00421,남,49,서울,생활용품,수납함,3,28200,0.1,간편결제
ORD000887,2026-04-11 15:14:44,C00114,남,30,전남,생활용품,전기포트,3,47100,0.1,간편결제
ORD003945,2025-10-10 08:45:58,C00847,남,20,부산,식품,생수24개,2,11900,0.1,계좌이체
ORD003027,2025-06-14 15:44:30,C01148,남,44,울산,뷰티,클렌징폼,2,15600,0.05,체크카드
ORD003633,2026-09-25 14:13:48,C00676,남,65,대전,식품,견과세트,2,27600,0,계좌이체
ORD003800,2025-05-21 01:15:45,C01258,남,47,경기,생활용품,전기포트,1,45700,0,간편결제
ORD001514,2025-02-11 20:29:52,C01119,남,34,대구,전자기기,기계식키보드,1,94500,0.05,계좌이체
ORD003370,2025-09-10 09:23:37,C00158,여,53,서울,패션,운동화,3,116800,0.2,간편결제
ORD003608,2025-09-07 21:08:08,C00930,남,63,부산,전자기기,무선이어폰,2,80000,0,계좌이체
ORD003090,2026-01-02 22:14:38,C00549,여,53,부산,전자기기,스마트워치,4,148400,0,무통장입금
ORD002602,2025-05-30 00:27:23,C00154,여,68,대전,식품,원두커피,3,17200,0.1,계좌이체
ORD000652,2025-04-02 22:25:52,C00405,여,49,경기,생활용품,전기포트,1,46600,0,간편결제
ORD002412,2025-09-16 21:20:51,C00547,남,25,대전,전자기기,블루투스스피커,2,67400,0,계좌이체
ORD004371,2025-03-30 07:31:48,C00907,남,38,대구,뷰티,클렌징폼,2,16900,0.05,간편결제
ORD004820,2025-11-23 22:27:57,C00905,남,69,광주,패션,셔츠,3,51100,0.1,계좌이체
ORD000012,2026-04-27 05:02:46,C00248,여,22,전남,뷰티,클렌징폼,2,15700,0.2,무통장입금
ORD000486,2025-12-18 08:30:17,C00458,남,29,광주,생활용품,무선청소기,3,197400,0,체크카드
ORD004253,2025-06-14 09:19:17,C01421,여,26,인천,뷰티,선크림,3,25200,0,체크카드
ORD003850,2025-11-07 00:17:22,C00040,여,21,경기,뷰티,샴푸,1,19300,0,신용카드
ORD001061,2025-04-13 15:55:13,C01191,남,25,경남,전자기기,블루투스스피커,1,69200,0,체크카드
ORD003357,2026-01-01 21:48:46,C01593,여,35,인천,식품,즉석밥24개,1,27800,0.05,신용카드
ORD001323,2025-09-20 19:50:00,C00334,남,43,전남,뷰티,립틴트,2,18600,0,신용카드
ORD001727,2026-09-04 16:11:06,C01351,남,21,인천,식품,생수24개,1,12100,0.1,신용카드
ORD002603,2026-08-03 05:40:44,C00117,여,45,인천,생활용품,텀블러,2,26800,0,신용카드
ORD003309,2025-11-21 21:55:21,C01458,여,31,대구,생활용품,무선청소기,1,177600,0.05,무통장입금
ORD002340,2025-11-07 03:38:12,C00700,여,63,서울,식품,견과세트,1,30700,0.1,신용카드
ORD001675,2025-02-01 20:38:57,C01105,남,45,경남,생활용품,전기포트,1,51700,0,무통장입금
ORD002268,2025-05-30 03:21:11,C00821,여,20,경남,뷰티,립틴트,1,18300,0,체크카드
ORD003147,2026-01-02 11:40:10,C01597,남,42,전남,뷰티,클렌징폼,1,16400,0,체크카드
ORD001842,2025-10-21 06:15:38,C00990,,38,경남,식품,원두커피,1,17600,0,무통장입금
ORD002892,2026-01-30 16:33:48,C01444,여,32,인천,뷰티,립틴트,4,17300,0.2,간편결제
ORD003039,2025-11-01 17:07:06,C00209,여,19,부산,식품,생수24개,2,11600,0.1,무통장입금
ORD002583,2025-11-15 19:38:41,C01015,여,34,광주,생활용품,텀블러,2,23700,0,체크카드
ORD002357,2025-10-05 14:26:21,C00171,여,41,대구,생활용품,수건세트,1,33700,0.3,무통장입금
ORD002880,2025-08-28 16:27:05,C00730,남,65,광주,전자기기,기계식키보드,1,94200,0.1,간편결제
ORD003861,2025-11-26 01:41:13,C01240,남,37,울산,뷰티,클렌징폼,1,17100,0.2,간편결제
ORD000110,2025-03-21 08:36:51,C00632,남,31,경남,전자기기,블루투스스피커,3,72000,0,계좌이체
ORD004463,2025-01-16 16:37:25,C00909,남,20,대전,전자기기,블루투스스피커,1,74100,0.1,체크카드
ORD003348,2026-08-06 14:08:47,C01525,남,36,대전,패션,운동화,2,117500,0,계좌이체
ORD000199,2026-05-11 11:55:43,C00143,여,66,인천,식품,프로틴바,2,20700,0.05,간편결제
ORD002024,2026-07-25 10:25:16,C00743,남,65,경기,패션,운동화,50,115200,0.1,체크카드
ORD002579,2026-01-10 05:40:33,C01419,남,64,울산,생활용품,수납함,1,28400,0.2,간편결제
ORD001326,2025-12-20 23:44:56,C00693,여,28,울산,전자기기,무선이어폰,2,78300,0.1,체크카드
ORD003330,2025-11-10 18:45:56,C00016,남,26,서울,뷰티,클렌징폼,4,15200,0,체크카드
ORD001967,2025-12-09 21:00:22,C01508,여,28,전남,패션,후드티,2,58100,0.3,신용카드
ORD001997,2025-10-08 10:22:18,C00303,남,18,울산,전자기기,보조배터리,2,40900,0,신용카드
ORD004300,2026-02-26 14:02:10,C01426,남,50,전남,전자기기,기계식키보드,1,82900,0.1,계좌이체
ORD004916,2026-03-19 03:26:13,C01135,남,19,전남,뷰티,립틴트,1,19200,0.2,계좌이체
ORD000600,2026-02-01 09:41:36,C00168,여,43,전남,패션,백팩,2,80900,0,
ORD001791,2025-08-22 14:48:06,C00395,남,55,대구,패션,운동화,1,114400,0.1,계좌이체
ORD002308,2025-12-30 09:31:05,C01155,남,45,대구,패션,청바지,1,73300,0,무통장입금
ORD001984,2025-02-07 03:38:04,C01331,남,19,부산,식품,생수24개,1,11700,0,간편결제
ORD001959,2025-10-17 23:28:37,C00754,남,20,전남,전자기기,기계식키보드,1,93100,0.05,신용카드
ORD003334,2025-07-17 11:26:01,C00517,여,56,전남,뷰티,선크림,1,23500,0.05,체크카드
ORD001726,2026-09-07 21:02:19,C01128,남,68,부산,전자기기,기계식키보드,1,86300,0.15,무통장입금
ORD003830,2025-10-25 02:36:18,C00643,남,61,부산,뷰티,수분크림,1,34300,0,신용카드
ORD003790,2025-06-10 00:43:13,C01364,남,18,서울,패션,청바지,4,67000,0.15,신용카드
ORD002910,2025-12-14 17:11:31,C01289,남,30,울산,뷰티,립틴트,2,17000,0,계좌이체
ORD004977,2025-06-27 20:35:16,C00309,남,29,경남,패션,후드티,1,59700,0.05,신용카드
ORD003999,2026-02-11 10:35:07,C00260,여,26,인천,패션,청바지,1,67000,0.1,계좌이체
ORD004112,2026-01-03 15:39:54,C01406,남,23,서울,뷰티,립틴트,2,17200,0,간편결제
ORD000825,2025-01-31 04:25:56,C00893,남,34,서울,식품,원두커피,1,18500,0.1,간편결제
ORD003913,2025-07-09 16:21:28,C00500,여,30,광주,생활용품,수건세트,1,30000,0.05,신용카드
ORD000605,2025-04-10 17:26:23,C00468,남,21,대구,식품,즉석밥24개,1,25700,0.2,무통장입금
ORD002570,2026-04-23 23:39:35,C00526,여,43,경기,전자기기,무선이어폰,4,83000,0,간편결제
ORD004756,2025-05-15 15:04:32,C01397,남,49,대전,뷰티,선크림,2,22400,0,무통장입금
ORD000361,2025-12-31 11:09:54,C00651,여,69,대구,식품,견과세트,1,31100,0.2,계좌이체
ORD002694,2025-06-01 13:11:23,C01503,여,56,광주,뷰티,립틴트,2,17500,0.2,간편결제
ORD002409,2025-10-06 04:52:15,C00902,남,41,서울,생활용품,수납함,2,25900,0.3,체크카드
ORD000766,2026-08-20 00:51:08,C00145,남,31,전남,식품,프로틴바,3,21700,0.05,신용카드
ORD001357,2026-08-30 18:18:29,C00048,여,50,울산,뷰티,샴푸,5,20100,0,체크카드
ORD001769,2026-05-28 01:11:18,C00442,여,35,울산,생활용품,수건세트,2,31500,0.15,무통장입금
ORD002620,2025-05-29 07:03:33,C00624,여,32,경기,생활용품,전기포트,1,49300,0.1,체크카드
ORD001077,2026-07-01 06:25:23,C00984,여,61,광주,전자기기,블루투스스피커,1,67000,0.3,계좌이체
ORD001412,2026-05-12 16:35:55,C01509,남,57,서울,뷰티,클렌징폼,2,16000,0,간편결제
ORD002123,2026-08-13 12:07:57,C00759,남,28,대전,전자기기,스마트워치,4,165800,0.05,계좌이체
ORD001504,2025-03-19 22:40:16,C00447,남,26,인천,생활용품,수건세트,1,34400,0.3,무통장입금
ORD000610,2026-05-23 17:38:09,C01221,남,20,대구,식품,프로틴바,1,22800,0.05,계좌이체
ORD003174,2026-02-16 20:06:30,C01228,남,19,서울,뷰티,클렌징폼,1,16700,0.1,간편결제
ORD003957,2026-02-24 21:00:42,C00504,여,35,서울,뷰티,수분크림,1,29500,0.1,체크카드
ORD000104,2025-03-26 04:00:09,C00145,여,49,경남,전자기기,스마트워치,1,162900,0.15,계좌이체
ORD002652,2025-10-10 06:17:33,C01353,여,57,경기,식품,생수24개,1,11500,0.15,신용카드
ORD003267,2026-01-24 22:38:23,C01145,여,19,전남,식품,프로틴바,2,21900,0,신용카드
ORD001807,2025-02-22 08:22:36,C00147,여,60,서울,패션,백팩,3,77300,0,무통장입금
ORD002443,2025-10-08 23:29:29,C00466,남,33,대전,뷰티,립틴트,4,17200,0.15,신용카드
ORD002481,2026-06-19 13:37:20,C01493,여,26,대전,식품,생수24개,1,12500,0.1,무통장입금
ORD001676,2026-01-11 15:11:34,C01501,남,29,서울,전자기기,무선이어폰,1,83900,0.15,무통장입금
ORD003701,2026-08-30 12:12:08,C00342,남,62,대구,식품,생수24개,2,12300,0.1,체크카드
ORD001903,2025-01-18 00:36:02,C00682,여,27,서울,식품,즉석밥24개,2,25100,0.05,신용카드
ORD003826,2025-05-31 21:01:46,C00638,여,66,경남,패션,셔츠,3,45200,0.2,계좌이체
ORD000511,2025-03-05 12:30:43,C01029,여,26,전남,뷰티,선크림,2,22700,0.1,신용카드
ORD004664,2025-05-12 09:54:29,C00677,여,43,경남,뷰티,립틴트,2,17100,0,신용카드
ORD001292,2026-08-14 13:39:37,C00547,여,53,울산,생활용품,수건세트,2,31700,0,간편결제
ORD004254,2026-08-20 17:37:06,C00398,여,37,대구,생활용품,무선청소기,1,199900,0,신용카드
ORD000726,2025-03-18 23:20:50,C00342,남,31,대전,패션,청바지,1,66700,0,간편결제
ORD004268,2026-02-24 02:46:02,C01321,여,56,부산,전자기기,블루투스스피커,5,69300,0.1,무통장입금
ORD003180,2025-01-03 02:54:52,C00033,남,53,울산,전자기기,스마트워치,4,162600,0,간편결제
ORD001749,2026-07-09 14:39:16,C01537,여,44,전남,전자기기,기계식키보드,2,82800,0,체크카드
ORD003781,2026-05-03 04:00:08,C00612,남,19,경남,생활용품,수건세트,2,30700,0.15,무통장입금
ORD003184,2026-02-16 12:42:52,C00737,남,55,대구,식품,프로틴바,1,23300,0.1,체크카드
ORD001425,2025-06-29 02:13:52,C00402,여,68,인천,식품,원두커피,3,18900,0.2,체크카드
ORD004443,2026-04-06 14:48:49,C00085,여,48,광주,뷰티,립틴트,1,18100,0.15,계좌이체
ORD002435,2025-05-27 11:59:38,C01091,남,20,,생활용품,수건세트,1,32600,0.1,신용카드
ORD004616,2026-02-08 21:08:13,C01447,남,42,,패션,백팩,1,79800,0.05,체크카드
ORD002516,2025-09-02 11:20:01,C01004,여,67,전남,식품,즉석밥24개,3,26300,0.1,신용카드
ORD002759,2026-08-25 09:21:02,C01311,남,20,경기,생활용품,텀블러,2,26700,0.3,무통장입금
ORD000083,2025-07-27 12:09:25,C00631,여,25,전남,패션,운동화,1,116000,0.1,무통장입금
ORD004932,2026-02-14 10:55:26,C00087,남,63,경기,식품,즉석밥24개,4,28800,0.1,간편결제
ORD004044,2025-11-05 16:27:43,C00097,남,39,대구,패션,셔츠,1,50300,0,신용카드
ORD003032,2025-12-27 02:38:15,C01107,남,25,전남,패션,운동화,4,106400,0,계좌이체
ORD001790,2025-08-03 21:28:34,C00498,여,26,광주,식품,프로틴바,2,22800,0.1,계좌이체
ORD004561,2025-05-08 16:45:42,C01343,남,50,울산,생활용품,텀블러,2,23000,0,계좌이체
ORD004333,2026-08-18 10:43:56,C01478,여,29,경남,식품,원두커피,1,19300,0.15,간편결제
ORD004418,2026-08-29 15:23:53,C00539,남,55,경남,생활용품,무선청소기,2,180000,0,계좌이체
ORD000997,2026-05-25 19:12:09,C00077,여,55,경기,생활용품,무선청소기,1,183200,0.1,계좌이체
ORD001068,2025-11-08 13:25:36,C00078,여,23,울산,식품,즉석밥24개,1,27000,0.3,간편결제
ORD002605,2025-07-05 20:38:42,C01373,여,51,광주,전자기기,블루투스스피커,2,66900,0,신용카드
ORD001936,2025-03-11 10:50:28,C00060,남,49,부산,전자기기,무선이어폰,1,75600,0.05,신용카드
ORD003987,2025-01-10 12:31:31,C00901,여,38,인천,뷰티,립틴트,1,18200,0.15,체크카드
ORD001736,2025-10-15 02:42:23,C00678,여,21,서울,뷰티,립틴트,4,18200,0.1,간편결제
ORD003361,2025-10-09 19:42:21,C00174,남,53,경남,뷰티,선크림,1,23300,0,간편결제
ORD002145,2025-07-21 18:39:20,C00780,남,46,전남,패션,백팩,1,74400,0,체크카드
ORD003524,2026-02-15 22:34:42,C01254,남,68,전남,전자기기,무선이어폰,2,77000,0.1,무통장입금
ORD003925,2025-12-21 06:43:01,C01270,여,51,부산,패션,운동화,1,117600,0,간편결제
ORD004245,2026-08-24 20:59:11,C00103,남,56,경남,전자기기,무선이어폰,1,75800,0.15,신용카드
ORD001648,2026-02-15 19:52:05,C00195,여,47,대구,전자기기,무선이어폰,3,75800,0.3,무통장입금
ORD003583,2025-11-14 10:04:14,C00799,남,38,인천,뷰티,립틴트,1,18100,0,무통장입금
ORD004728,2026-07-03 13:52:00,C00780,여,31,광주,식품,견과세트,4,29800,0.15,체크카드
ORD003156,2025-10-26 18:59:34,C00299,남,54,경남,식품,원두커피,2,16700,0.15,체크카드
ORD003675,2025-03-20 23:22:09,C01315,남,23,인천,패션,운동화,5,106100,0.1,무통장입금
ORD003540,2025-08-15 17:04:46,C00302,남,51,대전,전자기기,블루투스스피커,1,71500,0.05,체크카드
ORD004218,2025-08-13 13:10:49,C00842,여,43,전남,식품,견과세트,1,31100,0.2,신용카드
ORD000439,2026-02-13 17:09:23,C00631,여,54,경남,패션,운동화,5,112200,0.15,체크카드
ORD004055,2026-02-08 19:47:14,C00756,여,34,대전,식품,생수24개,1,12700,0.15,체크카드
ORD002882,2025-02-04 12:52:35,C00221,남,57,전남,전자기기,블루투스스피커,1,70600,0.05,간편결제
ORD002741,2025-01-22 20:09:01,C01332,남,42,인천,전자기기,스마트워치,1,165500,0.2,체크카드
ORD004603,2026-03-20 18:05:07,C00710,여,34,대구,식품,견과세트,2,30400,0,계좌이체
ORD003038,2026-04-19 22:37:11,C00269,남,69,전남,식품,즉석밥24개,1,28100,0,무통장입금
ORD002042,2025-05-10 18:14:52,C01148,남,61,경기,패션,셔츠,1,51000,0.1,체크카드
ORD000274,2026-01-14 06:29:06,C00468,여,47,울산,생활용품,수건세트,1,33700,0,체크카드
ORD002951,2025-06-10 08:25:46,C00755,여,66,인천,패션,후드티,1,61200,0.1,간편결제
ORD001844,2025-10-02 07:46:46,C00161,남,28,부산,뷰티,샴푸,2,21100,0.05,신용카드
ORD004568,2025-04-03 00:23:37,C00058,남,24,서울,식품,프로틴바,2,20500,0.1,계좌이체
ORD001949,2025-02-18 12:33:20,C00488,남,63,인천,패션,셔츠,2,47300,0,체크카드
ORD003490,2025-02-14 03:33:26,C00250,여,27,경남,식품,견과세트,1,28500,0.1,무통장입금
ORD001003,2025-05-25 18:12:07,C00865,남,47,서울,식품,프로틴바,1,22600,0,신용카드
ORD004362,2025-05-07 15:28:33,C00784,여,57,울산,뷰티,립틴트,1,18100,0.05,무통장입금
ORD002830,2025-04-25 01:02:41,C00315,여,25,서울,생활용품,무선청소기,1,190000,0,체크카드
ORD001392,2026-03-28 21:04:31,C00990,남,55,부산,생활용품,수납함,1,28900,0.3,간편결제
ORD004635,2025-03-17 12:56:37,C00388,여,60,경기,뷰티,립틴트,3,18600,0.2,간편결제
ORD004164,2025-04-16 06:04:56,C01188,여,44,인천,전자기기,스마트워치,2,161300,0,계좌이체
ORD001313,2026-07-31 12:22:43,C00928,여,25,대구,생활용품,무선청소기,2,181400,0,신용카드
ORD002763,2025-01-01 04:37:53,C00730,남,30,전남,생활용품,전기포트,4,48200,0.2,신용카드
ORD001356,2026-01-04 07:16:17,C00437,남,19,울산,패션,운동화,1,103500,0,신용카드
ORD000571,2025-12-21 14:20:43,C00311,여,46,대전,식품,견과세트,1,28700,0.1,신용카드
ORD002169,2026-05-14 16:55:12,C00595,남,52,서울,전자기기,보조배터리,1,36700,0.05,체크카드
ORD001460,2026-01-05 22:34:13,C00697,여,62,대구,생활용품,텀블러,1,25200,0,간편결제
ORD003091,2026-08-11 12:14:18,C01181,여,35,전남,패션,백팩,4,84900,0.1,체크카드
ORD000027,2026-05-05 09:29:08,C01352,여,64,대전,전자기기,스마트워치,1,165200,0.15,간편결제
ORD003445,2025-08-27 17:27:07,C00617,남,45,광주,생활용품,수납함,2,28400,0.1,계좌이체
ORD003126,2025-01-28 12:35:08,C00450,남,36,경남,생활용품,수건세트,1,33300,0,체크카드
ORD004705,2025-04-21 22:38:17,C01103,남,33,,뷰티,립틴트,2,17800,0.2,간편결제
ORD004489,2026-09-05 11:15:11,C01385,남,30,대구,식품,프로틴바,3,20900,0.15,체크카드
ORD004772,2025-10-28 16:00:27,C01335,여,33,울산,생활용품,무선청소기,1,203200,0,체크카드
ORD000649,2026-01-30 22:34:37,C00616,남,23,광주,생활용품,수납함,1,28600,0,신용카드
ORD002094,2025-06-06 02:00:29,C00445,남,38,경남,뷰티,선크림,1,22200,0.1,무통장입금
ORD000988,2025-01-19 07:25:14,C01116,남,49,대전,뷰티,선크림,2,23800,0.1,신용카드
ORD003637,2026-09-17 00:30:04,C01147,여,36,부산,전자기기,블루투스스피커,3,68500,0,체크카드
ORD001468,2026-07-17 06:39:19,C01367,여,37,대구,패션,셔츠,1,46300,0.1,무통장입금
ORD002783,2026-02-09 06:28:36,C01354,여,21,서울,식품,즉석밥24개,1,28900,0,간편결제
ORD002825,2025-05-21 07:28:31,C01569,여,33,광주,전자기기,블루투스스피커,1,68300,0,간편결제
ORD001608,2025-01-13 17:49:16,C01432,여,38,전남,뷰티,립틴트,2,18700,0.05,체크카드
ORD001820,2025-06-12 06:49:29,C00298,남,56,경기,전자기기,무선이어폰,2,83300,0.15,신용카드
ORD001661,2025-11-11 07:18:44,C01215,남,19,전남,생활용품,텀블러,3,24100,0,신용카드
ORD000446,2025-05-14 11:58:11,C01179,여,68,인천,패션,셔츠,5,46500,0,체크카드
ORD002080,2026-07-15 05:31:40,C00233,남,48,경기,전자기기,스마트워치,1,155900,0.05,체크카드
ORD000720,2026-01-20 02:32:57,C01474,남,63,광주,생활용품,수납함,1,25900,0.05,계좌이체
ORD003877,2025-07-07 10:41:26,C00835,남,25,경기,패션,백팩,1,83700,0.1,무통장입금
ORD004387,2026-03-19 14:01:17,C01150,여,53,인천,생활용품,수건세트,2,33300,0,체크카드
ORD003548,2025-02-24 17:41:44,C01579,남,18,광주,패션,셔츠,1,52400,0,간편결제
ORD002133,2026-06-04 04:11:49,C01133,남,67,울산,패션,셔츠,1,52800,0.1,무통장입금
ORD003153,2026-02-20 14:21:44,C00519,여,50,경기,뷰티,립틴트,1,17300,0.15,신용카드
ORD002183,2025-09-27 02:17:09,C00708,남,25,광주,식품,프로틴바,1,22700,0.1,간편결제
ORD001033,2026-02-08 22:15:10,C00021,남,18,인천,생활용품,전기포트,4,45400,0,체크카드
ORD001328,2025-03-16 07:34:34,C00065,남,56,부산,전자기기,보조배터리,1,36900,0.1,무통장입금
ORD002533,2025-01-08 12:13:33,C01181,남,39,광주,패션,청바지,1,69800,0.1,체크카드
ORD003946,2026-09-13 08:36:23,C01335,남,63,서울,식품,견과세트,1,29800,0.1,간편결제
ORD002528,2025-09-21 01:54:49,C00062,여,27,부산,생활용품,수납함,2,27100,0.3,신용카드
ORD000102,2026-03-11 07:20:50,C00449,여,48,대전,패션,후드티,1,55400,0,간편결제
ORD000348,2026-03-28 23:02:36,C00183,남,20,광주,전자기기,보조배터리,1,38000,0,간편결제
ORD001238,2025-01-29 11:07:46,C00376,여,48,전남,생활용품,수납함,1,28000,0.2,체크카드
ORD002789,2025-08-11 04:55:06,C00309,여,22,전남,생활용품,무선청소기,5,181500,0,무통장입금
ORD000142,2025-12-20 05:06:47,C00911,남,45,울산,뷰티,립틴트,3,17800,0.05,계좌이체
ORD000136,2025-12-19 09:19:34,C00455,남,32,인천,식품,원두커피,1,17800,0.1,계좌이체
ORD002446,2025-09-20 16:21:04,C00089,남,49,대구,생활용품,전기포트,1,49800,0.15,간편결제
ORD001941,2025-05-02 21:21:24,C01295,남,25,인천,뷰티,립틴트,2,17300,0,체크카드
ORD000770,2025-10-17 13:59:12,C00628,여,51,경남,전자기기,블루투스스피커,1,71600,0,무통장입금
ORD000293,2026-01-26 07:29:08,C01254,여,34,대전,생활용품,수납함,3,27000,0.1,간편결제
ORD000848,2025-12-07 03:10:51,C01144,남,61,대구,뷰티,선크림,1,23400,0.15,체크카드
ORD001380,2026-03-14 09:07:11,C00376,남,47,인천,전자기기,블루투스스피커,2,63800,0.05,계좌이체
ORD004540,2025-07-13 01:27:45,C00300,여,34,서울,생활용품,수납함,1,28500,0,체크카드
ORD003586,2025-06-01 22:42:11,C00117,여,43,전남,식품,생수24개,1,12000,0,신용카드
ORD000245,2025-05-21 15:38:55,C00634,남,50,부산,식품,즉석밥24개,1,27000,0.1,계좌이체
ORD003970,2026-08-28 08:35:57,C00835,여,62,인천,식품,프로틴바,2,21200,0.05,무통장입금
ORD002230,2025-06-06 12:36:30,C01107,남,62,부산,식품,생수24개,3,13000,0.1,간편결제
ORD004358,2025-02-24 05:12:37,C00536,여,29,대구,패션,후드티,1,63200,0.05,무통장입금
ORD000368,2025-07-10 04:35:36,C00503,남,19,경남,패션,셔츠,1,50700,0.3,무통장입금
ORD002963,2026-03-11 14:53:48,C00260,남,58,광주,뷰티,수분크림,1,32500,0.1,신용카드
ORD004170,2026-08-17 21:03:44,C00177,여,55,전남,전자기기,무선이어폰,1,72800,0,간편결제
ORD000007,2025-02-21 20:25:55,C00561,여,47,울산,패션,운동화,5,115200,0.05,신용카드
ORD000149,2025-03-21 00:22:37,C01027,여,62,경기,생활용품,전기포트,1,50300,0,무통장입금
ORD001929,2026-06-20 10:54:38,C00320,여,52,인천,전자기기,스마트워치,1,164500,0.15,계좌이체
ORD001506,2026-09-17 15:21:32,C00540,남,25,인천,뷰티,샴푸,3,22200,0.15,계좌이체
ORD001059,2025-10-05 18:25:07,C01527,남,25,부산,생활용품,무선청소기,1,181400,0.1,계좌이체
ORD001988,2026-08-07 11:03:51,C00844,여,44,전남,패션,백팩,1,74100,0,간편결제
ORD000669,2026-05-02 22:05:14,C01056,여,43,경기,뷰티,립틴트,1,18700,0,신용카드
ORD002918,2026-02-26 07:56:41,C00031,여,23,경남,식품,생수24개,1,11100,0.05,계좌이체
ORD003276,2025-06-23 16:38:17,C00015,여,43,부산,뷰티,수분크림,1,32700,0.05,무통장입금
ORD004273,2026-07-04 13:37:06,C00485,남,25,대전,생활용품,수납함,1,26200,0.1,신용카드
ORD002580,2026-08-12 20:08:07,C01179,여,48,울산,뷰티,수분크림,1,29500,0,계좌이체
ORD000641,2026-02-25 20:34:27,C01468,남,36,전남,생활용품,무선청소기,2,198600,0.15,간편결제
ORD002082,2026-02-22 03:03:46,C00876,여,51,광주,생활용품,수납함,2,27600,0.2,무통장입금
ORD002994,2025-10-02 20:05:38,C00254,남,50,전남,뷰티,립틴트,1,17300,0.1,무통장입금
ORD003905,2025-10-02 11:33:03,C00790,여,59,대구,생활용품,전기포트,1,51000,0,간편결제
ORD004234,2025-08-09 05:22:47,C01446,남,26,전남,전자기기,스마트워치,1,162300,0.2,체크카드
ORD000956,2025-03-15 05:56:23,C00003,남,68,전남,패션,후드티,1,61700,0.15,체크카드
ORD002084,2026-05-02 04:04:42,C00723,남,66,울산,뷰티,클렌징폼,2,16800,0,신용카드
ORD001413,2025-01-14 07:24:57,C01150,여,61,인천,식품,원두커피,1,19200,0.1,간편결제
ORD002590,2026-06-24 08:13:27,C00461,여,30,부산,패션,후드티,2,59100,0.2,신용카드
ORD000227,2025-11-15 11:38:09,C01011,여,63,대전,생활용품,수건세트,1,33100,0.05,계좌이체
ORD001216,2025-06-10 15:21:12,C01505,여,40,전남,식품,프로틴바,1,20800,0.2,무통장입금
ORD003087,2026-05-19 16:58:49,C00263,남,67,대구,패션,운동화,1,109700,0.1,간편결제
ORD001194,2026-04-30 22:01:54,C01419,여,19,전남,전자기기,보조배터리,1,39700,0,무통장입금
ORD000108,2026-01-21 10:19:32,C00953,여,49,울산,패션,청바지,1,66200,0.15,체크카드
ORD003670,2025-07-09 23:31:08,C00681,여,56,대전,전자기기,기계식키보드,1,84700,0,계좌이체
ORD002211,2026-03-31 00:13:36,C00602,남,18,울산,패션,운동화,1,110200,0,신용카드
ORD003475,2026-07-15 15:43:37,C01527,여,41,서울,생활용품,전기포트,4,46800,0.15,신용카드
ORD002352,2025-12-07 05:10:44,C01273,여,,대전,전자기기,보조배터리,2,36100,0.05,체크카드
ORD001531,2025-06-15 14:59:35,C01529,남,53,인천,식품,생수24개,2,12200,0.05,무통장입금
ORD003176,2026-03-18 06:13:29,C00726,여,34,광주,생활용품,무선청소기,2,187100,0.1,신용카드
ORD001274,2025-09-10 11:40:27,C01543,여,51,경기,뷰티,수분크림,1,29800,0,체크카드
ORD001539,2025-06-20 12:41:25,C01318,남,39,울산,생활용품,전기포트,1,49100,0,신용카드
ORD002901,2025-12-26 20:43:55,C01179,남,34,부산,패션,운동화,3,109500,0.1,체크카드
ORD004291,2025-03-06 16:50:35,C01388,여,44,울산,패션,청바지,2,72600,0,계좌이체
ORD001421,2026-01-02 03:12:49,C01522,남,48,대구,뷰티,수분크림,1,31900,0.1,신용카드
ORD004970,2026-01-14 09:25:58,C01308,남,54,서울,식품,프로틴바,1,23400,0.1,무통장입금
ORD001118,2025-03-10 02:47:05,C00248,여,57,울산,식품,원두커피,1,18300,0.05,체크카드
ORD004147,2025-11-23 20:23:27,C00117,여,27,경남,패션,운동화,1,112200,0,신용카드
ORD003593,2025-02-26 01:59:00,C00388,남,57,대구,전자기기,무선이어폰,1,81100,0,체크카드
ORD000356,2025-01-12 12:02:34,C01284,여,23,경남,뷰티,수분크림,1,30500,0.1,무통장입금
ORD001036,2025-12-21 02:15:42,C00096,여,,경기,식품,즉석밥24개,2,24900,0.3,간편결제
ORD000631,2026-01-21 04:49:08,C01446,여,53,인천,생활용품,무선청소기,3,174900,0.1,체크카드
ORD000813,2026-08-09 13:03:39,C00277,남,25,인천,생활용품,수건세트,20,29700,0.1,신용카드
ORD001376,2025-01-21 23:34:27,C01191,남,29,경기,패션,청바지,1,74200,0.2,간편결제
ORD004918,2025-11-23 03:50:22,C01590,남,54,경기,전자기기,블루투스스피커,1,72800,0.05,계좌이체
ORD000276,2025-11-21 01:21:20,C01426,남,55,서울,식품,즉석밥24개,1,29000,0,계좌이체
ORD002278,2025-01-26 01:34:51,C00891,여,43,경남,생활용품,수납함,2,28800,0,계좌이체
ORD004450,2026-03-16 17:05:19,C00994,남,19,광주,뷰티,샴푸,1,21800,0,체크카드
ORD003183,2025-09-11 11:41:54,C00533,여,38,인천,생활용품,전기포트,1,47400,0.2,간편결제
ORD000508,2025-03-07 10:14:54,C01308,남,22,경남,뷰티,샴푸,1,21600,0.05,무통장입금
ORD002953,2025-06-08 00:32:57,C00460,여,27,경기,패션,백팩,4,82600,0,간편결제
ORD003006,2025-05-28 07:55:36,C00578,여,37,경남,생활용품,텀블러,1,26300,0.1,체크카드
ORD004208,2025-11-09 16:30:36,C00713,남,58,광주,전자기기,블루투스스피커,1,70700,0,신용카드
ORD003187,2026-06-27 11:21:19,C01412,남,66,광주,생활용품,전기포트,1,47900,0.2,간편결제
ORD002310,2026-04-02 07:56:14,C01114,여,43,울산,생활용품,수납함,1,27900,0.1,신용카드
ORD003121,2025-12-12 05:39:59,C00697,남,53,경남,식품,견과세트,3,26900,0,체크카드
ORD001218,2026-06-14 01:20:53,C01149,남,20,경남,패션,운동화,1,101800,0.05,신용카드
ORD002478,2025-02-06 05:30:16,C01070,여,30,대구,뷰티,립틴트,1,16800,0,신용카드
ORD002513,2026-01-27 11:55:31,C00096,남,69,경기,식품,프로틴바,1,22200,0,신용카드
ORD001883,2025-11-21 21:14:26,C01301,여,64,경기,생활용품,텀블러,1,25400,0.05,무통장입금
ORD004119,2025-07-30 18:26:44,C00167,여,43,서울,뷰티,립틴트,2,19200,0.1,체크카드
ORD001763,2025-07-27 04:23:10,C01055,남,36,서울,뷰티,립틴트,1,18700,0.15,계좌이체
ORD001000,2025-08-05 11:26:42,C01046,남,62,대구,식품,원두커피,1,19300,0,계좌이체
ORD000955,2026-03-25 22:57:46,C00114,남,48,서울,생활용품,무선청소기,1,186700,0,간편결제
ORD001839,2025-02-07 17:41:22,C01147,여,49,부산,생활용품,무선청소기,1,179400,0.05,신용카드
ORD004679,2025-01-21 07:39:19,C00509,남,55,경남,생활용품,수건세트,1,33000,0.2,무통장입금
ORD000805,2026-06-29 16:31:19,C00716,여,60,광주,전자기기,기계식키보드,5,85000,0,체크카드
ORD004541,2025-02-21 17:21:38,C00632,남,57,대전,생활용품,수납함,1,26600,0.3,신용카드
ORD000755,2026-08-03 02:50:17,C00663,남,20,대전,생활용품,수납함,1,28300,0.05,계좌이체
ORD000244,2025-02-12 12:22:54,C00084,남,35,광주,식품,즉석밥24개,1,25400,0.2,계좌이체
ORD002855,2026-02-25 11:07:14,C00036,남,18,인천,식품,생수24개,1,12700,0,간편결제
ORD004054,2025-11-06 02:52:10,C00887,여,22,대구,생활용품,무선청소기,3,186300,0,계좌이체
ORD001737,2026-08-05 13:33:16,C00812,여,18,인천,패션,셔츠,1,51500,0.1,체크카드
ORD001486,2025-04-26 17:38:08,C01156,여,44,경남,전자기기,블루투스스피커,1,69900,0.2,신용카드
ORD003190,2025-02-11 07:14:18,C01564,남,56,경남,식품,원두커피,5,17700,0.15,신용카드
ORD001217,2026-05-08 17:49:32,C00252,남,62,울산,뷰티,립틴트,2,19300,0.2,무통장입금
ORD004464,2026-09-20 00:12:05,C01236,남,53,경기,패션,운동화,1,117400,0.1,체크카드
ORD004899,2025-02-13 23:45:20,C00548,남,30,대구,생활용품,무선청소기,5,175700,0,무통장입금
ORD000765,2025-06-02 08:14:33,C01590,남,53,부산,전자기기,무선이어폰,1,82400,0.1,무통장입금
ORD000893,2026-06-24 08:32:24,C00170,남,47,대전,전자기기,무선이어폰,1,85100,0.15,신용카드
ORD003116,2025-01-13 14:07:37,C00146,여,56,울산,생활용품,전기포트,1,47100,0.3,무통장입금
ORD000979,2025-06-03 00:09:15,C00858,여,19,서울,뷰티,샴푸,2,20300,0,무통장입금
ORD004478,2025-03-26 10:27:48,C01003,남,27,전남,전자기기,기계식키보드,2,84000,0.2,무통장입금
ORD001152,2026-01-12 07:31:54,C00343,남,59,대전,전자기기,보조배터리,1,39600,0.2,신용카드
ORD004092,2026-01-04 22:24:50,C00735,남,66,경기,패션,백팩,3,77300,0.1,무통장입금
ORD004871,2025-09-25 07:58:34,C01345,남,25,경남,생활용품,텀블러,1,25200,0.1,간편결제
ORD002036,2025-08-29 12:12:50,C00084,남,51,울산,생활용품,텀블러,1,23600,0.1,
ORD001016,2025-01-21 21:46:52,C00997,여,26,경남,뷰티,수분크림,1,34200,0.05,계좌이체
ORD003459,2025-10-22 04:11:53,C01395,여,68,부산,식품,원두커피,1,18400,0.05,간편결제
ORD000664,2025-04-15 17:52:41,C01104,여,46,인천,뷰티,클렌징폼,2,15900,0.05,간편결제
ORD001383,2026-06-04 05:20:59,C00051,여,50,경기,생활용품,수건세트,2,32900,0.3,체크카드
ORD000473,2025-07-28 03:41:03,C01591,남,21,경기,패션,셔츠,1,52700,0.05,무통장입금
ORD002138,2026-05-29 02:41:35,C00483,여,64,경기,패션,운동화,2,110700,0.05,간편결제
ORD001998,2026-02-25 12:56:15,C00007,여,30,서울,뷰티,립틴트,3,18300,0.1,체크카드
ORD001672,2026-02-16 03:21:09,C00996,남,31,대구,생활용품,무선청소기,3,174800,0,무통장입금
ORD004456,2025-06-22 05:23:37,C00439,남,32,경남,생활용품,전기포트,2,47300,0.15,신용카드
ORD000995,2025-03-17 02:54:36,C01279,남,53,인천,패션,청바지,1,65100,0,체크카드
ORD004952,2026-02-02 10:27:07,C00636,여,39,대구,패션,백팩,1,79100,0.1,신용카드
ORD003862,2026-01-03 11:20:42,C01553,남,18,대전,식품,생수24개,1,12300,0.05,체크카드
ORD000681,2026-02-01 00:05:55,C00106,남,47,서울,뷰티,클렌징폼,2,15100,0.05,간편결제
ORD000467,2026-01-21 23:54:06,C01599,남,58,광주,패션,백팩,1,81600,0.2,신용카드
ORD001746,2025-01-21 11:05:12,C00823,남,33,전남,식품,생수24개,3,11200,0.05,간편결제
ORD002250,2025-11-20 06:26:26,C01037,여,26,광주,식품,원두커피,1,19400,0.05,체크카드
ORD001679,2026-02-01 12:47:54,C00366,남,24,전남,패션,셔츠,3,48300,0.1,간편결제
ORD001006,2026-09-09 09:35:17,C00218,남,45,대구,패션,청바지,1,70100,0.1,간편결제
ORD002659,2025-08-26 14:38:35,C01440,여,58,전남,식품,프로틴바,1,21500,0,무통장입금
ORD003209,2025-08-31 04:17:10,C00821,남,63,대구,식품,프로틴바,1,21700,0.1,신용카드
ORD004369,2025-11-23 20:34:23,C00254,여,37,,패션,후드티,1,60800,0.05,간편결제
ORD001349,2025-10-12 12:36:36,C01139,남,60,광주,패션,후드티,1,57200,0,무통장입금
ORD003511,2025-08-31 02:41:57,C00985,남,30,전남,전자기기,무선이어폰,1,78300,0,간편결제
ORD003649,2025-11-30 04:07:13,C00052,남,26,울산,패션,후드티,1,54300,0,무통장입금
ORD004376,2025-02-28 20:15:51,C00981,남,62,대전,전자기기,스마트워치,3,150500,0,신용카드
ORD001416,2025-11-14 23:32:28,C00128,여,39,경기,패션,셔츠,1,52700,0,계좌이체
ORD002407,2025-04-06 02:10:14,C00557,여,57,경남,전자기기,무선이어폰,2,79400,0.15,체크카드
ORD004769,2025-08-26 08:30:09,C00454,남,31,대구,패션,청바지,1,72600,0.2,신용카드
ORD000052,2025-01-07 15:15:46,C00366,여,32,대구,뷰티,립틴트,1,17200,0.2,간편결제
ORD003338,2026-06-03 21:59:08,C01588,여,62,울산,식품,견과세트,1,29500,0.3,무통장입금
ORD000491,2026-06-11 17:17:10,C01174,남,24,서울,전자기기,보조배터리,4,37200,0.1,무통장입금
ORD000859,2026-05-22 10:09:10,C00992,여,46,광주,뷰티,클렌징폼,4,17200,0.05,무통장입금
ORD000780,2026-05-10 05:28:05,C01218,남,19,울산,패션,백팩,1,73300,0.15,계좌이체
ORD002379,2026-04-22 02:02:46,C00815,여,45,서울,패션,청바지,3,71700,0,간편결제
ORD003839,2026-06-26 12:18:13,C01473,여,56,경기,식품,원두커피,2,16900,0,무통장입금
ORD003117,2026-04-19 16:27:05,C01164,남,23,경남,식품,프로틴바,1,21600,0.1,체크카드
ORD002601,2026-06-28 18:52:01,C00163,남,18,인천,패션,후드티,2,54500,0.2,신용카드
ORD000035,2026-04-28 05:38:15,C00504,남,24,경남,뷰티,샴푸,1,22400,0.15,계좌이체
ORD003547,2025-10-01 19:12:44,C01599,남,48,인천,패션,백팩,1,76200,0,간편결제
ORD004818,2025-01-12 21:07:31,C00750,여,21,전남,생활용품,전기포트,4,52200,0.15,체크카드
ORD001154,2026-03-21 17:22:17,C00698,남,45,경기,생활용품,수납함,1,30100,0.3,계좌이체
ORD003686,2025-02-20 22:51:20,C00217,여,49,서울,전자기기,무선이어폰,1,82600,0,신용카드
ORD002184,2025-10-19 16:26:52,C00518,남,41,울산,전자기기,무선이어폰,1,79300,0,무통장입금
ORD001975,2026-01-31 06:09:36,C01503,남,21,대전,식품,프로틴바,2,22300,0,무통장입금
ORD002917,2026-04-24 10:33:20,C00125,여,52,경남,뷰티,립틴트,1,17100,0.05,계좌이체
ORD001644,2025-02-08 15:43:27,C00295,남,39,서울,식품,프로틴바,3,23300,0,무통장입금
ORD001715,2025-04-25 05:32:52,C00498,남,42,인천,생활용품,수납함,1,27500,0.1,신용카드
ORD003306,2026-04-22 17:57:55,C01243,여,57,대전,식품,프로틴바,1,23200,0.1,무통장입금
ORD003876,2025-07-31 06:55:15,C01533,여,56,울산,뷰티,클렌징폼,1,15700,0,무통장입금
ORD004923,2025-07-17 13:02:47,C01264,남,68,울산,생활용품,텀블러,2,23600,0.1,간편결제
ORD004305,2025-08-13 18:36:01,C01029,남,41,서울,패션,백팩,1,85100,0,계좌이체
ORD000296,2026-02-14 04:20:04,C00773,남,43,광주,뷰티,클렌징폼,1,16300,0.1,간편결제
ORD001673,2026-05-30 15:08:13,C00156,여,54,광주,생활용품,수납함,1,28400,0.3,간편결제
ORD001853,2026-08-21 15:36:11,C00612,남,60,경남,식품,프로틴바,1,22100,0,체크카드
ORD001136,2026-01-24 16:13:23,C00569,여,41,광주,식품,원두커피,2,19300,0.3,신용카드
ORD001537,2025-05-11 00:12:39,C01194,여,25,대전,생활용품,수납함,1,28600,0.1,간편결제
ORD004101,2025-09-20 21:02:54,C01254,여,44,대구,전자기기,블루투스스피커,1,65900,0.15,간편결제
ORD002703,2026-07-04 09:41:54,C00477,여,62,부산,생활용품,전기포트,5,45200,0.1,무통장입금
ORD004578,2025-09-27 15:20:34,C00611,여,49,전남,패션,후드티,2,60200,0,체크카드
ORD001021,2025-09-07 19:07:13,C00917,여,,부산,뷰티,선크림,1,25300,0.1,체크카드
ORD002845,2025-02-10 02:20:33,C00487,남,30,대구,뷰티,샴푸,1,22200,0.05,계좌이체
ORD001615,2025-07-04 07:48:52,C00988,여,45,경기,패션,후드티,1,61400,0.2,신용카드
ORD001204,2025-01-09 00:32:19,C00185,남,24,경남,뷰티,수분크림,5,32000,0.1,신용카드
ORD004020,2025-10-15 17:54:11,C00165,여,36,울산,식품,견과세트,1,30100,0,무통장입금
ORD000684,2025-01-16 02:43:08,C00127,여,35,광주,전자기기,블루투스스피커,3,70700,0.05,계좌이체
ORD001920,2025-02-12 23:53:28,C01378,남,54,대전,패션,운동화,1,109400,0.1,무통장입금
ORD002098,2025-10-16 12:42:17,C00363,여,55,광주,패션,청바지,1,70000,0.15,무통장입금
ORD001318,2025-04-02 18:55:14,C01344,여,59,대전,뷰티,선크림,1,22600,0,신용카드
ORD004948,2026-03-08 12:49:36,C01356,여,40,대전,전자기기,무선이어폰,2,75600,0.3,간편결제
ORD001288,2025-08-28 06:09:51,C01387,남,52,경기,뷰티,수분크림,1,30400,0,무통장입금
ORD003740,2025-02-16 06:59:31,C00366,여,39,울산,식품,프로틴바,2,22400,0,무통장입금
ORD000470,2025-08-15 06:40:41,C00175,남,40,경기,뷰티,클렌징폼,1,15400,0,신용카드
ORD001389,2025-08-26 22:33:33,C01495,여,62,인천,전자기기,무선이어폰,1,84300,0,계좌이체
ORD002083,2026-09-15 19:30:32,C00022,남,69,울산,생활용품,수건세트,2,32100,0.05,간편결제
ORD004537,2025-06-16 16:17:12,C00741,여,28,울산,전자기기,무선이어폰,1,85100,0,신용카드
ORD003496,2025-11-18 06:02:51,C00943,남,25,서울,생활용품,무선청소기,4,184400,0.1,신용카드
ORD000899,2026-06-14 17:56:31,C01337,여,61,부산,전자기기,보조배터리,2,38900,0,체크카드
ORD002229,2025-10-16 02:10:28,C01049,남,57,인천,뷰티,클렌징폼,1,15400,0.05,무통장입금
ORD003052,2025-02-27 09:21:12,C00542,남,43,대전,식품,견과세트,1,30400,0,계좌이체
ORD001252,2025-12-20 04:25:19,C00454,남,46,인천,패션,청바지,2,67900,0.2,간편결제
ORD000494,2026-08-07 09:06:41,C01246,여,35,경남,식품,견과세트,1,26900,0.15,무통장입금
ORD003128,2026-04-28 17:14:04,C00349,여,51,서울,뷰티,립틴트,5,17700,0.05,신용카드
ORD001687,2026-01-31 07:47:52,C01116,여,22,인천,생활용품,전기포트,1,52800,0.1,신용카드
ORD003912,2025-05-16 06:19:58,C01319,남,35,울산,전자기기,기계식키보드,1,88100,0,신용카드
ORD002889,2025-11-16 00:55:33,C01013,여,24,부산,생활용품,전기포트,1,45400,0.2,신용카드
ORD001950,2026-07-28 05:59:41,C00810,남,64,인천,뷰티,수분크림,1,29900,0.1,간편결제
ORD000207,2025-04-22 22:29:28,C01314,여,59,경남,뷰티,립틴트,1,16700,0.3,계좌이체
ORD002692,2025-10-20 17:23:00,C01529,남,44,부산,전자기기,무선이어폰,1,79200,0.1,무통장입금
ORD004099,2025-09-09 23:42:12,C00234,남,35,대전,식품,생수24개,1,12400,0,계좌이체
ORD002393,2026-07-09 20:52:23,C00646,남,40,대전,뷰티,샴푸,1,19700,0,간편결제
ORD003483,2025-04-21 00:53:47,C00782,여,50,울산,전자기기,기계식키보드,1,90700,0.3,계좌이체
ORD002150,2025-10-28 15:52:53,C01492,여,52,경기,전자기기,스마트워치,2,155800,0.15,신용카드
ORD004430,2025-01-12 08:46:27,C00570,남,33,울산,생활용품,무선청소기,1,175300,0.05,체크카드
ORD003444,2025-05-17 11:33:07,C00431,남,36,경남,전자기기,스마트워치,2,156900,0.1,신용카드
ORD002369,2025-12-23 06:23:59,C00257,여,32,광주,생활용품,텀블러,1,26800,0.1,간편결제
ORD001816,2025-03-16 00:05:37,C01446,여,64,전남,뷰티,클렌징폼,1,15500,0.2,계좌이체
ORD002566,2026-08-14 07:12:01,C01253,여,36,대전,전자기기,기계식키보드,3,94300,0,체크카드
ORD003318,2025-06-14 04:21:40,C01463,남,55,전남,패션,청바지,1,66100,0.2,간편결제
ORD004270,2026-07-17 15:34:10,C00770,여,22,경기,뷰티,립틴트,1,16700,0,간편결제
ORD004484,2026-09-05 00:51:57,C01451,남,26,울산,생활용품,수납함,1,26100,0,신용카드
ORD000587,2025-10-10 10:59:31,C00861,여,19,전남,패션,청바지,1,74200,0,계좌이체
ORD004843,2025-09-29 15:39:18,C01428,남,38,경남,식품,생수24개,1,11300,0.2,무통장입금
ORD001141,2026-05-27 17:17:08,C00320,남,50,대구,뷰티,클렌징폼,1,15300,0,무통장입금
ORD000109,2026-06-09 12:59:31,C00454,남,67,인천,패션,청바지,1,65200,0,무통장입금
ORD003314,2025-08-31 03:14:14,C00408,남,34,대전,패션,후드티,2,58300,0,무통장입금
ORD002924,2026-06-06 19:35:43,C00357,남,28,서울,식품,견과세트,5,28700,0.15,신용카드
ORD001143,2025-05-25 20:27:15,C00513,남,29,전남,전자기기,보조배터리,2,41700,0.05,간편결제
ORD001771,2025-09-18 10:27:51,C01424,여,51,울산,패션,셔츠,1,45600,0.05,체크카드
ORD003468,2026-06-13 01:53:02,C01494,여,53,대전,패션,운동화,1,116800,0,무통장입금
ORD001657,2026-03-30 12:23:26,C00936,남,46,경기,식품,즉석밥24개,1,26400,0.1,간편결제
ORD000393,2026-03-04 15:53:22,C01485,남,20,대전,패션,셔츠,1,49200,0.3,체크카드
ORD002215,2026-04-12 23:20:06,C00549,,35,울산,전자기기,기계식키보드,1,87100,0.1,체크카드
ORD004193,2025-08-12 14:10:42,C00005,남,29,전남,생활용품,텀블러,1,24300,0.1,신용카드
ORD004121,2025-12-08 11:05:46,C00845,여,67,인천,뷰티,선크림,1,23400,0.05,신용카드
ORD003500,2026-04-08 23:32:02,C01137,여,36,부산,식품,즉석밥24개,1,25500,0.1,간편결제
ORD003407,2025-03-27 11:52:26,C01579,여,32,전남,식품,원두커피,2,16800,0,간편결제
ORD001063,2025-09-29 19:37:24,C00911,남,24,대구,뷰티,수분크림,1,33900,0.15,체크카드
ORD000745,2026-07-28 03:51:53,C01219,남,42,서울,식품,프로틴바,1,20700,0.05,체크카드
ORD002221,2026-08-20 04:08:09,C00370,여,46,대구,전자기기,기계식키보드,1,91300,0.15,신용카드
ORD000688,2026-06-19 00:59:25,C00918,여,69,울산,전자기기,무선이어폰,1,77800,0,신용카드
ORD003785,2025-11-01 03:55:51,C01135,남,42,울산,뷰티,클렌징폼,1,16700,0.1,간편결제
ORD002187,2025-12-29 03:20:07,C00522,여,69,서울,생활용품,텀블러,1,24300,0,신용카드
ORD004263,2026-03-14 04:00:55,C00375,남,51,부산,전자기기,블루투스스피커,1,66400,0,신용카드
ORD003023,2025-03-09 22:49:12,C01100,여,47,경남,생활용품,무선청소기,1,186300,0,간편결제
ORD004011,2025-11-25 02:54:20,C00383,남,56,광주,패션,백팩,1,84300,0,체크카드
ORD003222,2026-02-13 03:43:03,C00923,남,56,부산,뷰티,샴푸,1,20200,0.05,계좌이체
ORD004830,2025-03-27 20:21:53,C00212,여,51,경기,패션,후드티,1,55400,0.1,체크카드
ORD002367,2025-05-02 22:42:11,C01188,,27,부산,전자기기,블루투스스피커,3,67200,0,간편결제
ORD002494,2026-07-22 02:13:48,C01051,남,60,서울,생활용품,전기포트,1,50700,0.1,무통장입금
ORD003082,2025-07-03 01:29:34,C00814,남,41,대전,패션,운동화,2,110400,0.1,체크카드
ORD001027,2026-09-23 15:02:08,C00225,여,42,광주,뷰티,수분크림,1,34100,0.15,무통장입금
ORD004169,2026-08-12 13:49:30,C00549,남,37,서울,생활용품,무선청소기,1,182000,0.05,간편결제
ORD001859,2025-11-11 22:52:39,C01446,남,42,경남,전자기기,블루투스스피커,2,73600,0,계좌이체
ORD001266,2026-09-11 17:32:47,C01314,여,52,대전,식품,즉석밥24개,1,26500,0.05,체크카드
ORD003708,2026-05-12 03:15:32,C00967,여,22,경기,전자기기,무선이어폰,1,79100,0.15,체크카드
ORD000712,2025-06-05 01:49:34,C00403,여,60,경기,식품,즉석밥24개,1,28800,0,간편결제
ORD003411,2025-07-12 13:03:03,C01070,여,68,경기,생활용품,무선청소기,1,188000,0.05,신용카드
ORD002216,2025-03-14 21:16:24,C00105,여,40,서울,전자기기,보조배터리,5,40000,0.1,계좌이체
ORD001757,2026-04-11 12:26:42,C00095,남,26,광주,생활용품,수건세트,2,32600,0.1,무통장입금
ORD004481,2026-04-08 08:36:49,C00311,남,22,전남,패션,청바지,1,71200,0.2,간편결제
ORD000255,2025-02-14 22:05:43,C00463,여,25,대전,뷰티,클렌징폼,2,14900,0.05,체크카드
ORD002753,2026-06-22 20:45:47,C00012,여,23,부산,패션,운동화,2,109600,0.1,계좌이체
ORD003825,2026-02-11 00:14:35,C01101,여,27,부산,식품,원두커피,1,16700,0,무통장입금
ORD004556,2026-01-12 08:29:40,C01336,남,61,광주,뷰티,선크림,1,22900,0.1,신용카드
ORD002895,2026-09-25 23:27:31,C00348,여,55,울산,생활용품,수납함,3,27100,0.1,계좌이체
ORD001944,2025-03-09 22:56:07,C00756,남,18,서울,뷰티,클렌징폼,1,17100,0,계좌이체
ORD000407,2025-02-02 03:23:05,C01353,여,52,서울,패션,청바지,1,65100,0.1,신용카드
ORD004498,2025-05-01 03:27:26,C00944,여,34,대전,전자기기,무선이어폰,1,73900,0.1,간편결제
ORD002737,2025-09-13 18:51:47,C00002,남,41,경기,패션,백팩,2,74600,0.2,신용카드
ORD001210,2026-09-03 07:34:19,C00565,여,24,대구,패션,운동화,2,113700,0.1,체크카드
ORD003292,2026-03-08 23:23:09,C00003,여,24,경기,패션,셔츠,1,52300,0.1,무통장입금
ORD002466,2025-06-30 19:04:43,C00560,남,36,서울,식품,생수24개,1,11100,0.1,신용카드
ORD004999,2026-08-14 14:48:37,C00323,남,65,서울,전자기기,무선이어폰,1,73300,0.1,계좌이체
ORD004156,2026-03-13 01:41:11,C00136,남,24,경남,생활용품,수건세트,5,34100,0.05,신용카드
ORD004185,2025-09-14 05:54:53,C00628,,38,부산,패션,후드티,1,58200,0.05,무통장입금
ORD000287,2025-10-08 13:16:05,C00395,여,28,부산,전자기기,블루투스스피커,2,64200,0.1,무통장입금
ORD000357,2025-09-22 00:02:51,C01575,남,46,경남,뷰티,수분크림,1,34000,0.1,무통장입금
ORD000561,2025-06-22 19:59:57,C00704,여,25,서울,식품,생수24개,1,12900,0.05,신용카드
ORD000919,2026-03-25 17:03:09,C00526,남,23,대구,전자기기,기계식키보드,1,85900,0,체크카드
ORD002509,2025-09-04 13:04:53,C00257,여,67,대구,뷰티,수분크림,2,32800,0.15,무통장입금
ORD004733,2025-01-14 08:55:45,C01396,여,61,전남,뷰티,클렌징폼,1,16700,0,무통장입금
ORD001721,2025-01-27 18:52:44,C00472,남,39,부산,생활용품,텀블러,1,23500,0,간편결제
ORD001387,2026-02-03 07:17:48,C00430,남,29,울산,전자기기,블루투스스피커,3,66700,0.05,무통장입금
ORD003978,2025-03-19 20:36:44,C01176,여,19,경남,생활용품,텀블러,1,26000,0.1,계좌이체
ORD004782,2026-08-29 12:24:27,C01561,남,33,전남,뷰티,샴푸,1,20400,0,체크카드
ORD003010,2025-12-31 17:29:12,C00244,여,33,울산,전자기기,보조배터리,1,36000,0,간편결제
ORD003397,2026-06-05 00:31:19,C00707,여,49,경남,생활용품,수납함,3,26300,0.1,신용카드
ORD000411,2025-08-31 08:12:07,C00934,여,52,전남,뷰티,립틴트,5,18800,0,신용카드
ORD003808,2025-03-04 22:06:44,C00572,남,35,전남,생활용품,전기포트,3,50700,0.1,계좌이체
ORD000464,2025-05-22 14:50:12,C00929,남,35,인천,뷰티,클렌징폼,1,15900,0.2,신용카드
ORD003972,2025-10-08 12:18:45,C01404,여,23,대전,식품,원두커피,5,18800,0.2,체크카드
ORD001475,2026-06-14 06:49:30,C00877,남,29,광주,패션,청바지,1,71600,0.2,무통장입금
ORD000575,2026-04-16 12:12:50,C01593,남,61,서울,생활용품,무선청소기,3,202100,0.3,간편결제
ORD003779,2026-09-28 04:08:30,C00012,여,37,전남,뷰티,클렌징폼,4,15200,0.05,체크카드
ORD002537,2026-09-11 12:44:28,C00897,여,20,전남,생활용품,텀블러,4,24500,0.2,신용카드
ORD000429,2025-06-11 09:10:47,C00236,남,36,서울,전자기기,기계식키보드,1,83500,0.1,계좌이체
ORD000268,2026-08-09 21:33:02,C00569,남,61,전남,전자기기,보조배터리,4,41700,0.05,계좌이체
ORD000835,2025-03-04 11:32:11,C01474,여,27,광주,패션,운동화,1,115200,0.15,간편결제
ORD004053,2026-01-25 09:47:52,C01535,여,34,경기,뷰티,립틴트,3,17400,0,체크카드
ORD003173,2026-04-07 14:54:51,C00838,여,32,전남,전자기기,스마트워치,1,167900,0.05,체크카드
ORD001368,2025-04-23 12:53:51,C00887,여,19,경남,식품,원두커피,3,18400,0.15,체크카드
ORD002203,2025-07-23 01:52:20,C01519,여,56,경남,패션,운동화,1,112800,0.05,신용카드
ORD001488,2025-05-01 17:15:01,C00575,여,29,광주,전자기기,기계식키보드,1,89600,0,무통장입금
ORD000769,2025-02-14 17:26:45,C01327,남,49,인천,패션,셔츠,1,48100,0.2,무통장입금
ORD000406,2026-05-19 00:57:38,C01540,남,21,광주,전자기기,블루투스스피커,1,64900,0,간편결제
ORD002685,2026-06-15 11:29:02,C01508,여,38,부산,뷰티,수분크림,1,30900,0.1,무통장입금
ORD000620,2026-04-04 14:15:49,C01085,남,22,전남,식품,원두커피,2,17500,0.2,신용카드
ORD001396,2025-08-17 14:44:54,C00329,여,24,광주,전자기기,블루투스스피커,2,71000,0,신용카드
ORD001342,2026-01-15 04:48:35,C01074,여,48,대구,전자기기,무선이어폰,1,81200,0.3,계좌이체
ORD002343,2025-02-24 07:12:06,C01319,남,40,경남,뷰티,수분크림,1,31900,0.1,신용카드
ORD002671,2025-06-13 10:54:45,C00074,남,61,대구,전자기기,블루투스스피커,2,68100,0,신용카드
ORD001049,2025-12-05 18:00:04,C01319,여,26,대전,전자기기,기계식키보드,2,89000,0,무통장입금
ORD000493,2026-08-02 03:33:17,C00590,남,42,광주,뷰티,샴푸,3,21700,0.15,간편결제
ORD003189,2025-07-16 16:22:02,C00962,남,24,경기,생활용품,무선청소기,2,180900,0.05,무통장입금
ORD001306,2026-09-03 14:54:00,C00739,여,53,,뷰티,샴푸,3,21700,0,무통장입금
ORD004958,2026-03-20 16:21:24,C01267,여,27,대구,식품,견과세트,1,28800,0.1,체크카드
ORD004370,2026-04-25 22:13:49,C00238,여,39,부산,전자기기,기계식키보드,1,82500,0,체크카드
ORD000092,2025-12-30 09:57:45,C00512,남,58,인천,생활용품,수건세트,1,31800,0,신용카드
ORD003822,2025-08-25 18:45:46,C00495,남,24,경기,패션,셔츠,3,47000,0.1,체크카드
ORD000119,2026-08-21 21:39:25,C00527,남,27,전남,전자기기,블루투스스피커,1,66100,0.05,계좌이체
ORD003529,2025-01-26 15:06:22,C00622,여,49,서울,식품,원두커피,1,17100,0.05,무통장입금
ORD003911,2026-06-09 05:28:19,C00723,여,48,광주,식품,생수24개,1,12500,0.3,계좌이체
ORD000886,2025-02-10 04:27:02,C00881,여,39,광주,패션,백팩,3,83200,0.1,신용카드
ORD000788,2026-04-06 07:57:36,C00653,남,19,울산,뷰티,샴푸,1,21800,0,신용카드
ORD002350,2026-09-13 07:45:50,C00531,여,33,부산,전자기기,보조배터리,1,41900,0,체크카드
ORD001431,2025-04-18 11:30:14,C00885,여,36,서울,식품,프로틴바,1,22600,0.15,무통장입금
ORD000657,2026-03-10 18:44:28,C00474,여,18,부산,패션,청바지,3,66700,0.2,계좌이체
ORD000791,2026-07-29 02:08:48,C00809,여,40,대구,식품,프로틴바,1,20800,0.2,신용카드
ORD001169,2025-07-29 15:27:01,C00795,남,68,서울,패션,백팩,2,76500,0.1,간편결제
ORD002052,2026-01-27 22:20:49,C01288,남,51,서울,패션,후드티,1,62500,0,계좌이체
ORD001653,2025-08-09 14:09:53,C01050,남,60,서울,생활용품,무선청소기,1,186000,0,계좌이체
ORD002140,2025-09-14 14:39:45,C00018,남,31,전남,전자기기,보조배터리,3,41700,0.1,계좌이체
ORD002020,2025-05-02 14:53:46,C01241,남,62,대구,전자기기,보조배터리,2,40600,0,무통장입금
ORD002078,2025-02-03 23:05:43,C01548,남,49,인천,식품,생수24개,1,12600,0.15,간편결제
ORD001849,2025-03-04 01:44:28,C00265,남,22,대전,생활용품,무선청소기,1,176900,0.1,계좌이체
ORD001116,2025-11-19 00:32:43,C00846,여,38,서울,전자기기,무선이어폰,1,77100,0,계좌이체
ORD002091,2025-02-02 07:21:23,C00238,여,18,대구,식품,생수24개,3,12700,0.3,신용카드
ORD001593,2025-10-05 09:10:30,C00262,남,40,경남,생활용품,수건세트,3,31200,0.1,체크카드
ORD001999,2025-01-22 03:15:13,C00101,남,19,경남,전자기기,기계식키보드,1,85100,0.1,계좌이체
ORD001241,2025-01-18 11:57:25,C01426,남,37,인천,전자기기,기계식키보드,2,82600,0.05,체크카드
ORD003736,2025-01-19 23:42:29,C00228,여,27,전남,전자기기,스마트워치,1,154400,0.1,간편결제
ORD002945,2026-06-06 21:53:55,C00523,남,35,광주,식품,즉석밥24개,2,28900,0.2,신용카드
ORD000377,2026-09-24 02:17:25,C01448,여,21,인천,생활용품,무선청소기,1,174500,0,신용카드
ORD002423,2025-08-01 07:45:51,C01120,남,33,대구,식품,원두커피,3,18900,0,간편결제
ORD004877,2026-01-09 14:15:41,C00479,여,67,부산,전자기기,스마트워치,1,171400,0.3,무통장입금
ORD001233,2026-03-25 04:13:49,C00051,남,18,울산,생활용품,텀블러,4,23100,0.1,신용카드
ORD003042,2026-05-19 06:56:01,C00827,여,55,광주,전자기기,블루투스스피커,4,73400,0.3,신용카드
ORD004987,2025-01-04 15:10:36,C01094,여,37,서울,생활용품,무선청소기,1,185900,0,계좌이체
ORD001478,2025-10-16 19:20:29,C00940,여,37,대전,식품,원두커피,1,18400,0.05,계좌이체
ORD003693,2025-11-18 13:32:43,C00126,남,67,부산,전자기기,보조배터리,2,41600,0,체크카드
ORD003420,2026-03-20 00:02:29,C00387,여,63,,전자기기,기계식키보드,2,95100,0,무통장입금
ORD002938,2025-07-11 06:58:18,C00912,남,49,대구,전자기기,스마트워치,2,156300,0.2,체크카드
ORD003592,2026-05-14 16:09:55,C01201,남,56,대구,뷰티,클렌징폼,1,15200,0.1,무통장입금
ORD000723,2025-08-27 02:29:26,C01174,남,52,서울,패션,후드티,1,61700,0.1,계좌이체
ORD001203,2025-12-01 22:33:23,C00782,여,33,대전,뷰티,샴푸,1,19900,0,신용카드
ORD003982,2025-02-27 07:24:42,C00964,여,54,인천,뷰티,선크림,1,24300,0.15,신용카드
ORD004368,2026-07-24 16:18:54,C00367,여,48,대구,전자기기,기계식키보드,1,84300,0.05,체크카드
ORD000515,2025-06-10 02:24:21,C01537,남,18,울산,뷰티,선크림,2,25500,0,무통장입금
ORD002017,2025-05-04 05:26:01,C01302,남,50,경기,뷰티,클렌징폼,2,15300,0.1,무통장입금
ORD003016,2025-11-30 14:53:28,C00567,남,33,전남,식품,원두커피,1,18700,0,체크카드
ORD003759,2025-08-17 18:52:14,C00059,남,61,서울,생활용품,전기포트,1,51200,0.05,체크카드
ORD000329,2025-01-26 19:37:59,C01477,여,43,서울,뷰티,클렌징폼,5,16700,0,신용카드
ORD001698,2025-12-16 15:07:49,C00157,남,64,서울,전자기기,블루투스스피커,1,72500,0,계좌이체
ORD000413,2025-10-19 00:41:30,C00786,여,53,경기,패션,후드티,4,57800,0,무통장입금
ORD002546,2025-12-25 21:11:04,C00123,여,54,부산,생활용품,무선청소기,1,203500,0,신용카드
ORD001618,2025-12-24 12:42:01,C00430,남,65,부산,식품,견과세트,1,28200,0.3,신용카드
ORD000826,2026-05-21 07:21:35,C00719,여,34,전남,전자기기,보조배터리,2,37700,0.3,신용카드
ORD001074,2025-06-30 18:53:44,C00422,여,61,광주,식품,생수24개,5,12700,0.15,간편결제
ORD002386,2025-11-03 19:57:27,C01040,여,54,대구,생활용품,수납함,2,30100,0.15,간편결제
ORD004479,2025-03-30 02:28:15,C00662,여,59,광주,식품,즉석밥24개,1,28400,0.2,체크카드
ORD000495,2025-06-03 19:07:59,C00321,남,28,전남,전자기기,블루투스스피커,2,74200,0.15,신용카드
ORD002902,2025-11-20 17:21:55,C00393,남,65,경남,패션,셔츠,1,50800,0,계좌이체
ORD001087,2025-04-04 04:58:31,C01530,남,32,인천,전자기기,기계식키보드,4,83700,0,간편결제
ORD001767,2025-06-27 13:02:23,C00788,여,57,,전자기기,보조배터리,2,39000,0.05,체크카드
ORD001446,2025-06-08 17:17:12,C00087,여,32,광주,전자기기,보조배터리,1,36700,0,무통장입금
ORD004445,2025-10-31 02:53:44,C00906,여,27,경남,식품,즉석밥24개,2,25800,0.1,신용카드
ORD003134,2026-05-26 17:43:17,C00912,여,68,경기,식품,생수24개,5,11200,0.1,체크카드
ORD004870,2025-09-05 14:45:06,C00613,남,,서울,생활용품,전기포트,2,50200,0.2,무통장입금
ORD001429,2025-07-12 08:21:53,C00161,여,24,대전,전자기기,블루투스스피커,3,66800,0,계좌이체
ORD002992,2025-07-10 06:49:58,C00353,여,37,대구,패션,셔츠,1,46800,0,신용카드
ORD003704,2025-10-07 05:39:14,C00860,남,69,부산,뷰티,립틴트,1,17900,0,신용카드
ORD002384,2026-09-07 20:53:49,C01522,남,26,인천,전자기기,무선이어폰,1,76600,0,신용카드
ORD001434,2026-06-28 18:28:11,C00754,남,19,경기,전자기기,블루투스스피커,3,67300,0,체크카드
ORD004274,2025-05-14 17:07:24,C00753,여,33,인천,뷰티,립틴트,2,16700,0,신용카드
ORD003775,2025-07-04 16:29:14,C00001,여,57,대전,뷰티,수분크림,1,30600,0,계좌이체
ORD002847,2025-02-23 23:06:39,C00924,남,23,전남,전자기기,스마트워치,1,160300,0.1,간편결제
ORD003756,2025-12-28 09:09:36,C01081,여,61,대구,패션,청바지,2,65100,0.05,계좌이체
ORD000594,2025-11-30 08:43:29,C01265,남,30,대구,전자기기,블루투스스피커,4,63700,0.3,계좌이체
ORD000239,2026-05-09 14:26:37,C00582,여,30,대전,뷰티,선크림,1,24300,0.05,체크카드
ORD004590,2026-06-20 02:57:03,C00084,여,63,대전,식품,원두커피,5,19100,0.05,체크카드
ORD003481,2026-05-14 08:11:11,C01393,남,28,광주,식품,즉석밥24개,2,26300,0.3,신용카드
ORD002545,2025-06-01 16:25:56,C00933,여,26,대구,패션,운동화,1,112000,0,체크카드
ORD001948,2025-02-04 03:38:10,C00945,여,33,대구,생활용품,텀블러,2,24800,0.1,무통장입금
ORD001562,2026-06-04 18:28:45,C00758,남,60,부산,식품,생수24개,1,11700,0.2,간편결제
ORD001058,2025-03-16 15:21:49,C00051,여,46,인천,뷰티,클렌징폼,1,16100,0.15,간편결제
ORD001096,2025-11-06 04:09:56,C00164,여,42,광주,전자기기,스마트워치,2,168300,0.15,계좌이체
ORD002298,2026-01-18 02:52:35,C01183,여,40,경남,뷰티,클렌징폼,1,16700,0.1,체크카드
ORD001495,2025-01-30 22:23:08,C00061,남,41,경기,패션,셔츠,2,47600,0.3,체크카드
ORD003111,2025-09-10 20:10:03,C01313,여,53,인천,뷰티,수분크림,2,30200,0,신용카드
ORD000996,2026-08-11 18:32:06,C00855,여,28,대전,전자기기,블루투스스피커,1,71300,0.1,신용카드
ORD000046,2025-12-11 04:11:27,C00160,남,65,광주,패션,셔츠,2,49800,0.2,무통장입금
ORD004839,2026-03-30 08:34:55,C01246,여,33,대구,뷰티,수분크림,1,34200,0,간편결제
ORD004985,2026-01-19 18:40:17,C00635,여,61,대구,식품,프로틴바,1,23700,0.1,계좌이체
ORD002383,2025-07-26 12:16:26,C00418,남,35,부산,생활용품,텀블러,2,25400,0.1,신용카드
ORD000965,2026-05-29 03:40:39,C00354,여,26,대구,식품,즉석밥24개,3,26500,0.1,간편결제
ORD000764,2025-12-04 21:21:42,C00682,여,64,대전,뷰티,립틴트,3,17900,0.15,체크카드
ORD002807,2026-04-08 16:40:19,C00264,여,36,대구,식품,원두커피,5,19100,0.1,무통장입금
ORD000218,2026-06-14 03:54:14,C00525,남,34,경기,식품,즉석밥24개,2,26500,0,계좌이체
ORD000311,2026-04-30 07:27:00,C00949,여,41,울산,패션,운동화,2,110300,0.15,간편결제
ORD003747,2026-07-20 12:14:21,C00893,남,61,인천,식품,견과세트,1,30800,0.3,무통장입금
ORD001719,2025-10-10 18:34:09,C00809,남,30,대구,뷰티,클렌징폼,3,16000,0.05,신용카드
ORD003863,2025-01-19 04:31:21,C01534,남,61,인천,전자기기,기계식키보드,1,94400,0.05,무통장입금
ORD003762,2026-04-04 02:20:20,C01409,남,60,부산,전자기기,스마트워치,1,168600,0.1,신용카드
ORD001330,2025-10-08 14:06:21,C01113,남,68,부산,식품,생수24개,1,11400,0.1,신용카드
ORD002517,2025-10-29 03:20:29,C00142,여,62,대전,생활용품,수건세트,4,30100,0,
ORD003837,2025-11-19 22:27:10,C00817,여,43,경남,뷰티,선크림,2,22300,0.1,신용카드
ORD000624,2026-01-03 15:18:28,C00763,남,30,대구,전자기기,보조배터리,3,38000,0.1,계좌이체
ORD001084,2025-06-25 01:52:09,C00699,여,69,인천,뷰티,선크림,3,25400,0.2,체크카드
ORD004428,2026-09-18 13:46:15,C00578,남,63,서울,패션,청바지,1,72600,0.1,신용카드
ORD002113,2026-09-29 05:22:05,C01195,남,37,서울,식품,원두커피,1,18500,0.1,계좌이체
ORD003577,2025-06-22 07:05:04,C00524,여,,부산,뷰티,선크림,1,23600,0.05,체크카드
ORD002581,2026-06-04 16:27:17,C00749,남,49,부산,식품,견과세트,1,29000,0.3,무통장입금
ORD004957,2025-04-16 00:32:36,C00396,남,64,대전,패션,백팩,3,79400,0.1,계좌이체
ORD001247,2025-11-01 10:09:10,C00870,남,18,서울,생활용품,전기포트,2,50800,0.05,신용카드
ORD000404,2025-09-23 20:19:49,C00330,여,53,경기,식품,프로틴바,1,23600,0,계좌이체
ORD000864,2025-02-03 06:29:41,C00718,남,57,광주,생활용품,텀블러,1,23600,0.05,간편결제
ORD003949,2025-06-07 19:15:53,C00596,남,23,대구,전자기기,스마트워치,2,149200,0.3,체크카드
ORD004180,2025-02-14 05:30:27,C01303,남,33,인천,뷰티,립틴트,3,17200,0.15,신용카드
ORD001810,2025-05-28 01:41:41,C00680,남,37,인천,전자기기,보조배터리,1,40900,0,무통장입금
ORD000685,2025-03-25 22:16:46,C01532,여,69,,전자기기,스마트워치,3,152100,0,무통장입금
ORD000953,2026-02-19 10:32:11,C00390,여,33,경남,뷰티,립틴트,5,17000,0.1,신용카드
ORD002653,2025-09-05 11:19:26,C00310,남,34,경기,패션,운동화,1,113600,0,간편결제
ORD001702,2025-09-29 22:10:07,C01492,남,18,대전,식품,생수24개,1,12800,0.05,신용카드
ORD004122,2026-02-23 14:10:07,C01475,남,59,대전,뷰티,립틴트,2,17600,0,무통장입금
ORD000528,2025-10-29 19:58:23,C01215,남,27,광주,생활용품,전기포트,2,48100,0.2,신용카드
ORD001952,2025-02-27 23:03:31,C00340,여,18,경남,식품,생수24개,3,11100,0.3,계좌이체
ORD002401,2025-04-01 12:18:00,C00323,남,53,서울,식품,견과세트,1,30100,0.1,무통장입금
ORD000892,2026-05-25 12:42:16,C00403,남,43,광주,전자기기,무선이어폰,4,82200,0.1,신용카드
ORD004652,2026-08-05 19:45:19,C01444,남,42,전남,식품,프로틴바,1,21600,0.05,무통장입금
ORD003684,2025-06-13 16:55:27,C00058,여,58,부산,전자기기,기계식키보드,2,94100,0.05,무통장입금
ORD004455,2026-05-31 04:39:22,C01226,남,32,부산,패션,청바지,1,63900,0.3,계좌이체
ORD003672,2026-04-29 22:58:59,C01494,남,33,경남,생활용품,전기포트,2,45600,0.2,신용카드
ORD003991,2025-10-21 11:24:41,C01178,남,47,울산,패션,운동화,3,109000,0.05,간편결제
ORD000986,2025-07-07 20:51:49,C01050,여,57,경기,식품,즉석밥24개,1,24900,0.1,무통장입금
ORD002742,2025-08-03 12:40:14,C00299,여,51,울산,뷰티,수분크림,1,32100,0,신용카드
ORD001483,2026-06-05 08:55:23,C01111,여,58,전남,생활용품,수건세트,2,31300,0.3,신용카드
ORD003353,2025-12-30 20:30:46,C00426,남,53,울산,전자기기,무선이어폰,1,73600,0,체크카드
ORD001553,2025-12-05 14:54:16,C00411,여,19,부산,전자기기,블루투스스피커,1,69000,0,무통장입금
ORD002720,2026-01-06 01:12:29,C00151,남,53,대구,패션,청바지,2,65000,0,
ORD003717,2025-06-12 14:55:28,C00529,남,36,광주,패션,백팩,1,76000,0.3,체크카드
ORD003655,2025-06-09 21:43:56,C00595,남,23,대전,생활용품,수건세트,1,32000,0.1,체크카드
ORD003751,2025-02-26 17:53:33,C00613,여,51,울산,전자기기,무선이어폰,2,81900,0,무통장입금
ORD002529,2025-02-09 20:39:22,C00774,남,68,대구,식품,생수24개,4,11400,0.05,신용카드
ORD000598,2026-04-09 19:39:46,C01382,여,53,서울,뷰티,클렌징폼,1,15700,0,간편결제
ORD004209,2025-11-14 07:18:25,C00576,여,53,광주,전자기기,보조배터리,1,42000,0,무통장입금
ORD000924,2025-07-25 01:10:52,C00858,남,21,광주,뷰티,립틴트,3,18400,0,신용카드
ORD000527,2025-06-02 10:21:48,C01469,남,26,울산,생활용품,수납함,1,29200,0,신용카드
ORD002814,2026-09-03 08:05:51,C01538,남,20,광주,전자기기,스마트워치,1,150100,0.1,체크카드
ORD004138,2026-01-18 03:24:24,C00952,여,41,부산,전자기기,보조배터리,2,39000,0.1,신용카드
ORD004773,2025-07-24 15:30:11,C00380,여,20,경남,전자기기,무선이어폰,3,74700,0.2,간편결제
ORD002943,2025-02-24 10:13:53,C01248,남,40,울산,전자기기,무선이어폰,1,74700,0,계좌이체
ORD000933,2025-03-17 09:31:59,C00578,여,42,경기,식품,견과세트,2,30100,0,계좌이체
ORD004801,2025-03-04 23:53:59,C01274,남,31,,패션,셔츠,1,48900,0,무통장입금
ORD004459,2026-04-15 08:56:34,C00865,남,40,부산,전자기기,기계식키보드,1,90900,0.15,계좌이체
ORD003866,2025-08-16 21:01:15,C00753,남,27,전남,전자기기,스마트워치,1,169500,0.3,계좌이체
ORD002439,2025-02-09 21:29:48,C00477,여,37,경기,뷰티,선크림,2,22800,0.1,간편결제
ORD001131,2025-09-10 18:11:07,C01483,여,54,울산,전자기기,보조배터리,2,38700,0,간편결제
ORD003985,2026-09-20 08:40:02,C01579,여,46,대전,전자기기,보조배터리,2,39200,0.3,무통장입금
ORD004702,2026-05-22 09:38:48,C01197,남,65,서울,전자기기,무선이어폰,1,80600,0.3,무통장입금
ORD002365,2025-09-14 13:23:38,C01157,남,19,서울,전자기기,무선이어폰,3,76800,0,계좌이체
ORD004210,2025-11-24 16:46:45,C00178,여,22,울산,패션,청바지,1,64400,0.1,체크카드
ORD002328,2026-08-23 14:02:28,C01593,여,54,인천,전자기기,스마트워치,3,166100,0,무통장입금
ORD002434,2025-09-22 22:05:52,C00710,남,52,경기,생활용품,텀블러,1,23900,0.15,신용카드
ORD001001,2025-10-05 15:46:14,C01097,여,56,서울,패션,후드티,1,54800,0,무통장입금
ORD003250,2026-05-23 15:48:43,C01128,남,36,대구,뷰티,수분크림,2,30200,0.15,신용카드
ORD001265,2025-02-13 19:43:37,C01436,여,30,전남,생활용품,무선청소기,1,197900,0,
ORD001635,2026-06-28 09:17:02,C00236,남,64,인천,전자기기,블루투스스피커,2,64700,0.05,신용카드
ORD002778,2025-11-15 17:35:32,C00631,남,32,경남,전자기기,블루투스스피커,1,71100,0.05,체크카드
ORD003150,2026-01-21 21:27:10,C01388,남,29,서울,식품,생수24개,1,12600,0.05,간편결제
ORD001002,2025-06-19 20:05:57,C00746,여,45,경기,식품,즉석밥24개,4,28600,0,간편결제
ORD000512,2025-03-31 02:03:14,C00077,여,55,광주,뷰티,샴푸,2,21400,0.1,계좌이체
ORD003011,2026-05-31 20:41:33,C00426,여,38,전남,생활용품,전기포트,1,48000,0.3,체크카드
ORD003323,2025-05-17 23:53:28,C01593,남,44,전남,패션,청바지,1,64700,0.15,체크카드
ORD000213,2025-01-16 04:33:29,C01502,여,47,부산,식품,견과세트,20,27500,0.1,신용카드
ORD003396,2026-06-04 13:40:27,C00968,남,31,광주,패션,백팩,2,82800,0,간편결제
ORD004847,2025-05-18 23:35:21,C00669,남,47,광주,패션,셔츠,2,48100,0.1,체크카드
ORD002011,2025-03-06 11:00:51,C00663,여,20,대전,식품,즉석밥24개,1,27500,0.1,간편결제
ORD000502,2025-12-12 09:33:15,C00417,남,44,경기,패션,운동화,3,112000,0.05,신용카드
ORD004308,2025-02-07 07:15:25,C01394,남,21,대구,식품,생수24개,1,11600,0,무통장입금
ORD001573,2026-04-09 15:31:15,C00049,남,57,경남,뷰티,선크림,1,25300,0,계좌이체
ORD004739,2025-07-18 03:10:32,C01518,여,28,대구,뷰티,선크림,1,23200,0.05,신용카드
ORD001336,2026-07-25 12:30:49,C00028,남,64,경남,생활용품,무선청소기,2,186900,0.2,체크카드
ORD003394,2026-03-14 15:59:31,C00071,남,62,대전,패션,백팩,1,85000,0.05,계좌이체
ORD004666,2025-04-07 08:36:40,C00668,여,27,부산,식품,프로틴바,1,20900,0.05,계좌이체
ORD000622,2025-09-18 20:32:30,C00391,남,38,인천,식품,생수24개,3,12100,0.05,계좌이체
ORD000998,2025-06-30 06:48:22,C01249,남,54,대구,식품,프로틴바,2,20500,0.1,계좌이체
ORD003033,2026-08-11 21:05:29,C00791,여,63,전남,생활용품,텀블러,4,24700,0,체크카드
ORD001347,2026-08-15 00:03:17,C00134,남,28,경남,식품,즉석밥24개,1,28600,0.1,간편결제
ORD003474,2026-06-09 13:53:44,C00832,남,62,전남,뷰티,샴푸,1,22200,0.1,체크카드
ORD004650,2025-05-23 19:04:57,C00721,여,55,서울,전자기기,블루투스스피커,4,66000,0.2,계좌이체
ORD002005,2026-06-03 13:10:24,C01532,여,36,울산,식품,견과세트,5,28900,0.2,계좌이체
ORD002614,2025-09-05 07:39:53,C00950,남,25,부산,식품,즉석밥24개,2,26000,0.1,신용카드
ORD002705,2025-08-04 21:38:54,C00848,여,56,대구,생활용품,수건세트,1,32200,0,계좌이체
ORD002604,2025-03-10 10:39:22,C00947,여,38,경기,생활용품,수납함,1,27300,0.1,무통장입금
ORD004585,2025-10-02 03:42:23,C01019,남,38,경기,뷰티,립틴트,1,17600,0,간편결제
ORD001069,2026-08-01 05:01:50,C00516,남,33,경기,전자기기,무선이어폰,4,79200,0.1,신용카드
ORD002506,2026-08-09 20:08:18,C01227,남,60,울산,생활용품,전기포트,3,51700,0.2,계좌이체
ORD002713,2026-02-22 01:00:58,C01570,남,32,전남,전자기기,블루투스스피커,3,64600,0,신용카드
ORD004306,2025-11-11 13:25:56,C00731,여,31,경남,식품,원두커피,1,17100,0.1,무통장입금
ORD000935,2025-05-13 13:12:30,C00715,여,63,서울,생활용품,전기포트,1,48600,0.05,간편결제
ORD000672,2026-02-20 18:34:23,C01086,남,54,경남,생활용품,수건세트,1,34300,0,체크카드
ORD003546,2025-01-29 11:31:18,C00150,남,26,부산,생활용품,텀블러,4,25500,0,계좌이체
ORD002641,2026-03-12 14:40:22,C00625,여,48,울산,생활용품,텀블러,2,26200,0,신용카드
ORD004357,2026-07-16 14:28:49,C00391,여,58,경기,생활용품,수건세트,1,31500,0.15,무통장입금
ORD000131,2025-01-25 23:38:12,C01233,여,62,전남,전자기기,블루투스스피커,1,72300,0,체크카드
ORD001452,2025-11-30 23:19:22,C01576,여,38,전남,뷰티,립틴트,3,17600,0.1,계좌이체
ORD002732,2026-08-28 11:45:21,C01315,남,38,경기,전자기기,기계식키보드,1,89600,0.1,간편결제
ORD004424,2025-12-24 05:28:11,C00966,남,27,광주,뷰티,립틴트,1,18500,0.05,계좌이체
ORD003461,2025-09-12 18:20:34,C00231,남,55,전남,패션,백팩,4,75000,0.2,계좌이체
ORD000771,2026-03-23 10:15:07,C00839,남,42,경기,생활용품,수납함,1,28300,0,간편결제
ORD002329,2026-03-16 17:07:47,C01574,남,56,대전,식품,즉석밥24개,1,29000,0,무통장입금
ORD003440,2026-05-27 18:40:08,C00621,여,65,전남,패션,백팩,2,79700,0.3,신용카드
ORD001048,2025-07-28 12:16:45,C00139,여,38,서울,전자기기,보조배터리,4,38700,0,계좌이체
ORD004240,2026-05-13 11:58:33,C00371,남,32,전남,뷰티,선크림,1,23100,0,체크카드
ORD000808,2025-10-16 04:54:56,C01086,남,46,서울,생활용품,수납함,1,27900,0,체크카드
ORD001832,2025-06-14 18:10:44,C01077,남,31,인천,전자기기,블루투스스피커,2,70500,0.1,계좌이체
ORD004331,2025-08-04 08:56:08,C00274,남,50,부산,패션,백팩,2,82800,0.05,간편결제
ORD002330,2026-06-13 20:08:21,C00134,여,36,대전,전자기기,기계식키보드,4,82300,0.1,신용카드
ORD003227,2026-03-26 06:22:38,C01540,남,29,광주,생활용품,전기포트,1,47700,0.2,간편결제
ORD003671,2026-05-11 05:53:15,C00975,남,67,인천,전자기기,보조배터리,2,40200,0.05,계좌이체
ORD002644,2025-03-08 11:50:56,C00301,남,59,전남,패션,백팩,1,76300,0,체크카드
ORD001724,2025-04-21 02:07:59,C00438,여,64,서울,뷰티,수분크림,1,33700,0.2,계좌이체
ORD000256,2026-06-25 10:10:23,C00940,남,20,전남,뷰티,수분크림,1,32700,0.15,간편결제
ORD003639,2026-01-16 23:29:23,C00543,남,38,인천,패션,청바지,1,64800,0.05,신용카드
ORD001819,2026-05-06 16:48:56,C00973,남,29,대구,생활용품,전기포트,1,52900,0.3,체크카드
ORD004844,2025-09-15 11:20:32,C00695,여,45,경남,전자기기,무선이어폰,2,77200,0,신용카드
ORD004200,2026-06-24 12:58:14,C01573,남,46,대전,패션,청바지,2,71900,0.1,체크카드
ORD002844,2025-11-26 07:28:28,C01519,여,31,경남,전자기기,무선이어폰,1,81200,0.1,간편결제
ORD004651,2025-11-07 23:08:53,C00754,여,62,전남,뷰티,선크림,1,24900,0.2,무통장입금
ORD003600,2025-07-15 19:58:08,C00192,남,29,인천,식품,즉석밥24개,2,26400,0.05,체크카드
ORD004221,2025-10-22 12:30:41,C01539,남,48,광주,식품,생수24개,2,12200,0,간편결제
ORD004708,2026-07-05 16:32:41,C00529,남,69,경남,뷰티,샴푸,1,21000,0.05,신용카드
ORD000305,2026-09-25 05:09:32,C00831,여,24,대전,생활용품,수건세트,3,32600,0.1,체크카드
ORD000876,2025-10-20 02:38:46,C01581,남,48,전남,패션,백팩,1,84900,0,체크카드
ORD001414,2025-10-16 19:50:13,C01333,남,47,광주,패션,운동화,3,110500,0.3,신용카드
ORD003454,2025-08-21 18:40:20,C01070,여,23,인천,전자기기,블루투스스피커,5,64800,0.2,무통장입금
ORD001185,2025-08-30 11:41:20,C00447,여,22,서울,생활용품,텀블러,1,23300,0,체크카드
ORD004316,2025-01-12 19:44:29,C00249,남,22,전남,전자기기,보조배터리,1,39900,0.05,체크카드
ORD002526,2026-04-09 17:46:32,C01195,남,47,울산,식품,원두커피,4,18900,0,계좌이체
ORD002878,2025-11-13 06:32:09,C00195,남,25,부산,생활용품,전기포트,2,45700,0.1,체크카드
ORD000487,2025-01-03 17:54:45,C01093,남,38,경기,식품,견과세트,1,30500,0.1,무통장입금
ORD000095,2025-05-15 15:40:17,C01589,남,36,서울,뷰티,립틴트,1,16900,0.1,체크카드
ORD002071,2025-08-21 09:54:29,C00239,남,48,서울,생활용품,수건세트,1,30500,0.15,간편결제
ORD001359,2026-07-29 12:34:14,C00376,남,37,대전,전자기기,기계식키보드,5,88200,0.15,신용카드
ORD002762,2025-09-12 13:37:01,C00188,남,63,대구,패션,운동화,2,111100,0.1,간편결제
ORD004278,2025-09-06 02:26:30,C01217,남,55,울산,생활용품,텀블러,2,26400,0,무통장입금
ORD003077,2025-12-08 21:42:06,C00003,여,42,대전,뷰티,샴푸,1,21300,0.15,무통장입금
ORD001951,2025-12-27 10:54:23,C00147,여,31,인천,전자기기,무선이어폰,3,75700,0.05,계좌이체
ORD001280,2026-03-23 15:54:50,C00995,남,34,경남,전자기기,보조배터리,1,37700,0,무통장입금
ORD001696,2026-02-03 23:24:59,C01332,남,45,울산,생활용품,전기포트,1,49600,0,무통장입금
ORD003975,2026-06-15 22:30:18,C00823,남,55,서울,생활용품,수건세트,1,32800,0,간편결제
ORD004975,2025-02-19 16:35:46,C00654,여,19,부산,식품,원두커피,1,17500,0.15,신용카드
ORD004116,2026-01-04 18:14:23,C01009,남,36,대전,뷰티,선크림,2,25100,0,계좌이체
ORD003132,2026-06-30 17:31:26,C01551,남,57,경기,생활용품,무선청소기,1,198500,0,신용카드
ORD001796,2025-01-21 22:56:22,C00124,여,31,인천,식품,즉석밥24개,2,29000,0,간편결제
ORD001197,2025-12-30 09:07:56,C01146,남,41,부산,전자기기,기계식키보드,2,92200,0.05,신용카드
ORD002394,2026-03-19 04:02:03,C00550,남,33,울산,식품,프로틴바,3,21300,0.05,계좌이체
ORD004213,2025-12-23 12:03:02,C00212,남,39,울산,생활용품,전기포트,1,52100,0.05,체크카드
ORD003988,2026-04-02 03:28:56,C01278,여,64,광주,식품,프로틴바,5,22200,0.05,신용카드
ORD003280,2026-06-16 07:16:31,C00812,여,50,광주,전자기기,기계식키보드,1,93600,0.05,체크카드
ORD003857,2025-05-10 21:55:29,C00899,여,24,전남,전자기기,무선이어폰,5,72900,0,계좌이체
ORD001294,2026-04-24 08:08:07,C01503,여,32,전남,뷰티,립틴트,1,17900,0.1,계좌이체
ORD004318,2025-11-01 01:27:29,C00273,여,37,경남,패션,청바지,2,63800,0.15,체크카드
ORD000193,2026-07-04 17:22:30,C00023,남,43,대구,패션,셔츠,2,49600,0.05,체크카드
ORD002313,2025-04-19 00:51:06,C00417,남,62,부산,식품,프로틴바,1,20300,0.1,간편결제
ORD000465,2025-02-06 10:21:19,C01229,남,49,울산,전자기기,블루투스스피커,1,71800,0.1,계좌이체
ORD002467,2026-08-23 06:20:21,C01430,여,29,울산,생활용품,무선청소기,1,194800,0.1,간편결제
ORD001149,2026-08-29 01:22:48,C00109,여,28,서울,생활용품,텀블러,1,23300,0.3,무통장입금
ORD004714,2025-05-19 08:13:40,C01106,남,23,광주,식품,프로틴바,2,22500,0,체크카드
ORD002837,2025-08-21 21:03:36,C01240,남,35,부산,생활용품,수건세트,3,32200,0.3,체크카드
ORD002495,2026-02-03 19:36:12,C00471,여,65,전남,생활용품,수납함,1,28200,0,체크카드
ORD000636,2026-04-11 18:30:30,C01521,남,67,인천,전자기기,보조배터리,1,37800,0.3,계좌이체
ORD000010,2026-02-03 18:58:33,C00686,남,36,경남,전자기기,무선이어폰,1,77600,0.05,간편결제
ORD004518,2026-04-07 13:25:06,C01124,여,43,전남,생활용품,수납함,1,26300,0,간편결제
ORD003070,2025-11-09 18:58:12,C00697,남,66,대전,뷰티,립틴트,1,16700,0.15,체크카드
ORD002701,2025-03-06 16:29:41,C00774,여,46,인천,뷰티,선크림,1,24700,0,체크카드
ORD003449,2025-11-04 05:17:39,C01300,여,67,서울,패션,백팩,2,82500,0.1,체크카드
ORD000437,2025-10-23 04:30:33,C00947,남,24,인천,생활용품,수납함,3,29400,0,간편결제
ORD000819,2025-08-17 05:27:15,C00322,여,26,경남,생활용품,무선청소기,1,196900,0.05,간편결제
ORD004539,2026-07-10 18:04:59,C01244,여,23,부산,패션,후드티,4,60800,0.15,신용카드
ORD004247,2025-11-25 09:41:21,C00955,여,30,대구,생활용품,무선청소기,2,194300,0,체크카드
ORD000737,2026-03-27 23:25:04,C01498,여,62,울산,식품,견과세트,1,28400,0,무통장입금
ORD002906,2025-09-23 07:51:40,C00347,여,67,대구,생활용품,텀블러,1,25900,0,신용카드
ORD004132,2026-06-29 08:47:48,C01065,남,69,서울,뷰티,수분크림,1,29700,0.2,계좌이체
ORD002266,2025-08-23 03:21:19,C01441,여,51,경남,뷰티,선크림,1,24700,0,신용카드
ORD002247,2025-04-12 12:40:53,C00103,남,53,대구,생활용품,수납함,2,29000,0.2,무통장입금
ORD001993,2025-08-20 13:46:04,C01558,남,42,울산,패션,후드티,4,60500,0,계좌이체
ORD000238,2026-05-07 09:56:06,C00715,여,21,대전,생활용품,무선청소기,1,175500,0.15,신용카드
ORD001145,2026-06-17 23:17:19,C00932,여,62,부산,패션,청바지,2,72600,0.1,계좌이체
ORD004869,2026-01-09 20:41:51,C00309,여,32,대구,생활용품,텀블러,3,23500,0.1,체크카드
ORD001374,2026-05-26 00:33:26,C00978,남,19,전남,생활용품,수건세트,1,33900,0.1,간편결제
ORD004874,2026-05-13 19:23:37,C01229,남,37,경남,생활용품,텀블러,2,23400,0.1,간편결제
ORD000972,2026-06-21 09:23:22,C01562,남,37,인천,전자기기,스마트워치,1,157400,0.15,계좌이체
ORD000180,2026-05-01 16:06:55,C01176,여,29,대전,생활용품,수건세트,1,34300,0,체크카드
ORD003362,2026-06-28 05:09:06,C00134,여,29,인천,패션,청바지,2,74300,0,계좌이체
ORD003108,2026-08-15 21:16:50,C01014,남,23,경남,전자기기,무선이어폰,1,80200,0.1,간편결제
ORD000749,2025-03-31 02:49:27,C00518,여,48,전남,식품,원두커피,2,19000,0.1,간편결제
ORD000089,2025-10-16 22:48:25,C01346,남,65,울산,전자기기,블루투스스피커,1,74100,0.15,계좌이체
ORD002163,2025-11-23 14:49:56,C01000,여,64,울산,식품,원두커피,1,17700,0.1,무통장입금
ORD002970,2025-02-01 00:36:56,C00947,남,34,울산,식품,즉석밥24개,4,27300,0.3,계좌이체
ORD000148,2026-02-25 22:20:30,C00351,여,42,인천,뷰티,수분크림,1,31100,0.1,신용카드
ORD002402,2026-02-25 18:11:55,C00323,여,29,대전,패션,백팩,4,73900,0.1,간편결제
ORD001720,2026-04-17 10:09:00,C01150,남,63,울산,식품,프로틴바,1,20400,0.2,체크카드
ORD004123,2026-04-13 11:12:41,C00300,남,49,대구,생활용품,텀블러,1,25900,0.15,무통장입금
ORD000242,2026-04-07 13:50:38,C00090,남,42,부산,식품,생수24개,2,12500,0,무통장입금
ORD001050,2025-07-14 01:47:26,C01579,남,32,대전,뷰티,클렌징폼,1,16700,0,계좌이체
ORD000555,2025-06-07 01:08:35,C00682,남,35,대전,생활용품,수납함,1,27300,0.2,신용카드
ORD004620,2025-05-24 14:34:57,C00609,여,64,경기,패션,백팩,1,81500,0,체크카드
ORD002721,2026-03-27 11:46:12,C01528,남,57,서울,생활용품,전기포트,2,52100,0.1,체크카드
ORD003712,2026-07-30 03:36:15,C00347,남,21,울산,식품,프로틴바,1,20800,0,
ORD000444,2026-07-03 18:53:36,C01005,남,50,광주,전자기기,보조배터리,1,41900,0,신용카드
ORD003200,2025-03-31 18:30:48,C00906,남,30,인천,패션,백팩,1,73500,0,체크카드
ORD004908,2025-12-08 06:45:55,C00664,여,38,전남,뷰티,수분크림,1,34400,0.15,무통장입금
ORD004676,2026-04-01 12:39:58,C00197,여,26,광주,식품,즉석밥24개,1,25100,0,신용카드
ORD004631,2025-01-06 17:56:43,C00539,남,22,인천,식품,견과세트,2,30200,0,무통장입금
ORD003626,2025-12-22 04:37:16,C01326,남,46,대전,생활용품,전기포트,1,49000,0.3,간편결제
ORD000345,2026-07-15 18:41:23,C00565,여,23,경기,생활용품,수건세트,1,31700,0.05,간편결제
ORD004673,2025-10-07 05:21:39,C00732,여,51,대구,패션,셔츠,3,46200,0.1,계좌이체
ORD003590,2025-07-19 00:42:31,C01448,남,26,경남,식품,원두커피,1,18000,0.05,무통장입금
ORD002326,2025-04-07 05:59:29,C01535,남,68,대전,뷰티,선크림,3,23300,0,무통장입금
ORD000304,2025-11-30 08:45:05,C00602,여,31,서울,식품,생수24개,1,12600,0.2,간편결제
ORD002627,2025-06-02 22:59:43,C00017,여,38,대전,패션,백팩,2,79100,0,간편결제
ORD001902,2026-08-05 08:53:07,C01582,여,68,인천,전자기기,스마트워치,1,162100,0.2,신용카드
ORD003931,2025-09-03 17:39:45,C01538,여,68,울산,뷰티,선크림,2,24100,0.2,무통장입금
ORD001258,2026-02-16 23:09:37,C00172,여,63,대구,식품,프로틴바,2,22900,0,신용카드
ORD004364,2025-10-30 05:13:06,C00608,여,46,전남,뷰티,클렌징폼,1,15200,0.15,체크카드
ORD003130,2026-06-28 16:40:44,C01174,여,31,전남,전자기기,블루투스스피커,3,69600,0.1,무통장입금
ORD004401,2026-05-06 10:11:55,C00511,남,62,전남,뷰티,수분크림,1,30200,0,무통장입금
ORD003632,2025-11-02 00:53:09,C00805,남,28,대전,전자기기,무선이어폰,3,84600,0.15,무통장입금
ORD004696,2025-04-19 13:26:57,C00257,,32,서울,전자기기,보조배터리,1,36200,0.05,계좌이체
ORD004749,2026-05-20 22:11:10,C01328,여,38,서울,패션,운동화,1,100700,0,체크카드
ORD002599,2025-09-12 01:37:08,C01183,남,28,인천,뷰티,립틴트,1,19300,0,체크카드
ORD004579,2025-10-24 22:16:57,C00410,여,24,대구,뷰티,샴푸,1,21900,0,간편결제
ORD002650,2026-03-09 12:46:21,C01410,남,26,인천,생활용품,수납함,1,26600,0.2,무통장입금
ORD000234,2025-05-23 11:43:34,C01446,여,43,,패션,셔츠,1,49300,0.1,체크카드
ORD004023,2025-06-10 07:51:25,C00839,남,56,대전,뷰티,클렌징폼,1,15700,0.3,신용카드
ORD003178,2025-12-09 16:05:36,C00111,남,21,부산,식품,원두커피,2,17800,0.1,계좌이체
ORD003605,2026-07-17 08:36:05,C01400,남,67,인천,식품,프로틴바,1,22100,0.1,계좌이체
ORD002382,2025-08-14 15:43:58,C00491,남,54,대전,식품,즉석밥24개,1,27600,0.15,신용카드
ORD001109,2026-09-10 08:15:36,C00882,여,67,광주,뷰티,샴푸,1,19800,0.1,무통장입금
ORD000352,2026-02-03 13:29:22,C00062,남,62,대전,전자기기,스마트워치,4,171400,0.1,계좌이체
ORD001874,2025-07-18 20:34:19,C01449,여,55,경남,전자기기,기계식키보드,3,86900,0.1,계좌이체
ORD004342,2025-06-01 04:51:02,C00924,여,24,경남,생활용품,텀블러,3,24500,0.05,계좌이체
ORD000236,2025-03-07 13:54:40,C00829,남,48,대전,패션,청바지,1,71700,0,무통장입금
ORD002948,2026-04-28 10:21:12,C00522,남,30,인천,패션,청바지,1,65600,0,계좌이체
ORD004012,2025-11-04 16:49:49,C01046,여,63,대구,뷰티,수분크림,3,31900,0,간편결제
ORD001709,2025-03-05 17:14:51,C00575,여,69,인천,전자기기,무선이어폰,1,81000,0.15,간편결제
ORD001091,2026-03-11 12:27:46,C01300,남,53,대전,식품,즉석밥24개,1,25600,0.1,무통장입금
ORD002937,2026-05-02 10:50:01,C00664,남,46,대전,뷰티,수분크림,2,32000,0.05,체크카드
ORD003767,2025-12-28 14:02:37,C01220,여,65,대전,전자기기,무선이어폰,1,73600,0.1,체크카드
ORD003025,2026-02-26 08:14:40,C01243,여,22,대전,전자기기,블루투스스피커,1,64100,0.05,무통장입금
ORD002607,2025-06-08 02:36:43,C00805,여,58,인천,전자기기,무선이어폰,1,74000,0,간편결제
ORD003650,2025-12-08 05:57:19,C00106,여,32,서울,전자기기,블루투스스피커,1,70000,0.1,계좌이체
ORD003144,2026-04-30 10:47:17,C00156,남,29,전남,패션,셔츠,2,46300,0,간편결제
ORD001585,2025-05-20 12:53:15,C00225,남,32,광주,뷰티,클렌징폼,1,15100,0,신용카드
ORD002712,2026-05-10 04:17:31,C01585,남,53,경기,뷰티,선크림,1,24600,0,간편결제
ORD000714,2026-04-13 08:12:02,C01068,남,30,경남,식품,즉석밥24개,3,28000,0,계좌이체
ORD000478,2025-01-03 12:42:06,C01384,남,41,대구,뷰티,샴푸,1,21600,0,간편결제
ORD002664,2025-03-15 15:25:16,C00848,남,59,경기,패션,백팩,1,84800,0.2,간편결제
ORD002304,2025-07-15 14:09:44,C00547,여,,부산,식품,원두커피,1,17000,0.3,무통장입금
ORD004290,2026-03-18 01:25:38,C00308,여,57,울산,뷰티,샴푸,1,21800,0.05,계좌이체
ORD000568,2025-05-21 10:37:51,C00491,여,57,울산,전자기기,기계식키보드,3,85600,0,체크카드
ORD003295,2026-08-09 00:56:23,C00821,여,58,대구,뷰티,클렌징폼,2,15200,0.3,무통장입금
ORD003443,2025-11-13 05:25:17,C00926,여,25,울산,생활용품,수납함,1,26200,0.1,
ORD003685,2026-05-04 02:30:36,C00773,여,64,서울,생활용품,텀블러,2,24200,0,계좌이체
ORD000461,2025-04-14 17:09:14,C00756,남,54,경기,뷰티,수분크림,1,32600,0.1,체크카드
ORD002997,2025-07-10 08:37:57,C00557,남,67,부산,패션,백팩,2,77200,0.15,간편결제
ORD004912,2025-12-05 16:27:58,C01573,남,44,대전,생활용품,수납함,1,27700,0.1,계좌이체
ORD000883,2025-05-15 09:21:35,C01478,남,63,대구,전자기기,무선이어폰,5,78700,0.05,간편결제
ORD003549,2026-04-02 19:28:49,C00381,여,38,서울,전자기기,스마트워치,1,161600,0.1,계좌이체
ORD004615,2025-01-31 03:49:37,C00746,남,54,서울,뷰티,선크림,1,24500,0.05,신용카드
ORD004454,2025-10-26 18:40:34,C00120,남,62,경기,식품,원두커피,1,19200,0,무통장입금
ORD003254,2025-04-27 12:34:44,C00181,남,42,경기,전자기기,블루투스스피커,1,73800,0,계좌이체
ORD001729,2025-07-07 03:38:09,C00859,여,30,인천,식품,견과세트,4,28700,0.15,체크카드
ORD000366,2025-08-24 07:00:24,C01388,남,27,대구,패션,운동화,1,108600,0.1,간편결제
ORD002027,2026-08-13 07:30:57,C01322,남,42,경기,식품,견과세트,1,28500,0.15,무통장입금
ORD002799,2025-01-19 03:53:07,C00911,여,38,광주,전자기기,무선이어폰,4,84100,0.1,계좌이체
ORD003457,2026-05-02 19:37:16,C00490,여,66,경남,식품,프로틴바,1,21100,0,간편결제
ORD001312,2025-05-16 18:22:33,C00833,남,20,서울,전자기기,기계식키보드,4,89700,0.15,무통장입금
ORD003158,2026-01-22 20:26:13,C00572,남,23,서울,패션,후드티,1,63000,0.15,간편결제
ORD000190,2025-05-21 22:52:57,C00176,남,62,전남,식품,원두커피,2,18700,0.05,간편결제
ORD002260,2025-10-31 02:01:29,C01496,남,65,인천,뷰티,샴푸,1,20100,0.15,무통장입금
ORD004097,2025-08-14 23:30:16,C00723,남,24,경남,전자기기,스마트워치,1,167500,0,무통장입금
ORD000038,2025-09-05 13:44:01,C01427,남,60,경기,뷰티,립틴트,2,19300,0.2,계좌이체
ORD000682,2025-06-10 17:32:08,C01215,남,37,부산,패션,청바지,1,63900,0,계좌이체
ORD001104,2026-09-13 18:17:21,C00042,남,39,경기,뷰티,선크림,2,25000,0.15,계좌이체
ORD002348,2025-01-30 10:35:40,C01296,여,34,부산,전자기기,기계식키보드,1,94100,0,신용카드
ORD004223,2026-04-11 23:30:39,C00193,남,37,전남,생활용품,텀블러,1,23800,0.1,체크카드
ORD001183,2026-06-08 19:16:15,C00422,남,49,울산,생활용품,텀블러,1,26500,0.15,계좌이체
ORD000164,2026-02-01 01:11:19,C00167,남,45,경기,패션,백팩,5,75800,0.1,무통장입금
ORD001540,2025-05-14 11:49:04,C01552,남,36,서울,전자기기,기계식키보드,1,94500,0.05,체크카드
ORD001558,2025-08-11 11:57:40,C00544,여,53,전남,생활용품,전기포트,1,46700,0.2,체크카드
ORD002921,2026-01-14 18:41:02,C01265,여,59,전남,전자기기,보조배터리,1,38100,0.3,체크카드
ORD000381,2026-05-23 15:04:49,C00912,여,20,인천,식품,원두커피,1,17200,0.1,무통장입금
ORD004431,2026-01-15 20:42:21,C01353,여,27,경남,뷰티,샴푸,1,21800,0.05,계좌이체
ORD004187,2026-03-16 09:23:01,C00042,남,42,전남,식품,원두커피,1,17700,0.3,계좌이체
ORD000784,2026-05-31 05:50:28,C01373,여,19,대구,식품,원두커피,1,18100,0.15,신용카드
ORD003269,2025-08-03 06:15:44,C00175,여,21,대구,생활용품,전기포트,3,48100,0.3,간편결제
ORD001768,2025-11-18 14:36:26,C01013,남,40,인천,생활용품,무선청소기,2,175100,0.2,체크카드
ORD002638,2025-04-17 06:49:31,C00791,여,24,경기,패션,후드티,3,57600,0,간편결제
ORD000767,2025-11-16 04:04:05,C00707,남,63,경기,뷰티,립틴트,1,16900,0,신용카드
ORD001674,2025-02-02 00:43:08,C00586,남,33,광주,전자기기,무선이어폰,1,75700,0,체크카드
ORD000335,2026-05-01 22:36:12,C01590,남,39,경남,전자기기,무선이어폰,1,85000,0.05,무통장입금
ORD003392,2025-12-15 04:57:58,C00509,여,19,대구,뷰티,선크림,2,25200,0,신용카드
ORD004446,2025-11-13 18:58:58,C01206,여,35,광주,생활용품,전기포트,1,48000,0.3,계좌이체
ORD002425,2026-01-24 12:18:33,C00827,여,66,광주,생활용품,수납함,1,27700,0.05,신용카드
ORD002654,2025-11-04 15:04:15,C00241,여,51,대전,생활용품,수납함,1,27100,0.1,간편결제
ORD003019,2026-04-12 03:46:49,C00446,남,59,경기,식품,즉석밥24개,2,27300,0.3,계좌이체
ORD001176,2025-08-01 18:14:02,C01556,여,68,대전,패션,청바지,2,71700,0.1,체크카드
ORD001133,2025-05-28 10:59:21,C00617,여,50,광주,식품,즉석밥24개,1,26500,0.1,신용카드
ORD001800,2026-07-07 14:10:16,C00149,여,63,울산,뷰티,클렌징폼,2,14800,0.1,신용카드
ORD002971,2026-03-02 16:01:18,C01072,여,47,인천,생활용품,수건세트,1,31800,0,간편결제
ORD004911,2026-09-25 17:37:40,C00812,여,28,서울,뷰티,클렌징폼,2,15000,0.05,간편결제
ORD003509,2025-01-12 00:54:32,C00599,남,58,부산,생활용품,무선청소기,1,184600,0.1,체크카드
ORD004426,2025-12-19 03:00:13,C00814,남,50,전남,생활용품,텀블러,1,23500,0.2,신용카드
ORD000980,2026-01-13 17:22:39,C00997,여,19,경기,전자기기,보조배터리,2,39500,0,무통장입금
ORD003612,2025-08-22 19:03:33,C00427,여,69,대전,전자기기,무선이어폰,4,83100,0.05,간편결제
ORD001054,2026-06-09 01:55:43,C01580,여,35,서울,전자기기,블루투스스피커,2,72000,0.3,간편결제
ORD002003,2026-03-16 11:25:17,C00106,남,20,전남,전자기기,스마트워치,1,166200,0.1,간편결제
ORD000748,2026-09-09 13:37:16,C01483,남,51,대구,식품,원두커피,1,18100,0.3,무통장입금
ORD002246,2026-05-12 23:00:31,C00339,여,36,대전,뷰티,립틴트,2,18600,0,신용카드
ORD003900,2025-03-18 15:12:17,C00106,남,135,울산,생활용품,수납함,1,26900,0.1,간편결제
ORD002775,2025-01-27 23:30:57,C00379,여,29,경남,뷰티,샴푸,1,19900,0,신용카드
ORD003791,2026-08-29 14:56:19,C00472,여,37,대전,전자기기,무선이어폰,1,75100,0.1,계좌이체
ORD002070,2025-09-22 11:10:47,C01163,남,19,부산,뷰티,선크림,4,25500,0,무통장입금
ORD002573,2025-11-09 23:31:29,C01337,여,40,대전,뷰티,샴푸,4,20000,0.15,계좌이체
ORD004982,2026-06-05 07:30:24,C01492,남,66,대전,패션,셔츠,1,47200,0.05,체크카드
ORD004873,2026-08-24 06:01:18,C00101,남,67,전남,뷰티,클렌징폼,1,14800,0,체크카드
ORD004118,2025-06-10 19:50:32,C00599,남,19,울산,식품,원두커피,1,18000,0.2,계좌이체
ORD004115,2025-06-22 05:15:15,C00492,여,66,경남,뷰티,클렌징폼,1,16700,0.3,무통장입금
ORD002428,2026-08-16 15:37:37,C01264,남,64,전남,식품,즉석밥24개,30,27200,0,계좌이체
ORD000626,2026-08-12 06:20:55,C00366,여,22,인천,생활용품,전기포트,2,48000,0.15,계좌이체
ORD004805,2026-09-11 22:45:24,C00025,남,62,서울,생활용품,수납함,1,25900,0.05,무통장입금
ORD002695,2025-08-25 13:25:55,C01001,남,67,경기,식품,원두커피,1,18200,0.05,체크카드
ORD003895,2025-09-22 14:08:11,C01593,남,36,대구,생활용품,전기포트,4,46500,0.2,신용카드
ORD004105,2026-01-18 20:54:27,C01275,여,65,울산,생활용품,무선청소기,2,198500,0,간편결제
ORD000382,2026-03-07 04:01:04,C00958,여,59,광주,뷰티,수분크림,2,31500,0,체크카드
ORD004495,2026-09-27 02:57:29,C01476,여,37,대전,전자기기,블루투스스피커,1,65300,0.05,계좌이체
ORD004532,2025-01-29 21:34:56,C01211,여,61,부산,뷰티,클렌징폼,2,14700,0.05,계좌이체
ORD004513,2025-05-01 17:26:47,C00450,남,19,대구,생활용품,전기포트,1,48200,0.15,체크카드
ORD002063,2025-06-27 09:21:16,C00044,여,51,전남,뷰티,샴푸,2,20900,0.3,간편결제
ORD001543,2025-06-21 00:29:06,C00471,여,39,서울,뷰티,선크림,2,25200,0,계좌이체
ORD002176,2026-03-19 02:11:56,C00299,여,39,광주,패션,청바지,3,69500,0.05,신용카드
ORD001305,2026-01-27 09:52:51,C00943,여,52,대구,생활용품,수건세트,5,34200,0.3,체크카드
ORD000067,2026-01-31 19:18:45,C00703,여,36,전남,식품,프로틴바,2,21200,0.3,간편결제
ORD004036,2025-08-07 13:52:06,C00917,여,25,대전,생활용품,수납함,1,28100,0.05,체크카드
ORD004609,2026-04-13 17:20:51,C00377,남,45,경남,뷰티,클렌징폼,1,16200,0,간편결제
ORD003679,2025-04-10 04:06:08,C00882,남,60,부산,전자기기,기계식키보드,2,87400,0.1,무통장입금
ORD000882,2025-02-21 03:32:32,C00094,여,22,대구,패션,후드티,1,56000,0.3,간편결제
ORD001110,2025-12-12 03:34:28,C00068,여,69,대전,패션,셔츠,3,48700,0.15,무통장입금
ORD004779,2026-03-22 05:24:48,C00666,남,57,부산,식품,프로틴바,1,23300,0.1,체크카드
ORD004617,2026-02-09 04:06:23,C00075,남,28,서울,패션,셔츠,1,51100,0.05,신용카드
ORD001580,2026-06-29 19:53:35,C00764,여,60,부산,전자기기,블루투스스피커,1,71200,0.1,체크카드
ORD003718,2025-07-06 17:04:31,C00997,남,39,울산,패션,운동화,1,110800,0.05,무통장입금
ORD003059,2026-01-26 10:40:11,C01541,남,51,대전,전자기기,스마트워치,4,164400,0.1,무통장입금
ORD004577,2026-03-02 00:35:45,C00388,여,49,울산,패션,후드티,4,63200,0,신용카드
ORD000442,2025-09-07 21:27:17,C00372,여,48,경기,전자기기,보조배터리,3,41000,0,신용카드
ORD004681,2026-02-22 20:29:59,C00148,남,20,인천,전자기기,블루투스스피커,1,73500,0.1,무통장입금
ORD003604,2025-09-16 06:31:43,C00461,여,33,대구,전자기기,보조배터리,3,40500,0.05,계좌이체
ORD002309,2025-08-05 13:49:26,C00151,여,52,대전,생활용품,수납함,1,27800,0.05,체크카드
ORD001652,2026-06-15 09:58:57,C01137,여,24,서울,식품,생수24개,1,11700,0.05,신용카드
ORD003537,2026-01-14 00:23:16,C01358,여,44,서울,생활용품,무선청소기,2,201500,0.1,신용카드
ORD001034,2026-03-26 02:26:53,C00366,남,40,울산,전자기기,기계식키보드,1,93300,0.05,무통장입금
ORD003263,2026-06-13 07:50:17,C00782,여,44,인천,식품,즉석밥24개,4,27800,0.1,계좌이체
ORD004814,2026-04-09 04:50:24,C01300,남,63,전남,전자기기,기계식키보드,1,95700,0,신용카드
ORD003446,2025-11-08 01:44:40,C00042,남,34,경기,생활용품,무선청소기,4,179700,0,간편결제
ORD003071,2025-11-14 00:36:12,C01068,남,25,경기,전자기기,스마트워치,2,148900,0,체크카드
ORD001579,2026-03-11 11:07:41,C00798,남,44,,전자기기,무선이어폰,2,84200,0.1,무통장입금
ORD003313,2025-03-27 19:50:02,C01511,남,38,인천,뷰티,샴푸,2,22100,0,무통장입금
ORD002164,2025-12-28 01:26:30,C00086,여,43,서울,전자기기,보조배터리,1,36100,0.05,간편결제
ORD001083,2025-02-28 05:08:42,C00440,남,18,대전,생활용품,수건세트,2,31200,0.1,체크카드
ORD000130,2025-10-10 03:06:52,C00072,남,40,서울,전자기기,스마트워치,1,163100,0.15,체크카드
ORD002946,2026-09-07 05:25:58,C00888,남,68,서울,패션,후드티,3,60900,0.2,무통장입금
ORD002067,2026-01-01 02:13:23,C00936,남,53,경남,뷰티,선크림,2,23500,0.3,체크카드
ORD002390,2025-11-11 22:10:30,C00619,남,33,광주,식품,즉석밥24개,1,25000,0,간편결제
ORD001107,2026-01-09 06:08:11,C00582,남,63,대전,전자기기,스마트워치,1,160400,0.3,체크카드
ORD001432,2025-01-06 07:40:25,C01515,남,53,인천,전자기기,무선이어폰,4,83300,0,체크카드
ORD000868,2025-10-19 00:22:55,C00974,여,68,대전,뷰티,클렌징폼,1,17000,0,간편결제
ORD002887,2026-08-09 06:28:29,C01010,여,53,전남,전자기기,기계식키보드,2,89300,0,간편결제
ORD000300,2026-06-17 07:48:39,C01167,남,28,경기,생활용품,텀블러,2,26700,0.05,신용카드
ORD003610,2025-03-10 22:25:21,C00815,여,20,인천,뷰티,립틴트,1,18300,0,무통장입금
ORD004831,2026-03-06 11:41:34,C00671,남,27,서울,식품,견과세트,1,31100,0.05,무통장입금
ORD002483,2026-08-03 10:19:03,C00719,남,49,,뷰티,수분크림,2,32700,0.2,신용카드
ORD002965,2025-07-08 10:25:50,C00291,여,59,전남,패션,운동화,1,115100,0,간편결제
ORD004981,2026-01-01 12:17:33,C00726,남,40,대전,패션,백팩,3,79100,0.1,무통장입금
ORD000932,2026-03-08 07:10:31,C01451,여,37,대전,전자기기,스마트워치,1,160200,0.1,체크카드
ORD003408,2025-05-13 17:40:18,C00754,여,40,서울,패션,후드티,1,62700,0.05,계좌이체
ORD003898,2025-09-27 14:22:45,C00178,여,65,전남,식품,원두커피,2,19400,0.15,신용카드
ORD000017,2026-02-19 04:05:49,C01586,남,60,울산,패션,백팩,1,81000,0.1,신용카드
ORD000524,2025-04-24 22:11:29,C01247,여,66,울산,전자기기,블루투스스피커,3,72200,0,체크카드
ORD000834,2025-10-25 15:16:18,C01443,남,65,경남,뷰티,클렌징폼,2,15200,0.05,신용카드
ORD000408,2025-04-02 17:47:05,C01220,남,20,광주,생활용품,수납함,1,27700,0,계좌이체
ORD004128,2026-06-12 03:46:48,C00176,남,54,대구,식품,견과세트,2,29200,0.15,계좌이체
ORD000740,2025-06-13 16:08:21,C00834,여,49,인천,식품,생수24개,4,12600,0.1,신용카드
ORD000691,2025-05-15 03:58:46,C00723,여,45,인천,전자기기,무선이어폰,1,83200,0,체크카드
ORD001231,2025-07-24 21:06:02,C01578,여,26,대구,식품,견과세트,1,29700,0,간편결제
ORD001930,2026-01-31 17:49:31,C00548,여,63,대구,패션,후드티,1,55400,0,신용카드
ORD004477,2025-07-19 14:12:48,C00992,남,51,대구,생활용품,수납함,1,26400,0.1,체크카드
ORD001262,2025-11-17 19:07:28,C00257,여,45,경남,뷰티,수분크림,5,32500,0,계좌이체
ORD000690,2026-09-15 12:32:13,C01042,남,67,부산,뷰티,립틴트,3,19000,0,간편결제
ORD002518,2025-10-17 07:58:51,C01093,여,59,광주,패션,백팩,1,83600,0.1,무통장입금
ORD001100,2025-03-17 11:45:01,C01311,남,51,대전,전자기기,보조배터리,3,38000,0.1,체크카드
ORD000294,2025-04-08 10:38:45,C00221,여,49,인천,뷰티,클렌징폼,3,15600,0.15,체크카드
ORD004807,2025-01-28 00:52:07,C01347,남,32,경기,패션,운동화,1,109300,0.3,체크카드
ORD002624,2025-07-06 02:03:43,C00217,남,40,서울,뷰티,선크림,2,22900,0.05,무통장입금
ORD002363,2025-08-29 02:42:57,C01547,남,22,경남,식품,견과세트,1,29000,0.1,신용카드
ORD004107,2025-12-16 19:05:13,C00807,남,40,인천,전자기기,무선이어폰,1,84000,0.1,체크카드
ORD004930,2025-08-11 03:46:05,C01519,남,25,경남,식품,즉석밥24개,1,26300,0.05,신용카드
ORD000894,2026-01-25 11:34:26,C00774,여,20,광주,뷰티,수분크림,1,31900,0.1,간편결제
ORD001281,2025-09-03 23:49:16,C00978,남,20,울산,패션,운동화,1,103900,0,무통장입금
ORD000445,2025-12-07 05:26:04,C00012,여,24,부산,전자기기,스마트워치,4,160600,0.1,간편결제
ORD000940,2025-09-19 00:31:53,C00386,여,41,전남,뷰티,립틴트,3,18900,0.2,간편결제
ORD001939,2025-06-11 15:14:32,C00247,여,32,부산,전자기기,스마트워치,1,156100,0,신용카드
ORD003638,2025-05-31 02:23:11,C01098,여,68,부산,패션,백팩,1,76800,0.1,무통장입금
ORD003933,2026-03-10 15:37:29,C01521,여,28,부산,식품,견과세트,1,29800,0.2,신용카드
ORD000576,2026-05-02 23:47:27,C01404,여,18,울산,식품,즉석밥24개,5,26400,0.2,계좌이체
ORD004601,2025-09-19 09:53:16,C01314,남,48,인천,생활용품,수납함,4,28900,0.3,체크카드
ORD001013,2025-03-05 09:07:49,C00487,남,26,대전,전자기기,블루투스스피커,1,66400,0.1,체크카드
ORD004201,2026-05-22 16:38:41,C01042,남,49,광주,패션,백팩,1,81000,0.05,무통장입금
ORD004283,2026-06-05 20:05:59,C00937,남,51,인천,전자기기,기계식키보드,1,94300,0.1,무통장입금
ORD003245,2025-10-01 01:06:49,C01154,여,56,광주,전자기기,기계식키보드,2,89900,0.05,체크카드
ORD003526,2025-02-18 07:58:14,C00033,여,51,경남,식품,즉석밥24개,2,28100,0,체크카드
ORD003015,2026-02-13 15:21:15,C00607,여,21,울산,뷰티,샴푸,1,20000,0,무통장입금
ORD002259,2025-09-15 13:32:59,C01029,남,54,대구,전자기기,기계식키보드,1,89500,0.1,신용카드
ORD004595,2025-06-27 13:41:09,C01301,남,69,부산,뷰티,클렌징폼,2,17300,0.15,체크카드
ORD000422,2026-07-23 13:31:45,C00747,남,55,대구,식품,원두커피,1,17200,0.3,신용카드
ORD000489,2026-08-19 12:13:24,C00555,남,44,경남,전자기기,기계식키보드,2,95700,0,신용카드
ORD004378,2026-08-07 06:58:20,C01160,남,68,울산,뷰티,립틴트,1,17600,0.1,신용카드
ORD001570,2025-12-07 05:32:42,C00160,남,31,대전,패션,운동화,1,102900,0,계좌이체
ORD001976,2025-02-04 08:02:18,C01271,남,32,대구,식품,원두커피,2,17600,0,무통장입금
ORD002242,2025-02-01 20:29:33,C00231,남,33,전남,생활용품,전기포트,2,46300,0.2,계좌이체
ORD002378,2026-06-11 11:27:24,C00439,남,59,울산,식품,즉석밥24개,1,28300,0,체크카드
ORD002819,2025-07-19 11:48:28,C00508,여,58,경남,패션,백팩,1,83800,0.1,간편결제
ORD001450,2025-09-27 12:54:20,C00299,여,27,부산,전자기기,무선이어폰,2,83000,0.1,간편결제
ORD004670,2025-12-05 04:49:28,C00391,여,54,대구,식품,원두커피,1,18500,0.1,계좌이체
ORD001921,2025-06-12 00:55:21,C00116,남,26,경기,패션,셔츠,4,52100,0.15,신용카드
ORD002062,2025-01-19 02:06:15,C01530,여,55,부산,생활용품,무선청소기,4,189000,0.1,계좌이체
ORD002507,2025-02-26 20:32:33,C01408,여,54,울산,생활용품,무선청소기,1,187500,0.1,체크카드
ORD000827,2026-03-01 06:57:29,C00324,남,41,울산,생활용품,무선청소기,1,187300,0,무통장입금
ORD004939,2026-05-03 14:47:08,C01419,여,18,광주,전자기기,보조배터리,2,38000,0,체크카드
ORD003893,2026-05-14 04:22:34,C00845,여,50,부산,뷰티,선크림,1,25400,0,계좌이체
ORD002584,2025-06-21 00:28:03,C00214,여,41,서울,전자기기,보조배터리,1,37200,0.1,신용카드
ORD002058,2025-02-19 12:42:04,C00360,남,34,경기,패션,셔츠,1,47200,0.1,신용카드
ORD002249,2026-07-18 14:01:59,C00604,여,39,경기,식품,프로틴바,1,20400,0.05,무통장입금
ORD001481,2026-07-26 16:32:30,C01371,남,67,울산,전자기기,보조배터리,1,37600,0.3,체크카드
ORD002444,2026-01-02 19:52:42,C00345,남,19,대구,전자기기,스마트워치,2,157000,0.2,계좌이체
ORD002019,2025-09-02 04:54:29,C01204,여,39,광주,생활용품,수납함,4,29700,0.1,신용카드
ORD001028,2025-08-03 02:55:30,C01409,남,19,경남,패션,운동화,2,101600,0,간편결제
ORD004282,2026-04-02 05:33:40,C00988,남,42,전남,전자기기,무선이어폰,1,81500,0.15,무통장입금
ORD001623,2025-12-13 21:34:35,C00363,남,50,울산,패션,청바지,1,64200,0.1,신용카드
ORD002556,2026-08-03 06:18:55,C00606,여,41,대구,생활용품,전기포트,1,46100,0.05,체크카드
ORD002284,2025-02-26 23:44:14,C01360,여,38,광주,생활용품,무선청소기,1,196900,0,신용카드
ORD002498,2026-09-04 12:10:53,C01365,남,57,경남,식품,프로틴바,1,20800,0,계좌이체
ORD004227,2025-02-19 14:50:19,C00840,여,42,광주,식품,견과세트,1,28900,0.15,신용카드
ORD002947,2026-07-18 22:12:48,C01082,남,47,경기,전자기기,보조배터리,1,38500,0,계좌이체
ORD003858,2025-05-21 16:28:55,C01506,남,36,인천,전자기기,보조배터리,2,39500,0,계좌이체
ORD003377,2026-08-08 16:27:48,C00200,여,60,인천,생활용품,전기포트,1,45300,0.1,체크카드
ORD000812,2025-08-04 20:49:31,C00987,여,65,대전,패션,운동화,1,106800,0,신용카드
ORD001694,2026-02-06 16:04:01,C00511,남,51,대전,식품,견과세트,2,30400,0.05,체크카드
ORD000171,2026-05-13 13:17:17,C00541,여,41,서울,뷰티,수분크림,5,31900,0,간편결제
ORD000900,2026-06-18 21:32:08,C00328,여,64,대전,생활용품,텀블러,1,24200,0.3,간편결제
ORD001586,2025-06-14 20:41:10,C01015,여,25,인천,전자기기,블루투스스피커,1,64900,0.05,간편결제
ORD002615,2025-12-03 21:03:08,C01310,여,69,서울,패션,셔츠,1,45600,0.1,계좌이체
ORD004937,2025-05-14 19:12:43,C00069,남,43,경남,식품,견과세트,1,31100,0,무통장입금
ORD004473,2025-08-30 11:35:47,C01473,남,26,광주,패션,백팩,1,74200,0.1,간편결제
ORD002251,2026-09-22 13:13:23,C01285,남,68,경남,생활용품,수납함,4,27100,0.1,체크카드
ORD002916,2025-07-17 17:19:38,C01197,여,53,광주,식품,원두커피,1,17000,0.1,무통장입금
ORD002117,2026-02-27 02:19:23,C01192,여,53,경남,전자기기,스마트워치,1,148000,0.05,체크카드
ORD003251,2025-02-25 01:22:55,C01319,남,40,울산,식품,프로틴바,1,23200,0.05,무통장입금
ORD000379,2025-02-18 06:03:19,C00564,여,19,울산,식품,생수24개,1,11400,0.3,무통장입금
ORD004966,2026-07-26 05:59:18,C01336,여,22,인천,전자기기,블루투스스피커,1,68600,0.05,체크카드
ORD000166,2026-09-25 23:50:56,C00592,남,44,서울,뷰티,립틴트,1,17700,0,간편결제
ORD001017,2025-09-02 23:05:16,C00004,여,63,울산,패션,운동화,4,104600,0.1,간편결제
ORD002969,2026-08-11 23:48:05,C01063,남,54,대전,전자기기,기계식키보드,1,91900,0.1,무통장입금
ORD004017,2025-03-01 22:50:07,C01538,남,19,서울,생활용품,수건세트,3,31900,0,신용카드
ORD001461,2026-06-25 17:06:20,C00581,여,48,서울,식품,원두커피,1,18400,0,체크카드
ORD000463,2026-09-03 11:30:59,C01210,남,40,광주,식품,즉석밥24개,5,27600,0.05,체크카드
ORD000380,2025-03-04 10:53:52,C01387,여,69,서울,전자기기,블루투스스피커,2,64000,0.1,계좌이체
ORD001773,2025-04-07 18:30:26,C01507,여,23,대구,패션,셔츠,1,48800,0.3,무통장입금
ORD000993,2026-04-28 16:30:17,C01147,여,44,서울,생활용품,수납함,1,28300,0,무통장입금
ORD002734,2025-09-07 00:31:52,C00952,여,62,경기,생활용품,무선청소기,1,183200,0.15,체크카드
ORD001317,2026-08-24 20:59:55,C00100,여,50,서울,식품,견과세트,4,26800,0,계좌이체
ORD001663,2026-08-25 20:49:14,C00216,여,41,대전,전자기기,보조배터리,1,40800,0.1,체크카드
ORD002760,2025-08-29 04:03:43,C01087,여,33,부산,패션,후드티,1,57900,0.1,계좌이체
ORD000974,2025-06-12 16:06:07,C00961,여,67,대구,생활용품,전기포트,4,51000,0.1,계좌이체
ORD004366,2026-08-10 19:27:40,C01313,여,26,대전,생활용품,무선청소기,1,191500,0.2,체크카드
ORD003977,2025-10-17 18:40:26,C00565,남,55,대구,뷰티,수분크림,2,33000,0,무통장입금
ORD003811,2025-04-25 14:10:12,C01471,남,38,인천,뷰티,립틴트,1,17700,0.1,계좌이체
ORD001846,2025-06-08 21:15:59,C00789,여,59,서울,패션,운동화,1,110700,0.1,간편결제
ORD000523,2025-03-09 16:19:51,C01596,여,53,대구,식품,견과세트,1,27200,0.05,무통장입금
ORD003293,2025-04-10 11:40:55,C00016,남,58,광주,식품,프로틴바,1,22200,0.15,신용카드
ORD003821,2025-12-08 16:46:14,C00032,남,20,경남,생활용품,수납함,3,28700,0.1,계좌이체
ORD001298,2025-05-16 21:13:43,C00928,남,66,부산,식품,견과세트,1,29900,0.1,계좌이체
ORD004045,2025-03-22 12:41:39,C01375,남,39,경기,뷰티,샴푸,1,19900,0,무통장입금
ORD001897,2025-04-05 01:39:35,C00074,여,61,대전,전자기기,블루투스스피커,1,64200,0,체크카드
ORD000330,2025-06-23 22:55:09,C00631,남,55,서울,식품,프로틴바,2,21200,0.3,계좌이체
ORD000390,2025-02-11 10:47:43,C00157,여,59,대구,전자기기,무선이어폰,1,84700,0,신용카드
ORD003661,2025-06-27 20:40:10,C01066,여,44,대전,전자기기,무선이어폰,2,74000,0.05,간편결제
ORD002421,2026-05-29 17:09:50,C00252,남,21,인천,생활용품,수납함,1,30000,0,신용카드
ORD001196,2026-07-18 16:43:24,C00137,남,29,부산,식품,생수24개,2,12800,0,계좌이체
ORD004381,2025-12-13 12:09:45,C01094,여,58,대구,패션,후드티,3,59100,0,무통장입금
ORD002295,2025-06-10 03:27:41,C01059,여,62,경남,뷰티,선크림,1,24900,0.1,체크카드
ORD004531,2025-04-28 00:40:08,C01195,남,69,대구,전자기기,무선이어폰,1,79200,0,무통장입금
ORD004476,2026-06-14 23:10:04,C01347,남,38,대전,전자기기,블루투스스피커,1,67700,0,신용카드
ORD004433,2025-02-05 17:26:40,C01325,여,27,경남,식품,생수24개,1,12200,0.1,신용카드
ORD000591,2026-07-16 20:58:15,C01467,여,23,경기,패션,청바지,2,66000,0.1,체크카드
ORD002146,2025-04-03 07:24:19,C01325,여,45,대구,패션,청바지,5,64700,0,간편결제
ORD003662,2026-01-15 07:08:14,C00873,여,48,광주,패션,후드티,1,62500,0.2,신용카드
ORD000734,2026-09-23 15:37:25,C01181,남,67,대구,패션,셔츠,2,49400,0.1,무통장입금
ORD001082,2025-10-13 09:37:32,C00052,여,33,인천,뷰티,샴푸,1,20200,0.3,체크카드
ORD003868,2025-07-13 02:36:10,C00329,여,36,대구,전자기기,무선이어폰,1,79400,0.3,체크카드
ORD002182,2026-03-03 03:26:52,C01588,여,63,경남,전자기기,무선이어폰,1,74400,0.15,체크카드
ORD002239,2025-12-13 02:52:47,C00971,남,31,울산,생활용품,수건세트,2,31100,0.3,간편결제
ORD000674,2025-02-25 07:47:22,C00680,남,24,부산,패션,청바지,1,66300,0.15,계좌이체
ORD003056,2026-06-25 03:23:35,C01304,남,55,대전,패션,셔츠,1,49000,0,신용카드
ORD004314,2025-09-22 22:12:56,C01381,남,57,전남,패션,백팩,1,81500,0.05,계좌이체
ORD003332,2026-06-25 05:02:57,C00165,남,36,대구,패션,운동화,4,113500,0.2,체크카드
ORD004177,2026-04-19 13:16:20,C01042,남,23,광주,생활용품,수건세트,2,32400,0.15,계좌이체
ORD000376,2026-01-04 23:28:03,C00367,남,63,대전,패션,후드티,1,59900,0,계좌이체
ORD002218,2025-09-08 04:50:51,C01418,여,61,경기,패션,청바지,1,68700,0.05,계좌이체
ORD001080,2025-11-18 17:41:14,C00054,여,35,부산,생활용품,수납함,3,29000,0.1,계좌이체
ORD004106,2026-06-29 03:37:47,C01347,남,64,인천,생활용품,무선청소기,1,190100,0.3,체크카드
ORD003545,2025-06-29 20:24:58,C00453,여,49,부산,뷰티,립틴트,4,19000,0,계좌이체
ORD000234,2025-05-23 11:43:34,C01446,여,43,,패션,셔츠,1,49300,0.1,체크카드
ORD002688,2026-01-21 07:20:34,C00057,남,49,경남,전자기기,기계식키보드,3,91300,0.1,계좌이체
ORD004317,2025-05-13 09:22:59,C01073,남,31,서울,생활용품,무선청소기,1,191700,0.1,간편결제
ORD000091,2025-03-26 09:37:29,C00522,남,41,전남,식품,원두커피,2,16700,0,무통장입금
ORD003904,2025-03-17 02:20:37,C00613,여,49,대전,패션,셔츠,1,48500,0.05,계좌이체
ORD004737,2026-08-29 02:03:06,C00745,남,20,대구,패션,셔츠,1,48400,0,계좌이체
ORD001047,2026-04-19 13:36:00,C01060,여,67,경기,식품,원두커피,1,16900,0,간편결제
ORD004439,2025-11-28 05:36:01,C01132,여,31,전남,뷰티,립틴트,3,17900,0.05,체크카드
ORD004199,2026-06-14 01:10:29,C00515,남,54,울산,뷰티,선크림,1,24700,0.1,무통장입금
ORD004997,2026-05-26 00:32:34,C00072,여,58,서울,전자기기,보조배터리,1,36100,0.15,신용카드
ORD000754,2025-08-13 01:18:21,C01122,남,32,대구,전자기기,블루투스스피커,4,67300,0.15,간편결제
ORD003271,2026-04-16 07:31:25,C01396,여,28,대구,패션,셔츠,3,52700,0,체크카드
ORD002018,2026-08-21 19:33:58,C00645,여,64,부산,뷰티,수분크림,2,32700,0.1,계좌이체
ORD001071,2025-04-23 18:36:36,C01556,남,21,대구,생활용품,수납함,2,27700,0,무통장입금
ORD003663,2025-08-27 19:25:16,C01586,여,31,경기,식품,생수24개,2,12300,0,신용카드
ORD003786,2026-04-18 22:49:49,C00186,남,50,인천,생활용품,전기포트,1,50500,0.15,계좌이체
ORD000503,2026-05-04 14:01:09,C00977,남,53,인천,패션,청바지,3,65100,0.3,체크카드
ORD003274,2026-04-15 19:00:01,C00594,여,28,대전,생활용품,전기포트,1,45400,0,무통장입금
ORD001436,2025-10-29 23:14:57,C00833,여,49,전남,패션,운동화,1,101000,0,
ORD000943,2025-09-27 21:30:03,C00438,여,62,경기,패션,후드티,2,59200,0.05,간편결제
ORD001277,2025-03-18 01:02:52,C01507,남,29,경남,생활용품,전기포트,1,45200,0,계좌이체
ORD000981,2025-03-01 06:13:06,C01494,여,69,전남,식품,프로틴바,1,23600,0.2,체크카드
ORD003191,2026-07-04 01:35:15,C01024,남,61,서울,생활용품,수납함,4,26300,0.2,신용카드
ORD001502,2026-02-16 16:33:05,C00587,남,22,부산,식품,견과세트,1,27400,0.05,무통장입금
ORD001029,2026-06-06 00:21:46,C00535,남,48,부산,패션,백팩,1,73700,0.15,신용카드
ORD003642,2026-09-29 06:40:30,C00676,여,69,대전,패션,후드티,1,62300,0,계좌이체
ORD001311,2025-05-13 15:26:33,C00526,남,33,광주,뷰티,수분크림,1,33600,0.2,체크카드
ORD004466,2026-03-10 16:17:04,C00635,남,23,부산,생활용품,수건세트,1,29600,0.15,체크카드
ORD004148,2025-01-29 18:31:32,C00942,여,40,전남,뷰티,클렌징폼,1,15200,0.05,간편결제
ORD000682,2025-06-10 17:32:08,C01215,남,37,부산,패션,청바지,1,63900,0,계좌이체
ORD000354,2025-09-15 06:17:54,C01523,남,51,대구,생활용품,전기포트,1,50000,0,계좌이체
ORD002798,2025-06-14 11:37:59,C01485,남,60,광주,전자기기,보조배터리,2,37000,0,무통장입금
ORD003054,2025-03-07 21:48:40,C00253,여,61,대구,뷰티,샴푸,1,19400,0,계좌이체
ORD002157,2025-02-18 00:11:45,C01175,남,45,경남,패션,셔츠,1,46500,0.3,무통장입금
ORD000303,2025-10-07 16:02:48,C00220,남,25,경기,생활용품,수건세트,1,32800,0.05,체크카드
ORD002485,2026-05-13 16:32:25,C01426,여,42,경기,생활용품,전기포트,1,48100,0,간편결제
ORD002754,2025-12-23 19:11:15,C01107,여,57,광주,식품,견과세트,1,27700,0.15,무통장입금
ORD002170,2026-09-01 03:27:41,C00029,여,47,부산,생활용품,무선청소기,2,185100,0.1,무통장입금
ORD001122,2025-03-12 15:04:42,C00425,여,27,부산,패션,백팩,1,75700,0,체크카드
ORD001541,2026-04-25 03:10:38,C01081,남,29,광주,생활용품,전기포트,1,52500,0,신용카드
ORD000614,2025-11-19 04:51:08,C00388,여,29,전남,식품,견과세트,1,26800,0,신용카드
ORD001153,2026-06-04 17:04:18,C01499,남,22,경남,패션,청바지,1,72400,0.1,계좌이체
ORD004744,2025-07-05 13:14:35,C01357,여,69,인천,전자기기,블루투스스피커,2,70900,0,체크카드
ORD003506,2026-02-16 21:35:15,C00859,여,67,전남,전자기기,보조배터리,2,40500,0,간편결제
ORD003760,2026-07-23 23:46:56,C00464,여,33,울산,패션,셔츠,1,51600,0.1,계좌이체
ORD003851,2026-02-03 11:51:35,C01092,여,63,경남,식품,견과세트,2,28200,0.1,간편결제
ORD000743,2026-03-12 05:14:02,C00955,여,38,울산,패션,백팩,2,75100,0,체크카드
ORD000144,2025-01-13 15:05:52,C00957,여,30,대구,식품,원두커피,2,18500,0,계좌이체
ORD001440,2026-05-24 16:27:47,C01064,여,50,부산,생활용품,무선청소기,1,200100,0.2,신용카드
ORD000438,2025-08-16 02:45:08,C01232,여,21,광주,생활용품,수납함,1,26000,0.1,체크카드
ORD002224,2026-02-15 20:37:24,C00173,여,18,울산,전자기기,스마트워치,1,146500,0,신용카드
ORD002710,2026-06-11 14:12:52,C00487,여,56,울산,전자기기,보조배터리,2,40400,0.1,체크카드
ORD002392,2026-01-28 22:18:10,C01464,여,27,서울,전자기기,무선이어폰,1,82100,0,계좌이체
ORD002956,2025-02-18 08:24:46,C00318,남,43,광주,전자기기,기계식키보드,1,92700,0.15,간편결제
ORD001207,2026-06-16 10:36:01,C00264,여,49,전남,전자기기,보조배터리,1,38500,0.1,계좌이체
ORD003146,2025-12-16 00:04:17,C01060,남,27,광주,생활용품,전기포트,1,46300,0.3,무통장입금
ORD004618,2026-03-05 11:09:31,C01032,남,32,전남,식품,원두커피,4,16900,0.05,계좌이체
ORD004848,2026-09-11 01:26:08,C00048,남,50,전남,패션,운동화,2,101700,0,계좌이체
ORD003002,2025-04-25 20:41:15,C00623,여,59,경남,생활용품,전기포트,1,50800,0.15,계좌이체
ORD004569,2026-09-26 20:55:55,C01227,남,41,경남,식품,프로틴바,1,22000,0.05,계좌이체
ORD000009,2025-11-17 09:42:30,C00745,남,39,서울,전자기기,무선이어폰,3,82900,0,체크카드
ORD001899,2025-11-11 08:28:52,C00199,남,51,인천,식품,견과세트,2,28800,0.15,간편결제
ORD003709,2025-01-17 13:06:40,C01035,여,66,인천,생활용품,전기포트,2,48000,0.1,무통장입금
ORD003535,2026-07-05 00:55:43,C00809,여,53,인천,패션,후드티,2,56900,0.05,신용카드
ORD003380,2025-11-05 12:06:12,C00279,남,23,경기,전자기기,기계식키보드,1,84000,0,신용카드
ORD000112,2025-06-16 14:45:28,C01231,여,38,광주,전자기기,스마트워치,1,160500,0,간편결제
ORD001597,2025-04-29 17:54:09,C01557,여,62,경기,식품,프로틴바,1,23200,0.05,신용카드
ORD003630,2025-11-06 09:17:05,C00352,여,28,서울,뷰티,선크림,3,22400,0,계좌이체
ORD003703,2025-07-20 01:14:18,C00264,여,28,서울,생활용품,수건세트,2,31500,0.05,체크카드
ORD004625,2026-05-31 19:20:25,C00086,여,58,울산,패션,백팩,1,77300,0.15,무통장입금
ORD002477,2026-06-15 05:57:14,C00615,남,18,대전,생활용품,수납함,1,26000,0.05,체크카드
ORD003865,2025-06-18 06:13:13,C00809,남,39,광주,뷰티,샴푸,1,20700,0.2,신용카드
ORD001760,2025-10-01 02:58:31,C00898,남,51,울산,생활용품,수납함,1,29500,0,무통장입금
ORD003316,2025-04-19 06:19:30,C00153,남,51,대전,식품,견과세트,1,27900,0.2,무통장입금
ORD003576,2026-03-07 22:14:13,C01206,남,68,서울,패션,후드티,1,58400,0.1,계좌이체
ORD001030,2025-02-14 10:28:58,C01551,남,19,인천,생활용품,전기포트,2,50800,0.2,계좌이체
ORD001569,2025-07-06 10:53:32,C00605,남,45,대전,패션,셔츠,1,48600,0.2,신용카드
ORD000944,2025-04-16 11:20:50,C01320,남,59,광주,전자기기,보조배터리,1,38400,0,신용카드
ORD003521,2025-05-25 06:12:20,C00177,여,54,부산,뷰티,립틴트,1,16900,0.2,계좌이체
ORD003761,2025-04-27 17:25:13,C00514,남,29,인천,뷰티,립틴트,2,17400,0.05,무통장입금
ORD003401,2025-04-21 00:47:38,C00162,남,67,인천,패션,청바지,5,71200,0.05,간편결제
ORD003598,2026-06-15 01:56:33,C00040,여,57,인천,패션,셔츠,1,50500,0,신용카드
ORD004920,2026-09-22 21:47:06,C00179,남,69,대전,생활용품,전기포트,1,45600,0.1,체크카드
ORD004554,2025-05-23 07:41:28,C00203,남,56,부산,전자기기,기계식키보드,1,84700,0.05,체크카드
ORD001595,2026-08-23 17:06:49,C01017,남,32,대전,전자기기,보조배터리,1,38100,0.2,신용카드
ORD001911,2025-01-18 21:48:22,C00432,남,35,경남,식품,견과세트,2,31200,0.05,신용카드
ORD004784,2026-06-14 06:27:06,C01597,남,20,인천,전자기기,블루투스스피커,4,74500,0,신용카드
ORD004552,2025-05-02 19:41:37,C00970,남,57,경남,생활용품,수납함,1,28400,0,간편결제
ORD001198,2025-09-02 14:27:27,C00723,여,34,울산,뷰티,샴푸,1,20400,0,체크카드
ORD004812,2025-03-18 07:31:00,C00285,남,42,서울,식품,견과세트,1,29400,0.1,계좌이체
ORD002419,2025-01-18 15:03:02,C00129,남,39,광주,패션,청바지,2,65500,0.05,계좌이체
ORD001205,2025-11-25 13:46:07,C00354,남,48,대전,식품,생수24개,1,11500,0.15,신용카드
ORD001174,2026-08-05 09:21:17,C01020,여,39,경남,생활용품,무선청소기,1,183900,0,간편결제
ORD004954,2025-03-22 14:17:46,C01250,남,51,울산,전자기기,블루투스스피커,2,69200,0.05,무통장입금
ORD001628,2026-09-05 13:13:47,C01201,여,34,인천,전자기기,블루투스스피커,4,69800,0,신용카드
ORD000638,2026-07-05 02:41:17,C01211,남,18,서울,패션,청바지,4,72300,0.2,체크카드
ORD002780,2025-09-30 15:31:15,C00115,남,51,경기,식품,프로틴바,2,21700,0.15,무통장입금
ORD004482,2026-08-18 06:31:01,C00601,남,32,울산,패션,운동화,1,106300,0.05,무통장입금
ORD003782,2025-12-25 08:23:22,C00831,여,41,대구,식품,원두커피,1,18800,0.05,무통장입금
ORD001550,2025-05-09 19:44:51,C00454,남,18,인천,식품,생수24개,2,12900,0.2,체크카드
ORD003491,2026-09-26 16:00:15,C01440,여,51,인천,전자기기,스마트워치,2,156100,0,간편결제
ORD001108,2025-10-30 22:34:03,C01585,여,69,대구,생활용품,전기포트,2,50300,0.1,신용카드
ORD002932,2026-05-27 15:54:07,C01022,남,23,광주,전자기기,블루투스스피커,2,64400,0.15,무통장입금
ORD002469,2025-01-20 05:51:27,C01434,여,36,경남,식품,프로틴바,2,21500,0,신용카드
ORD000389,2025-02-23 13:27:34,C01106,여,39,서울,식품,프로틴바,2,22100,0.1,
ORD001845,2025-11-25 13:27:48,C00228,남,62,부산,전자기기,블루투스스피커,1,68000,0,신용카드
ORD003105,2025-06-21 16:26:22,C01394,남,19,대구,뷰티,클렌징폼,1,16800,0.1,간편결제
ORD004152,2025-04-26 17:35:27,C00737,여,63,서울,식품,생수24개,4,11600,0.2,체크카드
ORD003322,2026-07-20 04:37:23,C01562,여,19,전남,패션,셔츠,1,48000,0.1,무통장입금
ORD004639,2025-02-21 07:15:48,C00132,남,67,경남,전자기기,기계식키보드,1,88700,0.2,체크카드
ORD000307,2026-08-13 16:27:01,C01197,여,19,울산,뷰티,클렌징폼,2,16000,0,신용카드
ORD004880,2026-09-26 03:07:16,C01250,남,35,인천,뷰티,립틴트,3,17700,0,무통장입금
ORD000123,2025-04-10 20:07:20,C00609,남,44,울산,뷰티,클렌징폼,1,16100,0,신용카드
ORD001798,2025-04-29 01:54:53,C01435,남,35,부산,식품,생수24개,1,12200,0,신용카드
ORD002299,2026-08-21 13:54:48,C00161,남,19,서울,생활용품,전기포트,2,46700,0.05,체크카드
ORD000331,2025-06-20 20:11:17,C00389,여,40,부산,생활용품,무선청소기,3,200800,0,신용카드
ORD002925,2025-04-04 23:51:45,C00687,여,47,대전,식품,프로틴바,1,20900,0.3,체크카드
ORD000259,2025-09-05 15:53:30,C00504,여,45,서울,패션,백팩,1,79900,0,계좌이체
ORD002026,2025-02-18 07:32:21,C00888,남,56,경기,뷰티,립틴트,2,18300,0,간편결제
ORD001170,2025-12-14 13:13:10,C01428,남,56,서울,패션,운동화,1,108800,0.3,계좌이체
ORD001802,2026-02-26 03:14:43,C00273,남,19,서울,식품,원두커피,1,18500,0,체크카드
ORD003403,2025-09-10 06:31:17,C00304,남,23,울산,패션,운동화,2,103900,0,계좌이체
ORD004576,2026-09-10 13:01:04,C00168,여,45,경남,전자기기,스마트워치,1,167600,0.2,무통장입금
ORD004524,2025-10-19 03:51:13,C01311,여,28,경남,식품,원두커피,1,19000,0,신용카드
ORD002400,2025-02-13 20:28:39,C01487,여,37,인천,전자기기,블루투스스피커,2,66400,0.2,체크카드
ORD003218,2025-09-18 10:38:23,C00519,여,37,부산,생활용품,텀블러,2,26800,0.1,무통장입금
ORD002913,2026-05-22 22:53:51,C00003,남,28,대구,전자기기,스마트워치,1,171100,0.2,신용카드
ORD004327,2026-06-01 01:18:00,C01059,여,36,인천,식품,생수24개,5,11800,0.05,무통장입금
ORD000231,2026-01-24 04:23:18,C00953,여,47,인천,패션,후드티,1,57100,0.2,체크카드
ORD004143,2025-08-08 16:57:25,C00827,남,29,인천,식품,프로틴바,1,22100,0,간편결제
ORD002838,2026-02-20 19:46:08,C01402,남,50,경기,패션,운동화,1,104300,0.1,
ORD000068,2025-10-11 20:40:24,C01539,남,54,울산,패션,운동화,3,101900,0.15,신용카드
ORD003691,2025-07-18 17:41:16,C00722,여,58,경남,뷰티,클렌징폼,2,16600,0.15,체크카드
ORD003554,2026-08-05 18:40:13,C00332,남,44,대구,전자기기,블루투스스피커,2,67200,0.2,체크카드
ORD003139,2025-09-04 01:48:20,C00135,남,35,대구,패션,백팩,3,74000,0,간편결제
ORD002691,2025-07-09 11:44:30,C00159,여,64,부산,생활용품,수납함,3,27200,0.1,무통장입금
ORD003047,2026-04-16 18:32:29,C00088,여,21,서울,패션,셔츠,1,51600,0.15,간편결제
ORD002193,2026-02-28 20:12:06,C01339,남,36,부산,전자기기,보조배터리,4,38500,0.1,무통장입금
ORD002890,2025-03-16 14:22:17,C00396,남,45,대전,패션,셔츠,2,49100,0.05,계좌이체
ORD000132,2025-12-31 06:39:11,C01037,남,59,대구,뷰티,샴푸,1,22600,0,간편결제
ORD002984,2026-06-29 07:41:53,C00074,남,66,대구,패션,셔츠,3,45500,0,무통장입금
ORD000842,2026-03-23 15:34:05,C00211,남,28,서울,식품,즉석밥24개,1,27000,0,체크카드
ORD002148,2026-09-22 09:14:48,C01184,여,38,서울,생활용품,전기포트,4,46100,0.05,계좌이체
ORD002677,2025-12-24 07:14:41,C00988,여,53,부산,식품,견과세트,1,30200,0,계좌이체
ORD002261,2026-04-04 15:57:44,C00852,여,18,광주,식품,즉석밥24개,2,25300,0.1,신용카드
ORD004630,2026-09-25 05:51:00,C00061,남,50,광주,식품,즉석밥24개,1,26100,0.15,계좌이체
ORD003185,2025-12-14 16:45:28,C01179,여,55,부산,뷰티,클렌징폼,1,15500,0.2,무통장입금
ORD003707,2025-07-07 14:37:59,C00299,여,37,인천,식품,생수24개,3,11100,0.1,간편결제
ORD004175,2025-04-09 08:14:49,C00683,여,36,경기,뷰티,립틴트,1,18800,0.2,간편결제
ORD000969,2025-09-10 00:09:56,C01011,여,57,경기,전자기기,블루투스스피커,1,71800,0,무통장입금
ORD003148,2025-12-25 15:19:34,C00569,남,25,대전,전자기기,스마트워치,1,151200,0.1,간편결제
ORD004261,2025-12-24 14:04:49,C00430,여,44,인천,생활용품,무선청소기,3,178100,0,체크카드
ORD004628,2026-01-09 18:17:53,C01583,남,68,광주,식품,원두커피,1,16900,0,무통장입금
ORD000800,2025-04-02 08:02:03,C00357,남,23,부산,생활용품,수건세트,1,30300,0,무통장입금
ORD001103,2025-10-10 06:54:29,C00432,남,41,경남,식품,원두커피,1,17800,0.05,계좌이체
ORD004627,2025-06-04 19:33:59,C00110,남,33,경남,식품,원두커피,3,18900,0.1,계좌이체
ORD001474,2025-01-15 15:22:08,C00468,남,46,인천,뷰티,클렌징폼,1,14800,0.1,계좌이체
ORD000557,2026-01-09 10:05:46,C01221,여,53,광주,전자기기,보조배터리,1,36800,0,신용카드
ORD000592,2026-06-26 02:53:58,C00945,여,45,대구,뷰티,선크림,1,24900,0.1,간편결제
ORD000373,2025-06-15 18:36:52,C00598,남,59,울산,전자기기,보조배터리,1,38800,0.05,체크카드
ORD003355,2026-09-05 22:39:42,C01437,여,40,서울,생활용품,수건세트,4,32100,0,무통장입금
ORD001847,2026-06-04 22:02:39,C00820,남,36,경남,생활용품,전기포트,1,49600,0.1,무통장입금
ORD004165,2025-01-20 19:48:54,C00824,여,54,대전,생활용품,수납함,2,28000,0.15,간편결제
ORD004592,2026-01-30 22:09:13,C00188,남,48,인천,식품,프로틴바,1,21000,0.15,간편결제
ORD002424,2026-07-02 18:15:54,C00677,여,33,전남,식품,견과세트,1,26900,0.1,체크카드
ORD004160,2025-01-14 05:17:02,C01472,남,34,경남,전자기기,무선이어폰,1,82500,0.05,간편결제
ORD002950,2026-07-16 22:37:45,C00265,여,54,부산,패션,운동화,2,112300,0.3,계좌이체
ORD004663,2025-09-29 13:22:52,C01416,남,40,경남,패션,셔츠,1,48300,0,무통장입금
ORD000888,2025-05-23 14:47:51,C01278,여,33,대구,패션,백팩,1,78600,0.15,신용카드
ORD003700,2025-12-12 01:38:58,C00666,남,62,경남,패션,청바지,1,70400,0.1,무통장입금
ORD004607,2025-06-24 20:50:06,C01272,남,46,서울,식품,프로틴바,2,23300,0,신용카드
ORD004809,2025-07-15 06:30:00,C00021,여,68,울산,패션,운동화,1,107600,0,무통장입금
ORD001677,2026-05-24 05:54:00,C00403,남,35,경기,뷰티,선크림,2,25800,0,계좌이체
ORD003268,2026-08-22 01:50:30,C00098,여,35,전남,전자기기,무선이어폰,1,76100,0.1,무통장입금
ORD001300,2025-06-22 10:00:41,C01427,남,18,대전,전자기기,블루투스스피커,1,69500,0.05,계좌이체
ORD004674,2025-08-25 10:20:43,C00888,여,43,서울,전자기기,블루투스스피커,2,68800,0.1,체크카드
ORD000208,2025-06-18 01:43:37,C00428,여,24,대구,전자기기,무선이어폰,1,81900,0.2,신용카드
ORD004324,2026-08-10 03:15:30,C00398,남,21,전남,식품,생수24개,1,11500,0,무통장입금
ORD003282,2025-03-03 03:01:22,C00255,남,26,서울,식품,즉석밥24개,5,28700,0.3,체크카드
ORD000752,2025-05-23 12:55:57,C00065,여,44,전남,생활용품,전기포트,1,47100,0.05,간편결제
ORD004388,2026-09-08 10:22:28,C01232,여,40,서울,뷰티,선크림,1,22900,0,간편결제
ORD004155,2025-02-03 05:25:24,C00858,남,66,대구,식품,즉석밥24개,1,29100,0.1,간편결제
ORD004988,2025-12-28 02:27:09,C00675,여,39,광주,전자기기,보조배터리,1,41500,0,무통장입금
ORD000821,2025-12-30 11:57:48,C00254,여,67,경남,생활용품,전기포트,1,52500,0,간편결제
ORD002227,2026-09-26 18:59:28,C01189,남,53,전남,전자기기,무선이어폰,2,81400,0.15,체크카드
ORD003109,2026-08-24 02:20:47,C01462,여,50,경기,뷰티,선크림,2,25900,0,계좌이체
ORD000853,2025-04-09 23:32:43,C00452,남,56,전남,전자기기,스마트워치,1,147100,0.1,신용카드
ORD002719,2026-09-26 04:23:37,C01174,남,29,인천,생활용품,수건세트,1,31500,0.3,간편결제
ORD000921,2026-09-16 08:57:12,C00260,남,38,경기,뷰티,수분크림,1,29500,0,계좌이체
ORD001917,2025-02-15 03:13:51,C00276,남,58,전남,뷰티,샴푸,1,19900,0.1,계좌이체
ORD001874,2025-07-18 20:34:19,C01449,여,55,경남,전자기기,기계식키보드,3,86900,0.1,계좌이체
ORD003570,2026-09-15 20:23:43,C00524,여,25,경기,식품,생수24개,1,12800,0.05,신용카드
ORD003842,2025-08-06 10:36:20,C01027,여,56,경기,생활용품,텀블러,3,24400,0,간편결제
ORD004781,2026-03-22 00:43:27,C01235,남,62,서울,뷰티,수분크림,1,33300,0.05,체크카드
ORD001105,2026-05-01 12:55:40,C01560,남,20,울산,패션,청바지,3,5000000,0,계좌이체
ORD003248,2025-03-13 02:36:27,C00855,여,44,대전,뷰티,샴푸,1,21800,0,간편결제
ORD002863,2026-02-01 14:31:44,C00839,남,48,전남,전자기기,기계식키보드,3,83000,0.15,간편결제
ORD001119,2025-06-24 05:56:45,C01327,남,40,부산,생활용품,수납함,1,28900,0.05,무통장입금
ORD002286,2026-06-29 08:14:47,C00756,남,47,전남,생활용품,수건세트,2,30000,0.1,무통장입금
ORD001938,2025-09-25 20:03:09,C00098,여,57,울산,뷰티,수분크림,2,34000,0,무통장입금
ORD004895,2025-07-01 15:52:41,C00346,남,60,서울,패션,셔츠,1,50900,0.3,무통장입금
ORD000517,2026-01-20 01:34:50,C00861,여,27,부산,식품,원두커피,1,17800,0,신용카드
ORD003647,2025-05-06 01:41:26,C00536,남,28,부산,패션,운동화,3,108800,0.05,계좌이체
ORD002985,2025-07-07 03:22:37,C00877,여,61,대구,뷰티,클렌징폼,1,16800,0.1,신용카드
ORD004571,2025-03-07 08:03:38,C00275,여,55,광주,전자기기,무선이어폰,1,78200,0,체크카드
ORD002001,2026-09-01 10:32:27,C00345,여,38,경남,생활용품,수납함,2,28100,0.15,간편결제
ORD002818,2026-01-23 18:07:12,C00463,남,25,울산,뷰티,클렌징폼,1,15000,0.1,무통장입금
ORD002317,2026-09-01 16:53:59,C01568,남,63,대전,패션,셔츠,2,45200,0.3,간편결제
ORD003777,2025-06-16 00:20:56,C00628,여,37,울산,식품,원두커피,1,17500,0.05,신용카드
ORD003264,2025-11-17 17:52:55,C01371,여,65,인천,전자기기,기계식키보드,2,83500,0,신용카드
ORD000099,2025-06-01 01:39:29,C00409,남,36,광주,식품,견과세트,2,29600,0.2,신용카드
ORD002569,2025-05-21 06:07:09,C01239,여,31,대전,패션,셔츠,1,52600,0.1,체크카드
ORD003342,2025-01-31 04:00:02,C00121,남,38,광주,식품,프로틴바,2,21500,0.15,계좌이체
ORD001065,2025-10-06 16:45:53,C00074,남,57,울산,뷰티,샴푸,1,21200,0.2,계좌이체
ORD003456,2026-04-23 22:48:13,C01515,남,52,인천,생활용품,무선청소기,2,178900,0,신용카드
ORD000910,2025-09-07 03:43:46,C00441,남,60,부산,식품,즉석밥24개,2,25900,0.1,무통장입금
ORD000157,2026-01-11 05:35:20,C00346,여,46,서울,전자기기,블루투스스피커,1,68900,0.05,간편결제
ORD000051,2025-03-04 20:10:55,C00933,여,31,대전,식품,견과세트,3,28000,0,간편결제
ORD002245,2026-09-21 03:29:52,C00190,남,68,경기,전자기기,블루투스스피커,1,63900,0.15,간편결제
ORD003383,2025-01-19 06:56:41,C00324,남,62,대구,패션,청바지,1,69000,0.2,체크카드
ORD001393,2026-07-06 06:20:12,C00477,여,19,울산,뷰티,샴푸,1,20200,0,간편결제
ORD002087,2025-10-28 04:06:23,C01152,여,27,울산,패션,후드티,1,60400,0.3,간편결제
ORD001097,2025-07-11 18:11:05,C01335,남,66,경남,식품,생수24개,1,11800,0.2,계좌이체
ORD004996,2026-06-21 07:38:50,C00031,여,22,전남,뷰티,샴푸,1,22700,0.15,간편결제
ORD004950,2025-06-29 13:26:35,C01553,여,52,대구,뷰티,샴푸,1,22400,0,계좌이체
ORD000125,2025-12-02 09:13:10,C01474,여,36,울산,패션,운동화,1,114000,0.05,신용카드
ORD001815,2026-07-24 10:11:53,C01580,남,36,,패션,후드티,5,61100,0.05,무통장입금
ORD003805,2026-05-28 09:33:36,C00967,남,60,인천,전자기기,기계식키보드,1,92200,0.1,신용카드
ORD004031,2025-06-24 03:46:55,C01462,여,66,대전,패션,운동화,4,117000,0,무통장입금
ORD001904,2025-10-23 09:08:49,C00061,남,50,대전,식품,프로틴바,1,20500,0.1,무통장입금
ORD000991,2026-06-04 14:33:50,C00486,남,39,대구,패션,후드티,1,58200,0.05,계좌이체
ORD003389,2025-03-24 00:04:59,C00373,남,64,경남,전자기기,무선이어폰,2,80700,0.15,체크카드
ORD002457,2026-09-07 17:03:08,C01080,남,34,부산,식품,견과세트,1,30600,0.1,간편결제
ORD003627,2026-04-11 10:22:45,C00024,여,26,전남,패션,후드티,1,55000,0,계좌이체
ORD004792,2025-07-27 18:35:50,C00947,여,26,인천,패션,청바지,1,67900,0.05,계좌이체
ORD000818,2026-03-01 20:49:58,C00615,여,64,대전,식품,즉석밥24개,1,25300,0.1,무통장입금
ORD001527,2025-08-12 01:05:45,C00718,여,22,경남,패션,청바지,4,66500,0.1,체크카드
ORD001651,2025-11-04 05:39:29,C00480,여,22,,전자기기,무선이어폰,5,72900,0.2,신용카드
ORD001469,2025-02-23 10:19:38,C00732,남,67,대구,식품,생수24개,3,11300,0.3,신용카드
ORD001610,2025-04-05 02:21:31,C01344,남,45,경남,식품,생수24개,1,12000,0.05,무통장입금
ORD004493,2025-01-17 02:25:55,C01069,여,60,서울,생활용품,무선청소기,1,201500,0,간편결제
ORD004891,2025-07-30 03:34:16,C00105,남,59,경남,패션,백팩,1,73200,0.05,체크카드
ORD000786,2026-02-14 12:36:56,C00462,여,37,경기,생활용품,무선청소기,1,183400,0,체크카드
ORD001384,2025-12-31 20:57:23,C00653,여,43,광주,전자기기,스마트워치,5,170800,0,신용카드
ORD004004,2025-09-19 09:09:34,C00555,남,52,전남,전자기기,스마트워치,2,160600,0.3,계좌이체
ORD004834,2025-07-26 06:29:34,C01504,여,40,경기,전자기기,기계식키보드,3,91200,0,무통장입금
ORD001547,2026-03-07 08:02:53,C00031,남,18,대전,패션,운동화,2,108600,0.1,간편결제
ORD001166,2026-07-08 23:24:21,C00319,남,48,대전,생활용품,전기포트,1,45600,0.15,계좌이체
ORD004563,2025-05-07 15:37:10,C00519,남,44,경기,생활용품,수납함,1,27200,0.1,체크카드
ORD002426,2026-02-02 02:14:39,C00038,여,57,대전,뷰티,클렌징폼,1,16300,0.1,체크카드
ORD001408,2026-05-11 11:55:35,C01185,남,68,인천,전자기기,블루투스스피커,1,68300,0,무통장입금
ORD000869,2026-01-28 06:02:53,C01296,여,59,울산,전자기기,보조배터리,2,36400,0.05,신용카드
ORD004394,2025-01-13 01:10:12,C01593,여,60,경남,생활용품,수납함,1,30100,0.1,계좌이체
ORD003372,2025-02-26 23:14:55,C01270,남,31,부산,패션,후드티,1,62000,0.1,신용카드
ORD001201,2025-10-25 03:31:26,C01581,남,34,광주,생활용품,텀블러,2,25200,0,간편결제
ORD001575,2025-11-11 17:13:17,C01146,남,65,인천,패션,청바지,1,71100,0.1,계좌이체
ORD004774,2026-06-03 17:10:32,C00375,여,63,인천,식품,견과세트,4,27200,0.15,간편결제
ORD000060,2025-08-02 20:01:22,C00877,남,49,부산,전자기기,기계식키보드,3,82500,0.05,체크카드
ORD003588,2026-09-19 07:33:49,C00818,남,65,전남,전자기기,무선이어폰,1,80600,0.3,무통장입금
ORD002593,2026-08-08 19:08:01,C01387,여,66,대구,생활용품,수건세트,2,31200,0.1,간편결제
ORD000261,2026-01-17 22:56:05,C01486,남,34,전남,패션,청바지,4,72700,0,간편결제
ORD004588,2025-04-17 02:24:27,C01016,여,63,경기,뷰티,클렌징폼,2,17300,0.1,체크카드
ORD002015,2025-03-10 18:11:15,C00819,여,,부산,패션,청바지,2,67800,0.1,계좌이체
ORD001872,2025-10-27 17:10:20,C00600,남,45,전남,식품,프로틴바,1,21900,0,간편결제
ORD004393,2025-03-26 22:05:04,C01459,여,66,경남,전자기기,스마트워치,5,158300,0.2,신용카드
ORD003979,2025-05-11 11:48:04,C00752,남,28,부산,전자기기,스마트워치,1,157800,0.1,무통장입금
ORD001498,2026-05-09 07:06:50,C00107,여,19,울산,식품,즉석밥24개,1,27600,0.2,무통장입금
ORD001665,2026-02-27 08:12:04,C01157,여,43,부산,패션,후드티,1,62600,0,간편결제
ORD003472,2026-07-05 04:15:16,C01580,여,43,경남,생활용품,수납함,2,29100,0.1,신용카드
ORD001199,2025-12-07 17:55:15,C00419,여,65,광주,뷰티,선크림,3,23800,0,무통장입금
ORD004725,2026-01-31 17:04:38,C01058,여,27,인천,뷰티,선크림,5,24700,0.2,계좌이체
ORD004815,2025-12-18 17:22:39,C00015,남,64,전남,생활용품,수납함,2,29500,0,간편결제
ORD000907,2026-01-31 17:06:12,C00136,남,30,전남,식품,즉석밥24개,1,27700,0.1,계좌이체
ORD002567,2026-01-11 08:11:23,C01023,여,21,경기,패션,청바지,1,66700,0.1,간편결제
ORD002926,2025-08-13 04:01:01,C00152,남,34,전남,식품,견과세트,1,30200,0.1,신용카드
ORD002949,2025-10-04 10:54:48,C00645,남,31,광주,뷰티,선크림,2,22500,0.1,무통장입금
ORD001965,2025-05-04 01:31:51,C01422,남,18,인천,전자기기,블루투스스피커,1,68500,0.2,간편결제
ORD001812,2025-01-01 03:33:44,C00122,여,48,대구,패션,백팩,1,83900,0,간편결제
ORD004159,2026-09-19 14:57:01,C00339,남,63,광주,식품,프로틴바,1,22100,0.3,계좌이체
ORD002271,2025-07-04 23:37:37,C00755,남,48,인천,전자기기,보조배터리,3,36100,0.15,간편결제
ORD000905,2026-05-15 06:30:14,C01050,여,19,경기,식품,생수24개,5,11400,0.1,계좌이체
ORD000163,2026-02-25 22:30:08,C00217,남,67,부산,생활용품,수건세트,1,30700,0,신용카드
ORD003119,2025-07-02 09:36:28,C01166,여,30,부산,생활용품,전기포트,1,49300,0,간편결제
ORD002307,2026-08-15 17:18:12,C00394,여,42,인천,패션,운동화,1,115100,0,간편결제
ORD002751,2025-04-25 07:07:08,C00312,여,49,광주,생활용품,텀블러,1,23200,0,간편결제
ORD000428,2026-07-03 07:41:56,C00905,남,22,서울,식품,프로틴바,2,23200,0.1,체크카드
ORD002188,2026-02-16 22:49:13,C01027,남,25,서울,패션,셔츠,2,49900,0,무통장입금
ORD003836,2026-06-01 21:28:33,C00460,남,68,,식품,원두커피,1,17400,0.05,신용카드
ORD004961,2026-06-08 09:17:17,C00240,남,23,부산,생활용품,수납함,1,28100,0.15,계좌이체
ORD000026,2026-05-18 22:34:09,C00823,여,32,부산,패션,청바지,1,64300,0,
ORD001893,2025-05-14 13:31:08,C01043,남,40,광주,생활용품,무선청소기,2,197700,0.05,무통장입금
ORD002578,2026-07-29 19:23:57,C00971,여,37,경남,뷰티,선크림,1,25800,0.1,계좌이체
ORD003938,2026-08-20 10:06:53,C00072,여,52,대전,생활용품,전기포트,1,52500,0,간편결제
ORD000761,2025-11-09 09:20:45,C00179,여,47,대전,패션,백팩,3,84200,0.1,무통장입금
ORD003620,2026-09-11 10:14:52,C01253,남,22,울산,식품,원두커피,2,16900,0.2,체크카드
ORD003317,2025-09-20 03:55:56,C00722,여,25,광주,뷰티,샴푸,1,21400,0,간편결제
ORD002696,2025-04-13 07:19:37,C00419,남,46,경남,패션,후드티,1,63600,0.1,무통장입금
ORD002519,2025-12-03 10:24:44,C00952,남,40,대전,식품,원두커피,2,19100,0.1,체크카드
ORD000250,2025-05-17 17:15:28,C00533,여,35,울산,식품,견과세트,4,29200,0.2,간편결제
ORD002883,2025-01-01 11:48:56,C00645,여,59,대구,식품,원두커피,1,16600,0.3,계좌이체
ORD003512,2026-02-23 00:20:54,C00812,남,36,경기,뷰티,샴푸,1,21400,0,체크카드
ORD000718,2026-08-26 07:13:14,C01101,여,61,울산,생활용품,전기포트,1,51400,0.15,신용카드
ORD003881,2025-07-10 07:14:43,C01039,여,57,서울,생활용품,무선청소기,1,179600,0.1,무통장입금
ORD000728,2025-05-27 01:48:36,C01502,남,43,부산,패션,후드티,1,61600,0.1,체크카드
ORD001325,2025-12-26 02:46:36,C01059,여,69,대전,패션,청바지,1,72800,0.1,신용카드
ORD001044,2026-08-29 13:53:10,C00132,남,38,서울,생활용품,수건세트,1,30700,0.3,계좌이체
ORD004720,2026-09-27 16:59:50,C01369,여,58,부산,전자기기,기계식키보드,1,86500,0.05,계좌이체
ORD003185,2025-12-14 16:45:28,C01179,여,55,부산,뷰티,클렌징폼,1,15500,0.2,무통장입금
ORD001471,2026-03-19 02:27:35,C00546,여,51,전남,패션,후드티,2,55100,0,무통장입금
ORD002124,2025-01-14 10:52:23,C00210,여,54,울산,패션,후드티,2,61400,0.15,간편결제
ORD002456,2026-02-12 08:41:20,C00402,여,64,전남,식품,원두커피,3,18800,0.1,간편결제
ORD004272,2026-06-11 02:57:56,C01492,남,53,부산,생활용품,텀블러,2,23400,0.05,계좌이체
ORD004034,2025-03-26 03:03:08,C01481,남,29,광주,전자기기,기계식키보드,1,87400,0,계좌이체
ORD002736,2025-02-20 09:02:34,C00729,여,44,인천,뷰티,수분크림,2,32000,0.15,계좌이체
ORD002475,2025-12-17 12:13:00,C01305,남,62,대전,생활용품,텀블러,2,26000,0,체크카드
ORD000918,2025-09-22 06:29:53,C00199,남,52,경기,뷰티,클렌징폼,2,15800,0.05,신용카드
ORD001885,2025-09-05 17:57:51,C01061,여,59,인천,식품,생수24개,1,11600,0.05,체크카드
ORD003906,2025-04-07 11:25:32,C01455,여,55,대구,뷰티,샴푸,4,22400,0.1,계좌이체
ORD004542,2025-07-18 23:25:03,C00869,남,44,울산,전자기기,무선이어폰,2,78600,0.1,간편결제
ORD003049,2026-04-14 20:49:32,C00621,여,35,부산,뷰티,샴푸,1,19800,0.05,신용카드
ORD004408,2025-05-23 14:01:18,C00600,여,69,대구,뷰티,샴푸,2,20100,0.1,계좌이체
ORD002905,2025-11-14 08:03:08,C00185,남,48,인천,패션,셔츠,1,48200,0.1,체크카드
ORD002491,2025-01-31 16:42:27,C01238,여,29,경기,뷰티,샴푸,1,21200,0.1,간편결제
ORD002795,2025-04-21 19:06:53,C00608,남,51,서울,뷰티,클렌징폼,2,14800,0.2,무통장입금
ORD002470,2026-01-22 21:44:56,C00754,여,101,부산,식품,프로틴바,3,23600,0.05,계좌이체
ORD000877,2026-03-03 06:37:08,C00253,여,46,광주,전자기기,스마트워치,2,153100,0,간편결제
ORD004787,2025-02-24 03:49:30,C00058,여,44,대전,식품,원두커피,4,18900,0,신용카드
ORD002190,2025-11-18 21:02:16,C00159,여,24,서울,패션,청바지,2,66700,0.05,무통장입금
ORD003257,2026-07-20 20:59:06,C00892,남,21,울산,전자기기,보조배터리,1,36100,0.05,체크카드
ORD001829,2025-05-23 02:36:49,C01509,여,40,서울,뷰티,클렌징폼,1,15500,0.1,간편결제
ORD002135,2025-12-09 10:10:25,C01401,남,41,경남,전자기기,무선이어폰,2,73200,0.1,계좌이체
ORD000947,2025-07-23 19:04:30,C01467,남,51,울산,식품,견과세트,1,30700,0.15,간편결제
ORD004040,2025-08-16 03:43:42,C00114,여,19,전남,식품,생수24개,1,12600,0.2,간편결제
ORD001985,2026-02-25 04:29:54,C00728,남,49,경기,뷰티,샴푸,1,19700,0.05,무통장입금
ORD001076,2025-05-18 15:22:43,C00842,여,69,경남,식품,프로틴바,1,21200,0.1,체크카드
ORD001561,2026-08-03 20:51:37,C00330,남,18,인천,패션,청바지,1,67400,0.05,
ORD000778,2025-12-31 16:27:58,C00288,여,31,대전,식품,견과세트,3,27100,0,간편결제
ORD000154,2025-10-27 01:11:26,C01260,남,35,경남,식품,원두커피,1,17300,0,무통장입금
ORD002904,2025-10-13 06:26:55,C01506,여,34,서울,뷰티,샴푸,1,20600,0,체크카드
ORD003998,2026-08-07 11:29:11,C01032,여,25,경기,전자기기,무선이어폰,4,81800,0.1,간편결제
ORD001375,2026-04-28 02:44:02,C01574,남,42,대전,식품,프로틴바,1,20800,0.1,무통장입금
ORD004375,2025-04-25 17:17:57,C01546,여,21,대전,패션,운동화,2,108600,0.1,간편결제
ORD001612,2025-01-20 17:38:10,C01174,남,45,경기,생활용품,수납함,1,30100,0.2,계좌이체
ORD002300,2026-04-18 02:01:06,C00134,남,43,울산,생활용품,전기포트,3,51600,0.1,무통장입금
ORD003965,2025-05-29 02:53:06,C00667,여,59,부산,생활용품,전기포트,1,49000,0.1,계좌이체
ORD003458,2025-02-02 09:35:03,C00811,여,22,서울,생활용품,무선청소기,2,199500,0.3,체크카드
ORD004207,2026-02-13 11:47:27,C00287,남,26,서울,전자기기,보조배터리,2,37300,0,간편결제
ORD003346,2026-02-27 00:56:04,C01484,여,38,경남,식품,프로틴바,1,20400,0.05,간편결제
ORD001825,2026-07-02 10:52:55,C00461,여,43,전남,뷰티,립틴트,2,18900,0.1,무통장입금
ORD000189,2025-11-03 01:41:07,C01595,여,50,대전,식품,즉석밥24개,1,25400,0.1,신용카드
ORD003719,2026-07-21 20:57:34,C01299,남,62,대전,패션,백팩,1,76600,0.15,계좌이체
ORD003628,2026-02-09 20:59:08,C00378,남,26,울산,패션,셔츠,1,49000,0.1,무통장입금
ORD003571,2026-01-05 21:15:32,C01430,여,,경남,패션,셔츠,2,52400,0.1,무통장입금
ORD003278,2026-09-12 00:34:10,C00323,남,53,전남,전자기기,기계식키보드,2,86000,0.1,신용카드
ORD003611,2025-11-27 05:48:27,C00210,여,45,전남,생활용품,수납함,1,26800,0.15,계좌이체
ORD004497,2025-06-23 23:27:23,C01430,여,42,부산,뷰티,수분크림,2,31300,0.05,무통장입금
ORD003567,2025-01-22 05:57:00,C01576,남,57,대구,뷰티,샴푸,1,20800,0,무통장입금
ORD004194,2026-08-25 16:24:18,C00947,여,22,서울,전자기기,기계식키보드,5,93300,0.15,무통장입금
ORD002511,2025-03-26 15:47:30,C01067,여,68,전남,생활용품,텀블러,2,25600,0.1,무통장입금
ORD003748,2025-12-20 15:08:41,C00226,남,30,인천,식품,생수24개,1,11700,0.1,간편결제
ORD003404,2025-02-27 01:07:42,C00065,남,34,경남,패션,후드티,2,57600,0,간편결제
ORD000135,2025-02-15 23:38:21,C01449,남,32,대구,식품,원두커피,1,19100,0.05,체크카드
ORD000129,2025-03-30 12:16:40,C00263,남,31,울산,생활용품,수납함,1,27700,0.1,간편결제
ORD001081,2025-10-06 16:54:15,C01470,여,63,서울,식품,견과세트,1,29600,0.1,무통장입금
ORD000425,2026-08-10 10:14:25,C00382,여,59,전남,패션,청바지,4,73300,0,신용카드
ORD004231,2025-03-19 18:42:08,C01158,여,45,전남,뷰티,립틴트,2,18500,0,계좌이체
ORD000583,2025-10-25 09:50:59,C01053,여,59,경남,전자기기,기계식키보드,1,85300,0.05,무통장입금
ORD000186,2025-06-28 06:46:55,C00797,남,49,경기,뷰티,샴푸,4,21000,0,신용카드
ORD000309,2026-07-15 15:43:25,C01223,여,25,대전,전자기기,무선이어폰,1,79700,0,신용카드
ORD004214,2026-07-12 06:33:44,C00560,여,39,대전,전자기기,보조배터리,1,37100,0.3,계좌이체
ORD002598,2026-06-04 14:01:53,C01370,여,31,인천,식품,즉석밥24개,2,26500,0.1,신용카드
ORD003889,2025-03-11 21:22:53,C00174,남,58,대전,패션,백팩,2,83400,0,체크카드
ORD002922,2025-01-13 02:52:55,C01250,여,52,광주,뷰티,선크림,4,24800,0.1,무통장입금
ORD000002,2026-03-17 01:53:27,C01019,남,20,인천,생활용품,무선청소기,2,201700,0.05,무통장입금
ORD001646,2026-08-10 21:39:00,C00350,남,55,울산,패션,운동화,1,101400,0.05,간편결제
ORD003692,2026-07-04 21:27:46,C00071,남,39,대구,패션,청바지,1,67000,0.1,간편결제
ORD004528,2025-05-09 16:16:05,C00386,남,69,경남,식품,즉석밥24개,1,27400,0.2,무통장입금
ORD000013,2026-08-25 21:30:00,C00805,남,21,울산,전자기기,블루투스스피커,3,68800,0.05,신용카드
ORD000759,2025-11-24 17:48:19,C00884,남,18,서울,전자기기,기계식키보드,1,95400,0.05,무통장입금
ORD001548,2025-10-16 08:31:56,C00926,여,68,대구,전자기기,블루투스스피커,1,67800,0,무통장입금
ORD002253,2025-07-28 07:44:50,C00788,여,30,인천,식품,원두커피,2,17500,0,체크카드
ORD004654,2025-06-18 07:20:08,C01446,여,18,전남,패션,후드티,3,59300,0.2,무통장입금
ORD001337,2026-09-06 04:00:28,C00103,남,31,인천,전자기기,무선이어폰,1,83600,0,체크카드
ORD001120,2026-02-25 22:56:16,C00638,남,28,울산,패션,백팩,1,79900,0.3,체크카드
ORD004225,2026-01-31 22:16:53,C01216,여,45,서울,패션,청바지,5,67200,0.3,간편결제
ORD000420,2026-05-07 08:23:30,C00227,여,48,서울,뷰티,수분크림,1,33300,0,체크카드
ORD003075,2025-04-07 08:29:18,C00267,여,47,부산,뷰티,클렌징폼,1,16500,0.1,체크카드
ORD001085,2026-03-05 19:04:17,C00052,여,38,대전,전자기기,기계식키보드,3,82900,0.1,간편결제
ORD004965,2026-01-26 11:11:12,C01544,남,69,부산,식품,원두커피,1,17500,0,신용카드
ORD002564,2025-01-27 05:44:03,C00803,여,36,경기,뷰티,샴푸,2,20200,0.2,계좌이체
ORD001901,2026-07-20 22:11:32,C00783,남,23,대전,생활용품,텀블러,1,25500,0,체크카드
ORD000215,2026-04-27 13:15:48,C00054,남,40,경남,식품,견과세트,1,29300,0.1,무통장입금
ORD001211,2026-02-03 15:28:24,C01593,남,26,전남,식품,생수24개,1,12800,0,신용카드
ORD000608,2026-08-04 17:01:35,C00603,남,41,대전,패션,후드티,3,60700,0.1,간편결제
ORD000161,2026-03-23 13:36:06,C01502,여,61,경남,생활용품,텀블러,1,23700,0.1,간편결제
ORD003728,2025-08-19 04:51:04,C00843,남,67,경남,식품,프로틴바,1,20300,0.2,체크카드
ORD002954,2026-04-04 03:14:23,C01124,여,66,전남,패션,운동화,1,110000,0,무통장입금
ORD001249,2025-07-21 06:21:47,C01016,여,45,대구,생활용품,텀블러,4,26300,0.2,계좌이체
ORD000721,2026-08-07 02:59:24,C00576,남,23,울산,패션,후드티,4,55200,0.1,체크카드
ORD004341,2026-01-14 16:36:04,C00430,남,50,경기,생활용품,전기포트,1,47100,0.1,무통장입금
ORD003658,2025-02-09 23:18:19,C01542,여,64,인천,전자기기,무선이어폰,1,78700,0.2,계좌이체
ORD002004,2026-09-10 15:38:55,C00873,남,27,인천,전자기기,블루투스스피커,2,63800,0.15,신용카드
ORD004680,2026-09-02 05:29:40,C01285,남,37,광주,뷰티,수분크림,1,32200,0.1,간편결제
ORD003281,2025-06-22 18:32:42,C00314,남,22,대전,전자기기,블루투스스피커,1,66800,0.2,무통장입금
ORD003687,2025-10-24 09:43:26,C00113,남,49,서울,패션,백팩,2,75700,0.2,간편결제
ORD004583,2026-06-22 13:49:47,C00791,남,68,경기,패션,청바지,2,72700,0.1,신용카드
ORD001530,2026-09-22 07:03:14,C00455,남,55,경기,패션,후드티,2,56100,0.3,간편결제
ORD000093,2025-10-28 17:14:14,C01553,여,48,대구,생활용품,전기포트,1,50200,0.1,체크카드
ORD002356,2026-04-11 19:41:00,C00946,남,57,경남,패션,백팩,1,83300,0,신용카드
ORD001809,2026-07-26 15:17:03,C00515,여,48,울산,전자기기,스마트워치,1,164400,0.2,무통장입금
ORD000481,2026-03-09 10:51:53,C01035,남,35,광주,뷰티,수분크림,2,33200,0.15,계좌이체
ORD001485,2025-04-02 09:00:50,C00579,여,34,경기,패션,후드티,2,56300,0.1,간편결제
ORD000850,2026-01-25 11:52:45,C01077,여,43,경기,뷰티,선크림,2,22200,0,체크카드
ORD002385,2026-01-20 03:51:26,C01132,남,56,인천,뷰티,립틴트,1,17400,0,무통장입금
ORD001275,2025-12-03 03:11:23,C01584,여,24,경기,생활용품,텀블러,5,24600,0.05,계좌이체
ORD002684,2026-05-01 23:15:34,C01162,여,28,부산,패션,후드티,1,60900,0.15,무통장입금
ORD002522,2025-02-17 07:49:05,C01241,여,46,경남,생활용품,수납함,1,29300,0.05,체크카드
ORD004747,2025-02-07 16:30:19,C01175,남,23,서울,생활용품,무선청소기,30,178800,0,간편결제
ORD002595,2025-12-25 06:09:02,C00039,여,24,경남,전자기기,보조배터리,1,38000,0.3,계좌이체
ORD001649,2026-01-12 18:05:20,C00344,여,48,전남,뷰티,샴푸,1,22400,0.1,간편결제
ORD004533,2025-12-05 06:38:19,C00310,여,25,울산,식품,즉석밥24개,4,27200,0,무통장입금
ORD002553,2025-07-30 06:03:04,C01156,여,64,인천,전자기기,블루투스스피커,1,65500,0,신용카드
ORD002839,2026-06-28 16:59:39,C00279,남,49,광주,전자기기,무선이어폰,2,82500,0,무통장입금
ORD003298,2026-06-09 18:53:41,C00331,남,31,부산,식품,생수24개,1,11400,0.1,무통장입금
ORD001600,2025-11-09 11:13:45,C01227,여,36,대전,패션,운동화,2,115900,0,무통장입금
ORD001581,2025-12-15 21:35:31,C01071,남,57,전남,식품,견과세트,2,31000,0.05,간편결제
ORD001470,2026-09-26 02:36:15,C00845,여,18,경남,식품,원두커피,1,17200,0.05,계좌이체
ORD002105,2026-03-09 09:15:41,C00341,여,58,대전,패션,셔츠,1,47100,0.05,간편결제
ORD003937,2026-02-04 18:06:33,C00544,여,56,경남,뷰티,샴푸,4,21400,0,계좌이체
ORD004935,2026-08-01 23:47:47,C00879,여,27,경기,생활용품,무선청소기,3,177400,0.15,체크카드
ORD000897,2026-08-31 08:55:32,C01072,남,25,인천,전자기기,기계식키보드,3,86300,0.1,무통장입금
ORD001264,2025-02-18 19:36:34,C00703,남,41,대구,패션,청바지,1,67400,0,체크카드
ORD003258,2026-07-09 17:57:04,C01075,여,36,대전,생활용품,수납함,1,26700,0,무통장입금
ORD001624,2026-01-04 10:15:06,C01142,여,24,경남,전자기기,블루투스스피커,1,72600,0,간편결제
ORD000243,2025-05-25 10:18:12,C00038,여,40,서울,전자기기,블루투스스피커,4,64200,0.05,신용카드
ORD003827,2025-09-01 00:17:24,C00553,여,20,울산,뷰티,립틴트,1,18300,0.15,계좌이체
ORD001747,2026-05-12 02:25:50,C00041,여,67,대전,식품,프로틴바,1,22300,0.3,체크카드
ORD001947,2025-08-31 18:03:56,C00166,남,67,대구,패션,청바지,1,70300,0.05,신용카드
ORD002979,2025-08-09 05:06:01,C00356,여,58,경기,전자기기,블루투스스피커,2,69000,0,간편결제
ORD002415,2026-01-21 20:53:43,C00377,여,21,전남,식품,원두커피,2,18100,0.1,무통장입금
ORD000911,2026-08-03 21:20:57,C01086,남,40,부산,식품,견과세트,1,27800,0.15,무통장입금
ORD003094,2025-06-17 16:41:14,C01474,여,25,울산,식품,프로틴바,3,20700,0,무통장입금
ORD003961,2025-04-10 03:54:50,C01055,남,64,광주,패션,백팩,1,73400,0.3,체크카드
ORD000008,2026-03-05 03:12:18,C00589,남,20,대구,생활용품,수납함,3,28900,0,계좌이체
ORD004775,2025-05-18 11:14:18,C00606,남,55,부산,식품,견과세트,2,30900,0.05,체크카드
ORD004457,2025-03-05 14:42:29,C00845,여,50,인천,식품,원두커피,1,16600,0.1,간편결제
ORD002159,2026-06-28 05:25:25,C01003,여,27,대구,식품,생수24개,1,12200,0,체크카드
ORD002368,2026-06-16 13:04:57,C01232,남,36,울산,식품,프로틴바,1,20300,0.3,간편결제
ORD004598,2026-07-19 15:11:23,C00258,여,65,전남,뷰티,수분크림,1,32300,0.2,체크카드
ORD004050,2026-01-30 17:26:53,C00342,남,23,경기,패션,백팩,1,77100,0.1,간편결제
ORD004080,2025-07-27 23:02:58,C01193,여,19,경남,패션,백팩,1,73000,0.2,신용카드
ORD004825,2025-06-06 06:22:03,C01510,남,68,경남,생활용품,전기포트,1,49100,0,간편결제
ORD002137,2026-07-31 15:15:18,C00091,남,19,경기,전자기기,보조배터리,2,36200,0.1,신용카드
ORD001658,2025-10-07 07:40:18,C00161,여,34,경기,패션,청바지,1,71300,0,체크카드
ORD003555,2025-10-23 16:15:33,C00135,여,29,경기,뷰티,샴푸,1,20000,0.1,신용카드
ORD002165,2026-02-07 19:03:45,C01026,남,61,전남,패션,셔츠,3,51700,0.1,체크카드
ORD001875,2025-11-17 06:28:16,C01550,여,28,경남,생활용품,무선청소기,4,192300,0.1,무통장입금
ORD003142,2026-03-19 11:15:51,C01233,여,19,부산,뷰티,샴푸,3,21200,0,무통장입금
ORD001732,2026-07-06 22:44:17,C01414,여,27,대구,패션,운동화,1,113600,0,간편결제
ORD003702,2025-10-02 07:11:35,C00552,여,33,부산,패션,청바지,3,70900,0,체크카드
ORD004404,2025-11-03 12:40:21,C01245,여,29,경남,식품,원두커피,1,16800,0.05,간편결제
ORD000540,2025-06-07 11:05:57,C01338,남,69,광주,패션,청바지,1,74200,0,신용카드
ORD003168,2026-04-11 17:04:15,C00874,남,58,경남,생활용품,무선청소기,1,202200,0.1,무통장입금
ORD003462,2025-11-28 17:14:01,C00068,여,48,경남,식품,생수24개,1,12600,0,신용카드
ORD002999,2025-12-25 05:56:30,C01323,남,33,대전,전자기기,무선이어폰,3,85100,0.05,신용카드
ORD003104,2026-03-31 16:29:49,C01372,여,44,인천,패션,백팩,1,83100,0.1,무통장입금
ORD001740,2025-11-11 06:30:27,C00475,여,19,부산,전자기기,무선이어폰,3,84900,0,체크카드
ORD004003,2025-03-15 18:35:59,C00032,여,34,부산,전자기기,기계식키보드,1,86800,0.2,무통장입금
ORD000081,2026-06-18 05:56:12,C00736,남,54,대구,식품,프로틴바,2,20800,0,무통장입금
ORD004470,2026-08-29 08:10:06,C01081,남,54,경기,식품,생수24개,5,12500,0,계좌이체
ORD001365,2026-02-17 11:09:49,C01159,여,58,경남,전자기기,기계식키보드,2,83400,0,신용카드
ORD004648,2026-04-16 03:15:47,C01254,여,53,광주,생활용품,수건세트,1,33200,0.1,체크카드
ORD003720,2026-09-12 22:02:44,C00913,남,22,경기,전자기기,스마트워치,3,162500,0.1,무통장입금
ORD004882,2025-04-11 18:53:40,C00514,남,65,부산,전자기기,보조배터리,2,41600,0,간편결제
ORD002099,2025-05-22 08:41:14,C01586,여,58,부산,뷰티,선크림,1,23700,0.15,신용카드
ORD002662,2025-06-21 17:59:17,C00622,남,57,경남,식품,프로틴바,2,21000,0,신용카드
ORD004380,2025-11-10 12:51:41,C00298,여,45,서울,뷰티,샴푸,2,21500,0.1,신용카드
ORD004723,2026-08-01 03:44:24,C01469,여,59,경기,전자기기,블루투스스피커,2,65400,0.05,간편결제
ORD003986,2025-01-24 08:07:56,C01546,여,69,광주,전자기기,기계식키보드,1,95500,0.2,간편결제
ORD002729,2026-08-14 08:38:52,C00917,남,55,대전,뷰티,클렌징폼,1,17000,0.1,무통장입금
ORD004483,2025-08-05 06:12:33,C00908,여,49,경기,뷰티,립틴트,2,18000,0.05,계좌이체
ORD002872,2026-08-11 19:19:53,C00093,남,46,울산,전자기기,블루투스스피커,3,68600,0.1,계좌이체
ORD003221,2025-08-17 03:30:10,C00886,여,31,경기,생활용품,전기포트,1,51700,0,체크카드
ORD004545,2025-06-18 23:01:18,C01479,여,39,전남,식품,견과세트,1,30200,0.3,체크카드
ORD001200,2026-04-25 20:16:19,C01055,여,51,경기,뷰티,클렌징폼,2,14700,0,신용카드
ORD003434,2025-12-13 15:36:37,C00832,남,18,인천,뷰티,선크림,1,24500,0.3,무통장입금
ORD000424,2026-02-08 16:27:17,C00560,여,41,서울,전자기기,블루투스스피커,4,67200,0,신용카드
ORD001381,2025-07-17 05:20:27,C00073,여,66,대구,식품,즉석밥24개,3,28900,0,계좌이체
ORD003425,2026-08-20 06:29:49,C01436,여,63,전남,생활용품,텀블러,1,26000,0,간편결제
ORD001666,2025-09-06 05:55:53,C01201,,37,서울,패션,셔츠,1,47200,0.05,체크카드
ORD001795,2025-06-22 20:22:58,C00855,남,19,전남,전자기기,블루투스스피커,4,74000,0.2,체크카드
ORD001307,2025-05-03 20:57:59,C01580,남,63,경남,생활용품,전기포트,1,48000,0.05,간편결제
ORD001319,2026-08-09 08:51:58,C00631,여,50,경기,식품,즉석밥24개,3,28900,0,간편결제
ORD001480,2025-06-18 04:00:32,C00471,남,56,광주,생활용품,수건세트,1,33500,0,계좌이체
ORD002990,2025-05-09 09:11:13,C00005,남,29,,생활용품,무선청소기,2,201500,0.1,간편결제
ORD003175,2026-06-18 20:30:41,C00777,남,28,울산,전자기기,기계식키보드,2,87700,0,체크카드
ORD001909,2025-04-11 16:11:00,C00246,여,44,대전,생활용품,수건세트,2,30700,0,간편결제
ORD001632,2026-05-26 08:30:03,C01293,여,64,서울,패션,운동화,1,104900,0,신용카드
ORD003599,2026-06-05 18:13:18,C00135,여,53,전남,뷰티,수분크림,1,33600,0,체크카드
ORD000412,2026-07-09 22:46:37,C01521,남,27,인천,전자기기,스마트워치,2,170800,0,체크카드
ORD004868,2025-04-22 09:08:53,C00803,남,32,부산,전자기기,무선이어폰,2,84000,0.1,무통장입금
ORD003808,2025-03-04 22:06:44,C00572,남,35,전남,생활용품,전기포트,3,50700,0.1,계좌이체
ORD000789,2025-12-22 19:45:40,C00363,남,43,울산,식품,원두커피,1,17700,0.3,신용카드
ORD004259,2026-09-08 18:22:20,C00245,남,49,인천,패션,운동화,1,102200,0,신용카드
ORD004695,2026-03-21 14:28:35,C00201,남,63,인천,전자기기,블루투스스피커,2,69700,0.2,체크카드
ORD003194,2026-05-30 01:02:52,C00579,여,58,울산,전자기기,블루투스스피커,3,74200,0.1,신용카드
ORD002859,2025-05-03 00:28:30,C00496,여,46,경남,패션,청바지,1,70700,0.3,무통장입금
ORD004641,2026-09-29 07:28:52,C00243,남,40,경남,전자기기,블루투스스피커,1,68400,0.1,체크카드
ORD002046,2025-05-09 16:28:25,C01335,남,18,경남,패션,백팩,4,84600,0,무통장입금
ORD000518,2025-11-09 10:01:10,C01300,남,44,경기,뷰티,선크림,1,24000,0.3,계좌이체
ORD003802,2025-08-08 05:14:21,C01582,여,62,대구,뷰티,샴푸,1,22600,0.3,계좌이체
ORD002959,2025-01-12 08:23:55,C00191,여,38,전남,생활용품,수건세트,3,34000,0,신용카드
ORD003068,2026-06-10 00:02:16,C00469,여,55,경기,생활용품,텀블러,1,24000,0.1,간편결제
ORD000828,2026-05-09 12:59:33,C01008,남,65,인천,전자기기,블루투스스피커,3,66700,0.05,체크카드
ORD000328,2026-08-12 06:18:05,C00983,여,65,서울,뷰티,클렌징폼,1,16700,0,무통장입금
ORD001409,2025-04-23 11:43:39,C00272,남,42,서울,전자기기,스마트워치,1,149800,0,계좌이체
ORD000644,2026-02-20 12:13:55,C00257,여,63,울산,식품,즉석밥24개,2,28200,0,무통장입금
ORD002162,2025-11-23 13:19:19,C01227,남,21,서울,전자기기,스마트워치,2,169500,0.15,신용카드
ORD003936,2026-04-13 02:41:37,C00851,남,56,울산,생활용품,무선청소기,4,186700,0,신용카드
ORD000233,2025-05-06 18:18:52,C01522,여,33,경남,전자기기,기계식키보드,2,85800,0,계좌이체
ORD003212,2025-02-05 04:28:07,C00601,남,32,서울,전자기기,기계식키보드,1,82800,0,계좌이체
ORD002952,2026-02-20 06:54:53,C01090,여,24,경남,뷰티,립틴트,1,17500,0.3,간편결제
ORD002718,2025-08-04 12:20:11,C00651,남,64,부산,생활용품,수납함,2,28000,0.15,계좌이체
ORD004736,2025-01-10 04:59:38,C01533,남,24,대전,식품,견과세트,1,31000,0,무통장입금
ORD004326,2025-05-15 15:35:49,C00915,남,47,경기,전자기기,스마트워치,2,152000,0,무통장입금
ORD004343,2026-07-31 09:29:22,C00283,남,40,서울,전자기기,보조배터리,3,40600,0,체크카드
ORD004096,2025-03-24 03:27:35,C00420,여,40,경기,전자기기,기계식키보드,3,87900,0.15,간편결제
ORD002935,2026-03-31 03:12:10,C00266,남,40,대전,뷰티,클렌징폼,2,15300,0.05,계좌이체
ORD002860,2025-08-22 00:21:46,C00568,남,53,대전,뷰티,수분크림,2,33900,0.1,간편결제
ORD003131,2026-09-07 06:46:22,C00722,여,27,광주,패션,후드티,1,55300,0.3,간편결제
ORD003143,2026-01-22 02:47:12,C01483,남,51,서울,전자기기,스마트워치,2,162200,0.1,신용카드
ORD002454,2026-05-27 09:27:57,C00888,여,29,서울,뷰티,클렌징폼,1,16300,0.1,체크카드
ORD003471,2026-01-29 08:33:30,C01043,여,34,대구,식품,즉석밥24개,2,24900,0,체크카드
ORD002554,2026-08-12 13:18:25,C00584,여,29,울산,뷰티,클렌징폼,2,15200,0,무통장입금
ORD004217,2025-07-07 06:11:54,C00759,남,55,부산,패션,백팩,1,75000,0.05,체크카드
ORD002104,2025-10-07 22:14:50,C01490,여,57,대구,생활용품,수납함,1,29100,0,무통장입금
ORD002955,2025-05-24 17:17:57,C01284,남,60,경남,전자기기,스마트워치,1,165900,0,체크카드
ORD000914,2025-10-02 05:16:56,C01124,여,62,서울,전자기기,스마트워치,1,163300,0,무통장입금
ORD004198,2026-03-04 05:13:47,C00617,남,60,대구,식품,생수24개,1,12300,0,계좌이체
ORD002672,2025-09-19 09:27:59,C00442,남,40,전남,패션,운동화,2,104700,0.05,무통장입금
ORD001905,2025-10-24 05:47:56,C00093,여,29,경기,뷰티,클렌징폼,2,14900,0,체크카드
ORD002552,2025-07-31 04:28:49,C00697,남,55,경기,전자기기,보조배터리,2,41500,0.05,체크카드
ORD003890,2025-05-16 04:03:31,C01081,여,52,울산,뷰티,클렌징폼,1,15000,0.2,체크카드
ORD003542,2026-02-08 11:45:16,C00544,여,68,광주,패션,운동화,1,109000,0.3,무통장입금
ORD004236,2025-12-18 01:03:36,C00373,남,66,대전,생활용품,무선청소기,3,187400,0.15,간편결제
ORD002568,2025-10-11 18:55:04,C01073,여,46,대구,전자기기,무선이어폰,2,73600,0.05,체크카드
ORD001463,2025-06-02 14:22:37,C01557,여,63,부산,전자기기,스마트워치,1,161200,0.1,계좌이체
ORD003351,2025-09-15 07:45:45,C00626,남,33,광주,패션,백팩,2,76500,0.1,신용카드
ORD002973,2026-03-03 18:06:27,C00120,남,23,대전,패션,백팩,1,84500,0,신용카드
ORD002201,2025-03-07 08:28:02,C01417,남,59,대전,생활용품,무선청소기,1,191900,0,간편결제
ORD000342,2025-03-04 15:53:52,C01161,여,59,경남,식품,원두커피,3,18700,0.05,무통장입금
ORD001102,2025-08-06 05:03:52,C00054,남,39,부산,식품,프로틴바,1,22700,0,체크카드
ORD002287,2025-09-12 23:06:56,C00117,여,65,경남,전자기기,기계식키보드,5,82300,0,신용카드
ORD003734,2026-07-20 23:25:50,C00093,여,36,광주,전자기기,기계식키보드,1,86600,0,무통장입금
ORD000111,2026-06-18 11:42:27,C01476,여,49,대구,뷰티,선크림,4,24400,0,체크카드
ORD001053,2025-05-22 02:28:05,C00057,여,21,서울,패션,백팩,1,84400,0.2,체크카드
ORD003677,2026-03-24 06:56:21,C01321,여,36,전남,뷰티,클렌징폼,2,16600,0.1,신용카드
ORD003908,2025-11-10 23:39:28,C00460,남,69,대구,패션,후드티,2,62300,0.1,간편결제
ORD001716,2025-11-26 06:27:46,C00722,남,64,서울,뷰티,립틴트,1,17300,0,무통장입금
ORD003412,2025-08-15 00:20:11,C01066,여,42,경남,전자기기,보조배터리,1,38200,0.05,간편결제
ORD002436,2026-04-28 14:12:51,C00931,여,23,광주,전자기기,스마트워치,1,162300,0.05,신용카드
ORD004989,2026-08-12 09:36:47,C01315,여,47,대구,패션,청바지,1,66800,0,체크카드
ORD003429,2026-07-01 05:33:24,C00038,남,53,대전,뷰티,클렌징폼,2,17200,0,간편결제
ORD002445,2025-01-12 18:36:21,C00632,여,35,서울,생활용품,무선청소기,1,198800,0.05,체크카드
ORD004606,2025-04-23 06:56:54,C01043,여,50,인천,생활용품,무선청소기,2,198500,0.1,간편결제
ORD000847,2025-02-21 07:46:14,C01173,남,50,경기,뷰티,샴푸,2,21200,0.1,계좌이체
ORD004413,2026-08-24 23:25:02,C00326,여,51,대구,뷰티,수분크림,1,30000,0,간편결제
ORD001438,2025-09-19 15:34:11,C00788,남,60,대구,뷰티,립틴트,1,18300,0.2,체크카드
ORD000371,2025-01-11 17:41:00,C01142,남,55,대전,식품,즉석밥24개,1,27000,0.05,계좌이체
ORD000177,2026-01-22 12:22:45,C00937,여,44,부산,전자기기,기계식키보드,1,94700,0.1,간편결제
ORD002338,2025-03-12 13:52:51,C00504,남,22,울산,식품,즉석밥24개,1,28100,0,계좌이체
ORD001898,2025-02-27 01:13:15,C00880,여,52,광주,뷰티,클렌징폼,4,16400,0,간편결제
ORD002801,2025-11-16 14:08:40,C01392,남,33,대전,전자기기,무선이어폰,2,80000,0,신용카드
ORD002276,2025-11-07 20:28:56,C01002,여,58,전남,생활용품,무선청소기,2,184300,0.1,신용카드
ORD000593,2025-09-27 07:47:38,C00107,여,33,부산,전자기기,보조배터리,2,36300,0,체크카드
ORD002733,2025-11-04 00:51:04,C01218,남,46,경기,패션,셔츠,1,45600,0.15,계좌이체
ORD004667,2026-04-12 03:24:40,C00145,남,32,전남,전자기기,기계식키보드,1,93200,0.2,신용카드
ORD001341,2025-08-28 06:46:41,C00581,남,31,대전,뷰티,클렌징폼,1,15400,0,무통장입금
ORD000385,2026-04-14 07:23:30,C01101,남,18,경남,생활용품,텀블러,2,26200,0.05,무통장입금
ORD003063,2026-07-18 06:00:40,C00742,남,56,서울,식품,프로틴바,1,23500,0,신용카드
ORD003580,2025-10-30 16:09:55,C01259,여,37,광주,식품,프로틴바,3,23600,0.05,신용카드
ORD000198,2025-11-29 15:49:00,C00308,남,,대구,식품,즉석밥24개,4,25700,0,간편결제
ORD000138,2025-09-22 21:32:45,C00693,남,49,경남,생활용품,수납함,1,26500,0,체크카드
ORD004986,2026-09-15 19:07:00,C01356,남,52,인천,전자기기,무선이어폰,2,75300,0.1,신용카드
ORD003730,2025-03-26 19:23:25,C01402,남,26,부산,뷰티,수분크림,3,32400,0,간편결제
ORD001321,2025-05-02 21:05:13,C01084,남,20,대전,뷰티,선크림,1,24600,0.1,체크카드
ORD003360,2025-03-19 22:57:02,C00535,남,22,울산,패션,청바지,4,65300,0.3,계좌이체
ORD000824,2025-04-30 17:06:17,C00368,남,24,대전,생활용품,텀블러,1,24500,0.3,체크카드
ORD000985,2026-07-10 23:21:00,C01081,남,68,대구,뷰티,선크림,1,23200,0,신용카드
ORD003008,2026-03-20 20:49:04,C00820,여,61,부산,전자기기,기계식키보드,1,88700,0,무통장입금
ORD003112,2025-04-17 15:04:37,C01298,여,33,광주,뷰티,립틴트,1,16800,0.3,신용카드
ORD004697,2026-01-05 09:16:05,C00294,남,39,서울,뷰티,수분크림,1,33500,0,계좌이체
ORD002244,2026-01-19 12:33:43,C00396,여,66,경기,뷰티,선크림,1,23700,0.05,간편결제
ORD001533,2025-05-09 01:00:21,C01029,남,54,경남,식품,프로틴바,1,23500,0.05,간편결제
ORD002560,2026-04-02 17:11:59,C01453,여,31,인천,전자기기,스마트워치,2,149000,0.05,체크카드
ORD004872,2026-04-25 12:36:55,C01266,여,30,대전,생활용품,전기포트,1,45700,0.1,간편결제
ORD004645,2025-06-28 08:46:14,C00891,남,39,인천,식품,견과세트,3,29700,0,계좌이체
ORD002912,2025-06-27 05:10:40,C00541,여,36,서울,패션,청바지,1,71000,0.3,신용카드
ORD003817,2026-06-16 11:50:29,C00060,남,61,전남,식품,원두커피,1,19400,0,계좌이체
ORD001142,2026-09-19 13:50:30,C00741,여,41,인천,뷰티,수분크림,1,30100,0,무통장입금
ORD000946,2026-04-04 07:15:13,C00299,남,56,서울,뷰티,샴푸,1,20700,0.1,신용카드
ORD003364,2025-10-10 16:21:27,C00515,여,29,서울,뷰티,클렌징폼,1,14800,0.05,체크카드
ORD004550,2026-02-08 15:05:16,C00474,남,31,경기,뷰티,수분크림,2,31100,0.2,무통장입금
ORD002149,2025-09-07 21:59:58,C00371,남,52,,패션,청바지,2,66000,0.15,간편결제
ORD003867,2025-07-31 04:37:49,C00980,여,43,경기,생활용품,무선청소기,2,176300,0.1,신용카드
ORD002064,2025-12-15 13:10:17,C00824,여,44,인천,뷰티,선크림,1,24500,0.3,체크카드
ORD001411,2026-01-25 19:21:15,C00820,여,22,광주,생활용품,텀블러,1,25200,0,계좌이체
ORD003273,2026-08-17 12:07:14,C00554,여,36,부산,전자기기,무선이어폰,1,74100,0.2,체크카드
ORD002596,2025-05-19 23:56:27,C01000,남,21,서울,뷰티,립틴트,1,19000,0,체크카드
ORD000338,2026-07-21 04:52:39,C00908,남,29,서울,전자기기,기계식키보드,1,82900,0.1,체크카드
ORD000386,2025-04-30 22:03:39,C00046,여,42,부산,뷰티,선크림,2,24500,0,무통장입금
ORD001701,2025-11-22 11:24:46,C01441,여,25,전남,생활용품,무선청소기,1,174800,0,체크카드
ORD003243,2025-03-08 17:41:53,C01000,여,67,서울,뷰티,립틴트,1,17900,0.1,계좌이체
ORD000751,2025-09-24 12:59:05,C01324,여,24,광주,생활용품,전기포트,2,51700,0.3,간편결제
ORD001322,2025-01-07 07:26:24,C00775,여,55,광주,뷰티,립틴트,1,17700,0.1,신용카드
ORD002535,2026-02-04 14:42:45,C01476,여,23,인천,뷰티,클렌징폼,1,16300,0,간편결제
ORD002320,2026-02-22 04:08:02,C00239,여,,전남,생활용품,전기포트,3,48000,0.1,계좌이체
ORD004963,2025-01-25 23:21:55,C01053,여,47,부산,식품,원두커피,3,18800,0.2,무통장입금
ORD001303,2025-12-26 09:11:16,C00455,여,56,광주,생활용품,무선청소기,1,186700,0.15,체크카드
ORD001490,2026-05-06 19:30:50,C01019,남,66,경기,생활용품,수납함,2,29700,0,무통장입금
ORD000653,2025-02-26 23:23:33,C00975,남,24,서울,식품,원두커피,1,17500,0,무통장입금
ORD002680,2025-06-26 06:20:58,C00725,남,19,서울,식품,즉석밥24개,1,26400,0,신용카드
ORD003345,2026-03-01 08:33:52,C01183,여,29,전남,뷰티,샴푸,1,21300,0.15,신용카드
ORD002976,2026-03-02 13:27:04,C00273,여,47,대구,뷰티,샴푸,1,21600,0,계좌이체
ORD002898,2025-11-17 03:57:10,C00511,여,54,부산,생활용품,수납함,3,29000,0.3,계좌이체
ORD004527,2026-08-08 21:46:08,C00935,남,30,전남,뷰티,수분크림,2,34000,0,간편결제
ORD001147,2025-07-20 10:06:32,C00648,여,50,경기,패션,후드티,4,60700,0.1,간편결제
ORD000197,2025-04-17 07:51:25,C00463,여,64,인천,전자기기,기계식키보드,1,85100,0.1,신용카드
ORD002174,2025-07-30 08:25:53,C00416,여,68,경기,생활용품,전기포트,2,52600,0,계좌이체
ORD000815,2026-09-17 10:20:29,C00443,남,35,대전,전자기기,무선이어폰,1,84800,0,체크카드
ORD002558,2025-02-11 09:36:21,C00508,남,58,경남,뷰티,클렌징폼,2,15500,0,간편결제
ORD002427,2025-12-02 13:48:02,C00983,남,48,인천,식품,원두커피,1,17500,0.1,무통장입금
ORD004692,2026-06-07 17:06:36,C01557,남,62,울산,패션,백팩,1,74000,0,체크카드
ORD000640,2025-03-21 09:47:38,C00767,남,49,경기,전자기기,보조배터리,1,36000,0,계좌이체
ORD000170,2025-06-22 00:16:14,C01255,여,56,대구,생활용품,텀블러,1,25600,0.1,간편결제
ORD001739,2025-10-08 00:40:01,C00224,여,53,부산,패션,청바지,1,73100,0.1,신용카드
ORD002387,2026-01-30 19:33:06,C00147,여,52,전남,생활용품,수납함,1,28000,0.1,간편결제
ORD001090,2026-01-29 03:18:22,C00127,여,43,울산,뷰티,선크림,1,24300,0.1,간편결제
ORD004347,2026-01-09 08:49:30,C01134,여,46,울산,식품,즉석밥24개,3,25200,0,계좌이체
ORD004734,2026-03-05 09:26:17,C01222,남,59,경기,뷰티,수분크림,1,30300,0.3,계좌이체
ORD004721,2025-04-09 18:30:18,C00172,여,57,울산,패션,후드티,1,56100,0.1,간편결제
ORD002109,2025-04-06 05:04:44,C01553,남,45,광주,전자기기,무선이어폰,1,79500,0.05,
ORD000398,2026-01-12 09:06:32,C00540,남,30,대전,생활용품,무선청소기,1,201200,0,간편결제
ORD003653,2025-08-11 21:26:18,C00169,남,30,전남,뷰티,선크림,1,23900,0,체크카드
ORD003170,2025-07-28 09:50:10,C00678,여,22,광주,패션,백팩,1,79700,0.2,신용카드
ORD000599,2025-05-27 13:11:58,C00672,여,53,전남,생활용품,텀블러,2,26000,0,체크카드
ORD003297,2025-09-23 21:25:47,C01540,여,32,광주,전자기기,기계식키보드,1,87100,0.2,간편결제
ORD002642,2026-04-05 07:28:31,C01327,여,35,서울,식품,견과세트,1,28800,0.3,무통장입금
ORD004437,2026-04-09 05:23:41,C00196,남,44,광주,생활용품,텀블러,1,24400,0.3,체크카드
ORD000839,2026-04-27 03:58:12,C01164,남,48,부산,생활용품,수납함,2,27800,0.1,체크카드
ORD000118,2026-03-18 10:13:55,C00078,여,34,경남,전자기기,기계식키보드,4,91000,0.3,계좌이체
ORD003833,2025-07-11 15:23:59,C00466,여,26,경기,생활용품,전기포트,3,51600,0,간편결제
ORD000479,2025-05-22 04:33:18,C01443,여,28,인천,전자기기,무선이어폰,2,76500,0,체크카드
ORD004943,2026-08-30 02:41:38,C01535,여,,경기,뷰티,샴푸,1,20800,0,무통장입금
ORD003240,2025-02-14 07:34:02,C01317,남,34,대구,식품,생수24개,1,12500,0,체크카드
ORD000707,2026-02-19 09:22:17,C00470,남,22,전남,전자기기,보조배터리,2,41500,0.15,계좌이체
ORD001334,2025-09-10 03:18:49,C00219,남,26,울산,뷰티,샴푸,1,22400,0,계좌이체
ORD002096,2026-03-13 13:06:08,C01125,여,29,광주,전자기기,스마트워치,1,147500,0,체크카드
ORD002196,2025-04-14 22:02:56,C00147,여,61,부산,패션,백팩,4,77600,0.1,계좌이체
ORD000105,2025-03-25 16:08:41,C00512,남,37,인천,생활용품,텀블러,3,25800,0.05,신용카드
ORD002072,2026-07-17 12:19:04,C01502,남,61,인천,패션,셔츠,2,50900,0.3,계좌이체
ORD004516,2025-02-22 15:54:53,C01176,여,36,인천,전자기기,무선이어폰,1,81500,0.05,체크카드
ORD002480,2026-02-08 22:18:23,C00958,남,45,울산,뷰티,클렌징폼,1,15700,0.3,간편결제
ORD000036,2026-05-03 18:06:01,C00102,남,65,울산,뷰티,수분크림,1,33000,0,무통장입금
ORD001764,2025-07-19 18:26:49,C01191,남,34,대구,전자기기,기계식키보드,3,93200,0.1,간편결제
ORD003060,2026-09-20 02:54:54,C00497,남,56,서울,생활용품,전기포트,1,48500,0.1,체크카드
ORD001555,2025-04-02 09:17:13,C01241,남,25,대전,생활용품,텀블러,2,26200,0,계좌이체
ORD001246,2025-08-20 18:08:03,C00889,여,50,부산,생활용품,무선청소기,1,185500,0.15,간편결제
ORD003237,2025-04-09 07:37:12,C00047,남,53,경남,식품,견과세트,1,29100,0.05,무통장입금
ORD000247,2026-09-19 09:43:55,C00288,남,34,경남,뷰티,샴푸,2,21200,0,무통장입금
ORD000151,2025-06-19 19:30:50,C00431,여,34,전남,생활용품,수납함,2,26400,0,계좌이체
ORD001919,2025-12-17 17:36:02,C00031,남,26,서울,패션,셔츠,5,46000,0.05,계좌이체
ORD004168,2026-08-26 12:56:07,C01138,여,39,인천,전자기기,스마트워치,2,161800,0.05,간편결제
ORD001614,2025-05-04 04:06:24,C00790,여,54,광주,전자기기,스마트워치,2,167600,0.2,간편결제
ORD004841,2025-06-26 19:39:26,C01389,남,60,대구,식품,생수24개,1,11500,0,무통장입금
ORD002827,2025-05-15 12:36:09,C01083,여,41,서울,뷰티,샴푸,1,20500,0.05,신용카드
ORD003080,2025-05-02 23:09:34,C00739,여,65,경남,패션,운동화,1,104000,0,체크카드
ORD000607,2026-07-15 23:09:16,C00737,남,48,부산,식품,원두커피,1,18200,0,간편결제
ORD002465,2026-01-07 20:19:05,C00829,여,50,경남,식품,견과세트,1,27600,0,신용카드
ORD000434,2026-04-10 15:31:04,C01175,남,54,인천,전자기기,스마트워치,2,146900,0.1,계좌이체
ORD004190,2026-09-24 06:54:59,C00541,남,27,대구,뷰티,선크림,1,24600,0,무통장입금
ORD001114,2025-05-06 23:52:06,C00675,여,52,경기,식품,견과세트,1,28100,0.05,신용카드
ORD003172,2025-01-06 11:20:22,C01541,여,68,대구,식품,프로틴바,1,23700,0.3,계좌이체
ORD004016,2026-03-06 11:30:24,C01397,남,62,대구,전자기기,블루투스스피커,2,67000,0,체크카드
ORD003279,2025-12-03 16:19:01,C01538,남,45,울산,뷰티,샴푸,1,20700,0.1,체크카드
ORD001946,2025-09-29 16:14:44,C00670,남,37,울산,생활용품,수건세트,1,32900,0,계좌이체
ORD003616,2026-05-08 01:32:00,C00587,남,67,경남,생활용품,수납함,1,29500,0.3,계좌이체
ORD004684,2025-06-01 14:05:32,C00358,남,36,경기,전자기기,무선이어폰,1,82000,0.15,신용카드
ORD003700,2025-12-12 01:38:58,C00666,남,62,경남,패션,청바지,1,70400,0.1,무통장입금
ORD003916,2026-03-22 09:42:39,C01435,여,31,광주,생활용품,무선청소기,1,192200,0.1,신용카드
ORD000147,2025-04-05 19:44:03,C00865,여,56,광주,전자기기,스마트워치,4,155700,0.1,계좌이체
ORD004717,2025-11-05 22:01:55,C00338,남,52,경남,생활용품,무선청소기,1,201100,0.05,무통장입금
ORD004250,2025-04-04 09:34:38,C01438,여,58,서울,식품,프로틴바,1,21100,0.1,무통장입금
ORD000146,2026-02-01 05:34:40,C00453,남,43,경기,생활용품,전기포트,4,45200,0.1,신용카드
ORD004241,2025-09-18 06:00:34,C00453,남,27,경남,패션,청바지,1,66600,0,간편결제
ORD002473,2025-11-01 04:22:00,C01110,남,59,서울,뷰티,립틴트,2,17000,0.05,간편결제
ORD002933,2026-02-27 15:33:29,C01449,여,42,전남,전자기기,블루투스스피커,2,73000,0.2,신용카드
ORD001173,2026-06-25 01:04:15,C00915,여,23,경남,생활용품,무선청소기,3,180700,0.1,간편결제
ORD001494,2026-03-21 23:42:04,C01190,남,50,부산,뷰티,샴푸,1,22400,0,계좌이체
ORD002282,2026-02-28 11:51:08,C00338,여,28,인천,뷰티,수분크림,1,30000,0.1,체크카드
ORD002536,2025-03-18 11:49:15,C00820,남,43,인천,식품,즉석밥24개,1,26200,0.05,간편결제
ORD003660,2025-01-28 21:54:19,C01249,남,61,경기,식품,원두커피,5,17200,0.1,계좌이체
ORD003516,2026-03-26 18:25:25,C01457,남,48,경남,뷰티,립틴트,1,16900,0.05,무통장입금
ORD002023,2026-07-30 20:57:45,C00470,남,20,광주,식품,즉석밥24개,1,26200,0,계좌이체
ORD002303,2026-09-18 03:06:01,C01012,여,29,경남,전자기기,스마트워치,3,170400,0.05,간편결제
ORD003219,2025-07-06 11:11:50,C00273,남,40,서울,패션,셔츠,1,48800,0,신용카드
ORD004731,2026-08-16 09:30:18,C01051,남,32,전남,식품,견과세트,1,27100,0.1,무통장입금
ORD000794,2026-08-02 16:51:42,C01190,남,47,울산,생활용품,수건세트,1,29800,0.1,체크카드
ORD003725,2026-07-19 16:49:27,C01435,남,59,대전,생활용품,텀블러,1,26500,0.15,계좌이체
ORD002346,2025-06-16 16:55:37,C00398,여,47,경기,생활용품,수납함,3,26800,0.1,체크카드
ORD000229,2026-03-27 13:01:25,C00170,남,66,대전,식품,원두커피,1,18500,0,신용카드
ORD001900,2026-04-21 21:11:26,C00513,여,51,전남,생활용품,수납함,1,27500,0,체크카드
ORD001866,2025-08-18 23:09:17,C01354,여,29,서울,전자기기,무선이어폰,1,82600,0.05,체크카드
ORD001601,2026-02-04 07:06:03,C01130,여,50,인천,전자기기,무선이어폰,1,85100,0.05,간편결제
ORD002790,2026-03-25 07:16:19,C01407,여,43,부산,생활용품,수납함,1,29500,0,체크카드
ORD002571,2025-11-27 20:43:42,C00850,남,50,대전,패션,운동화,5,110800,0.2,간편결제
ORD000855,2026-07-08 10:10:15,C01400,여,24,경남,식품,원두커피,2,17500,0,간편결제
ORD004093,2025-01-08 06:28:03,C01053,남,39,울산,뷰티,립틴트,1,18100,0.15,계좌이체
ORD001602,2025-05-25 00:42:59,C00573,여,40,전남,패션,셔츠,1,50800,0.15,무통장입금
ORD004633,2026-02-05 19:56:48,C01370,남,67,부산,생활용품,무선청소기,3,199600,0,체크카드
ORD004192,2026-09-14 07:58:09,C01020,남,61,경남,생활용품,수납함,2,28400,0.1,체크카드
ORD004271,2026-08-17 00:07:36,C00308,여,58,경기,전자기기,스마트워치,4,164900,0.1,간편결제
ORD003266,2026-09-06 05:19:07,C01351,남,37,대구,생활용품,텀블러,1,26300,0.3,무통장입금
ORD004124,2025-03-18 09:43:47,C00661,여,42,대전,패션,운동화,3,102500,0.2,간편결제
ORD002198,2025-03-12 01:23:00,C00797,여,20,울산,전자기기,스마트워치,2,150300,0,무통장입금
ORD002576,2026-03-12 03:54:52,C00666,남,47,울산,패션,후드티,2,59900,0,간편결제
ORD002589,2025-05-10 07:23:19,C00386,남,56,광주,식품,원두커피,3,17900,0.15,계좌이체
ORD004567,2026-03-04 01:20:15,C00847,여,68,전남,식품,즉석밥24개,1,29100,0,신용카드
ORD000403,2025-12-23 04:56:45,C01534,여,49,대구,전자기기,기계식키보드,1,93700,0,무통장입금
ORD002293,2025-02-08 00:43:38,C01309,여,60,대전,뷰티,샴푸,2,20000,0,신용카드
ORD001242,2025-07-18 16:19:46,C00465,남,,대구,식품,프로틴바,1,21000,0,신용카드
ORD004661,2026-02-14 10:41:14,C01022,남,54,대구,패션,셔츠,2,51400,0,계좌이체
ORD002697,2026-04-08 17:25:51,C01296,여,26,울산,식품,생수24개,3,12500,0.15,간편결제
ORD000302,2025-10-12 11:47:34,C00973,여,64,서울,패션,셔츠,1,47200,0,간편결제
ORD004344,2025-02-21 04:34:04,C00511,여,60,전남,뷰티,클렌징폼,2,16700,0.1,체크카드
ORD000228,2026-09-18 18:20:33,C00112,여,45,울산,전자기기,무선이어폰,1,84100,0.2,계좌이체
ORD001179,2026-06-26 15:06:34,C01540,여,33,서울,뷰티,클렌징폼,3,15700,0,신용카드
ORD004070,2025-04-25 16:04:51,C01209,남,43,경남,식품,원두커피,1,18000,0.2,무통장입금
ORD002240,2026-04-08 08:30:58,C00363,여,33,서울,식품,원두커피,2,19100,0.3,간편결제
ORD002248,2026-07-22 09:23:50,C01134,남,68,서울,전자기기,보조배터리,1,38300,0.05,무통장입금
ORD000339,2026-06-29 03:55:52,C00124,여,47,경기,식품,견과세트,1,27500,0.1,계좌이체
ORD001765,2026-05-09 02:23:21,C01162,여,24,경기,전자기기,보조배터리,3,36800,0.15,무통장입금
ORD000365,2025-09-13 16:37:40,C00855,남,40,대구,뷰티,립틴트,3,17800,0,신용카드
ORD001453,2026-02-05 00:38:35,C00421,남,18,대구,전자기기,스마트워치,2,158400,0.05,간편결제
ORD003871,2025-03-07 06:21:29,C01273,여,42,광주,패션,셔츠,1,52600,0,간편결제
ORD003527,2025-07-15 23:49:43,C00194,여,21,대전,뷰티,선크림,1,24100,0.3,체크카드
ORD004490,2025-03-18 09:09:44,C01563,여,63,전남,생활용품,수건세트,1,30000,0.1,체크카드
ORD000340,2025-09-03 04:26:54,C00612,여,62,경남,생활용품,전기포트,2,50900,0.1,신용카드
ORD000116,2026-09-11 01:01:15,C00063,남,55,경남,패션,운동화,2,111700,0,간편결제
ORD004655,2025-06-14 11:36:19,C01257,남,34,서울,패션,후드티,1,57900,0.05,계좌이체
ORD000609,2026-02-04 00:30:29,C00033,남,29,인천,뷰티,수분크림,3,32200,0.1,계좌이체
ORD004821,2026-09-05 23:18:06,C00383,남,45,전남,뷰티,샴푸,4,21500,0.1,계좌이체
ORD002740,2025-03-26 11:57:54,C00530,남,40,인천,패션,백팩,1,79900,0.1,간편결제
ORD002056,2025-07-21 01:40:31,C01334,여,54,경기,전자기기,스마트워치,1,157900,0,간편결제
ORD004066,2026-03-01 02:18:45,C00907,여,68,서울,뷰티,선크림,2,23300,0.15,계좌이체
ORD004582,2026-06-29 00:03:00,C01343,여,33,부산,생활용품,텀블러,1,23700,0.05,신용카드
ORD002805,2025-02-08 12:17:27,C01463,여,66,대구,식품,견과세트,4,28400,0,간편결제
ORD000710,2025-11-10 19:22:23,C01424,남,22,부산,식품,생수24개,5,11700,0.15,체크카드
ORD003399,2025-11-11 19:57:38,C01422,여,19,대전,뷰티,클렌징폼,1,15700,0.1,체크카드
ORD001066,2025-04-26 07:02:46,C00880,남,65,대전,생활용품,전기포트,1,47900,0.05,체크카드
ORD002874,2025-08-08 12:33:33,C00052,남,33,대전,뷰티,립틴트,2,17800,0.15,간편결제
ORD002779,2025-08-05 22:51:01,C01066,남,53,울산,전자기기,보조배터리,1,41300,0.05,간편결제
ORD000760,2026-04-02 18:51:24,C01144,여,58,경남,전자기기,보조배터리,1,39800,0.1,체크카드
ORD001873,2025-07-30 04:56:33,C01367,남,31,경남,뷰티,수분크림,3,29800,0.05,간편결제
ORD002312,2025-11-13 09:29:08,C00208,여,39,전남,전자기기,스마트워치,2,159000,0.3,계좌이체
ORD000537,2025-08-10 12:13:03,C01480,남,24,인천,생활용품,수건세트,1,32000,0.05,계좌이체
ORD003888,2025-06-24 12:05:09,C01295,남,19,대구,전자기기,블루투스스피커,1,64100,0,간편결제
ORD001202,2026-07-13 05:59:19,C00430,남,65,울산,식품,원두커피,3,17200,0,계좌이체
ORD000817,2025-06-18 12:11:38,C01421,남,18,대전,전자기기,블루투스스피커,1,63600,0,무통장입금
ORD001577,2026-03-21 10:26:53,C00805,남,31,부산,생활용품,수건세트,5,29600,0.1,계좌이체
ORD001626,2025-10-01 04:36:14,C00972,여,60,대전,뷰티,선크림,2,24900,0.05,계좌이체
ORD003211,2026-01-02 22:16:27,C00644,여,31,대전,뷰티,클렌징폼,3,16500,0.1,무통장입금
ORD000410,2026-04-05 07:09:57,C00772,남,66,인천,패션,운동화,1,101700,0,간편결제
ORD003476,2025-08-22 01:01:15,C01366,,31,경남,전자기기,스마트워치,1,157800,0.15,신용카드
ORD002010,2025-02-26 05:32:12,C00138,여,20,경남,생활용품,텀블러,1,24900,0.3,체크카드
ORD002561,2025-07-22 21:23:31,C01300,남,26,전남,뷰티,선크림,1,22100,0.1,신용카드
ORD001189,2026-02-28 10:42:58,C00362,남,41,대전,전자기기,스마트워치,1,168600,0.15,체크카드
ORD004573,2025-11-11 21:07:28,C00379,여,24,울산,패션,백팩,3,79800,0,간편결제
ORD004884,2026-01-23 02:41:44,C00579,남,19,서울,식품,견과세트,1,27100,0.05,체크카드
ORD002806,2026-05-31 18:22:39,C00359,여,56,경남,패션,셔츠,2,52200,0.2,체크카드
ORD004141,2026-02-20 20:41:48,C00902,여,28,인천,전자기기,보조배터리,1,38300,0.2,계좌이체
ORD002398,2025-08-29 23:29:51,C00412,여,51,울산,전자기기,보조배터리,3,39700,0.15,무통장입금
ORD000559,2025-02-25 06:20:11,C00235,남,51,울산,생활용품,전기포트,1,50700,0.1,무통장입금
ORD001906,2025-04-20 09:56:46,C00598,여,29,대전,생활용품,무선청소기,1,195900,0,체크카드
ORD002670,2026-07-11 15:56:23,C00616,남,25,,전자기기,무선이어폰,2,75600,0.1,무통장입금
ORD000106,2025-03-07 12:12:58,C00782,남,65,광주,뷰티,선크림,1,23300,0.3,체크카드
ORD004706,2025-06-25 10:27:12,C01575,남,56,인천,뷰티,클렌징폼,2,15300,0.2,계좌이체
ORD002305,2025-10-21 20:05:16,C00138,남,44,인천,식품,견과세트,2,30400,0.05,계좌이체
ORD001744,2025-01-28 06:12:22,C01091,남,48,전남,뷰티,수분크림,4,29500,0,신용카드
ORD004768,2025-07-10 16:29:57,C00038,여,68,인천,패션,운동화,2,110500,0,계좌이체
ORD001426,2025-10-13 04:27:49,C00736,여,66,대구,생활용품,무선청소기,5,181800,0.15,계좌이체
ORD000702,2026-01-29 17:43:25,C00390,남,37,경남,뷰티,립틴트,3,19200,0,간편결제
ORD003413,2025-12-13 10:01:07,C00972,여,46,대전,뷰티,샴푸,3,21600,0,무통장입금
ORD002572,2025-02-01 06:54:54,C01081,여,27,광주,뷰티,수분크림,2,32000,0,
ORD000409,2026-07-19 05:23:29,C00949,남,25,대전,생활용품,수건세트,2,32300,0.1,무통장입금
ORD002523,2025-06-30 14:21:13,C00842,남,53,서울,패션,셔츠,1,47700,0.3,계좌이체
ORD003226,2026-06-23 03:26:09,C00186,여,40,대전,패션,셔츠,2,46500,0.1,무통장입금
ORD000471,2025-03-11 23:52:50,C00340,여,66,부산,생활용품,텀블러,1,23700,0.1,무통장입금
ORD002868,2025-04-04 15:27:16,C01281,남,18,부산,뷰티,선크림,1,25800,0,간편결제
ORD002092,2026-09-13 10:43:59,C01123,여,20,대전,전자기기,보조배터리,1,39700,0.1,신용카드
ORD002785,2026-09-28 00:21:09,C00405,남,60,서울,뷰티,샴푸,5,22700,0.05,무통장입금
ORD004043,2026-03-20 19:31:39,C01020,남,20,대전,전자기기,보조배터리,4,42100,0,계좌이체
ORD002397,2025-02-18 02:36:38,C01484,여,45,경남,식품,프로틴바,1,23000,0,무통장입금
ORD001239,2025-09-13 05:04:30,C00847,남,53,경남,식품,원두커피,2,17500,0,신용카드
ORD003646,2025-07-19 12:55:57,C01429,여,68,부산,뷰티,선크림,1,22300,0,체크카드
ORD000114,2025-09-26 22:32:08,C01369,남,53,대전,생활용품,수건세트,1,31000,0,간편결제
ORD000513,2026-08-31 21:15:33,C00399,여,46,울산,뷰티,선크림,1,25400,0.15,무통장입금
ORD000358,2026-03-05 00:41:57,C01016,여,67,경기,전자기기,기계식키보드,1,87600,0.1,무통장입금
ORD003095,2025-02-22 10:23:39,C00715,남,65,경남,패션,운동화,1,117700,0,체크카드
ORD004356,2025-04-16 17:23:03,C00790,남,45,전남,패션,청바지,1,72200,0,체크카드
ORD004665,2026-02-25 01:31:01,C00995,여,55,부산,생활용품,수납함,1,27500,0,신용카드
ORD000202,2026-03-22 04:32:56,C00380,여,46,서울,뷰티,클렌징폼,2,16000,0.05,신용카드
ORD000677,2026-05-05 16:49:57,C00981,남,60,경기,패션,후드티,1,61000,0,간편결제
ORD003079,2025-08-06 16:18:14,C01271,여,33,경남,생활용품,수납함,1,26600,0.05,신용카드
ORD002797,2025-09-18 22:30:04,C00481,남,51,인천,패션,셔츠,2,50100,0.2,계좌이체
ORD002832,2025-10-21 18:49:00,C01043,남,50,대구,생활용품,수건세트,1,32900,0.2,계좌이체
ORD002068,2026-07-06 10:20:54,C00788,여,40,경기,패션,셔츠,1,46000,0,신용카드
ORD001458,2025-12-19 01:37:49,C00159,여,69,대전,패션,청바지,1,65400,0,간편결제
ORD004724,2025-04-05 22:10:36,C01534,남,44,서울,전자기기,보조배터리,1,41100,0,무통장입금
ORD002298,2026-01-18 02:52:35,C01183,여,40,경남,뷰티,클렌징폼,1,16700,0.1,체크카드
ORD001162,2026-09-13 05:40:35,C00536,여,30,경남,전자기기,블루투스스피커,3,74400,0,계좌이체
ORD003125,2025-04-24 03:23:25,C00671,남,42,광주,전자기기,보조배터리,2,40900,0,신용카드
ORD000525,2025-12-24 22:57:13,C00520,여,44,경남,패션,청바지,1,72800,0.1,체크카드
ORD002962,2025-12-28 18:45:09,C00228,남,30,인천,뷰티,수분크림,3,33900,0.2,체크카드
ORD002663,2025-04-14 08:10:58,C00127,남,28,대구,식품,즉석밥24개,1,25900,0.15,간편결제
ORD002016,2026-09-11 20:29:13,C01325,남,34,경기,생활용품,무선청소기,1,175800,0.3,무통장입금
ORD002430,2025-11-28 10:46:44,C01522,여,68,인천,식품,견과세트,2,30100,0,신용카드
ORD004560,2026-09-06 06:13:35,C00431,남,38,경기,전자기기,블루투스스피커,1,63900,0.15,계좌이체
ORD001964,2026-09-20 04:12:09,C00225,여,35,서울,패션,운동화,2,117600,0.15,간편결제
ORD003514,2026-04-25 02:59:56,C00763,남,59,광주,뷰티,립틴트,1,17800,0,신용카드
ORD004745,2026-08-05 03:50:22,C00634,남,58,전남,뷰티,샴푸,4,21900,0.2,간편결제
ORD000552,2026-02-19 08:03:20,C01382,남,22,광주,생활용품,무선청소기,1,187000,0.05,
ORD003774,2025-02-22 00:27:25,C00436,여,25,경남,전자기기,스마트워치,1,160000,0.1,신용카드
ORD004359,2025-09-05 21:54:31,C00905,여,42,서울,뷰티,샴푸,1,21200,0,체크카드
ORD003423,2026-07-02 10:37:46,C00745,여,38,경남,패션,청바지,2,64200,0.1,체크카드
ORD004047,2025-01-28 20:56:03,C00474,남,61,서울,패션,백팩,1,78200,0.05,체크카드
ORD001456,2025-02-15 07:15:28,C01081,여,47,광주,전자기기,무선이어폰,1,83700,0,무통장입금
ORD000113,2025-02-10 09:06:46,C01003,여,46,대전,패션,운동화,2,115200,0.15,간편결제
ORD002061,2025-04-02 05:03:59,C00864,여,40,인천,패션,청바지,1,67800,0.15,체크카드
ORD003255,2026-08-02 13:13:04,C00491,남,66,전남,생활용품,수건세트,1,33300,0,체크카드
ORD001627,2026-01-20 07:18:19,C01122,여,48,인천,전자기기,무선이어폰,1,84900,0.05,간편결제
ORD002809,2026-03-06 12:03:49,C00858,남,66,대구,생활용품,텀블러,1,23600,0.3,계좌이체
ORD004025,2025-09-19 09:49:10,C00772,여,42,전남,생활용품,수건세트,20,30700,0.05,간편결제
ORD002497,2025-11-06 02:48:02,C00319,남,68,부산,전자기기,무선이어폰,3,76500,0.1,간편결제
ORD000870,2025-01-12 17:54:23,C00104,여,18,대구,전자기기,무선이어폰,2,84200,0,신용카드
ORD002647,2026-03-16 22:07:31,C01415,여,61,서울,전자기기,블루투스스피커,1,66400,0.05,체크카드
ORD004244,2025-08-19 11:29:17,C00530,여,21,인천,패션,백팩,2,75800,0,무통장입금
ORD004091,2025-11-18 20:52:52,C00293,남,63,인천,전자기기,스마트워치,2,159900,0.05,계좌이체
ORD003426,2026-06-12 14:29:38,C00825,여,45,경남,뷰티,클렌징폼,2,16000,0.2,계좌이체
ORD000290,2025-03-24 03:31:04,C01439,여,42,인천,식품,즉석밥24개,1,27400,0,계좌이체
ORD004281,2025-04-23 12:22:42,C01365,남,34,울산,뷰티,립틴트,3,17600,0.2,체크카드
ORD002290,2025-05-31 02:18:00,C01160,남,20,부산,패션,청바지,1,74000,0,신용카드
ORD001776,2025-11-21 23:38:23,C00911,남,41,울산,패션,백팩,1,75500,0.05,간편결제
ORD004110,2026-07-05 04:13:45,C00427,남,42,광주,패션,백팩,1,84500,0,무통장입금
ORD001012,2025-09-11 19:58:41,C01075,여,53,서울,생활용품,무선청소기,2,186300,0.1,간편결제
ORD002059,2025-01-02 13:08:00,C00278,여,42,전남,전자기기,스마트워치,1,170900,0.1,간편결제
ORD000705,2026-07-23 00:11:38,C01456,남,64,광주,패션,청바지,2,63600,0,체크카드
ORD001703,2026-04-17 20:58:57,C01600,여,34,전남,뷰티,선크림,1,25700,0,체크카드
ORD000927,2025-02-08 18:35:34,C00565,여,,대전,뷰티,립틴트,1,19400,0,간편결제
ORD003944,2025-03-21 23:58:10,C00368,여,46,광주,뷰티,샴푸,2,21700,0,간편결제
ORD001111,2026-07-20 08:34:37,C01552,남,24,경기,패션,청바지,4,71100,0.1,체크카드
ORD001037,2025-04-04 13:18:55,C00102,남,69,울산,전자기기,무선이어폰,1,83300,0.15,계좌이체
ORD003849,2025-11-27 15:05:27,C00160,남,68,전남,전자기기,블루투스스피커,1,70400,0.05,계좌이체
ORD002743,2026-01-19 03:41:55,C01444,남,39,대구,뷰티,수분크림,1,33800,0.15,무통장입금
ORD004701,2025-01-18 04:33:46,C00832,남,52,울산,식품,견과세트,2,29300,0,체크카드
ORD003681,2026-06-26 18:36:12,C00651,남,52,경기,생활용품,수건세트,1,30700,0,무통장입금
ORD002270,2026-02-01 11:45:18,C01019,남,54,전남,식품,생수24개,1,12000,0,신용카드
ORD001187,2025-07-10 13:09:15,C00390,여,55,경기,뷰티,수분크림,5,32500,0.3,계좌이체
ORD003076,2026-06-07 14:21:58,C00052,여,28,경남,뷰티,클렌징폼,1,15200,0,신용카드
ORD002178,2026-03-19 06:49:16,C01404,여,20,전남,전자기기,스마트워치,1,147800,0,무통장입금
ORD003022,2025-12-15 15:37:57,C01287,여,46,인천,식품,생수24개,1,12300,0.2,간편결제
ORD001566,2025-11-01 20:13:47,C00340,남,55,전남,패션,셔츠,2,49100,0,간편결제
ORD000362,2026-07-01 15:42:54,C00194,남,41,대전,식품,원두커피,2,19400,0.1,신용카드
ORD004361,2025-11-10 16:22:41,C01157,여,28,서울,전자기기,무선이어폰,1,83900,0.05,
ORD002037,2025-02-20 13:47:09,C01051,남,43,대전,생활용품,무선청소기,1,199900,0.2,신용카드
ORD001969,2025-11-30 09:00:43,C01267,여,63,전남,뷰티,선크림,1,24000,0.1,간편결제
ORD003085,2025-03-25 05:57:44,C01562,남,33,서울,패션,청바지,5,74300,0.1,체크카드
ORD002403,2025-07-24 12:53:34,C00821,남,64,전남,식품,견과세트,1,27400,0,계좌이체
ORD001793,2026-02-23 23:09:19,C00227,남,24,인천,생활용품,무선청소기,2,190300,0.05,간편결제
ORD003803,2025-12-31 21:22:23,C00178,남,22,광주,전자기기,스마트워치,1,151100,0,간편결제
ORD000945,2025-04-27 19:46:23,C01222,남,35,서울,생활용품,수납함,5,26700,0.05,계좌이체
ORD002888,2026-06-13 19:47:54,C01343,남,48,부산,식품,생수24개,1,11800,0.1,간편결제
ORD000875,2025-10-13 17:40:13,C01070,여,48,대전,식품,생수24개,2,11500,0.15,체크카드
ORD004683,2025-06-13 14:12:51,C00271,여,64,전남,뷰티,수분크림,1,32500,0.05,간편결제
ORD001301,2025-05-31 23:54:04,C01182,남,22,대전,뷰티,샴푸,2,20100,0.3,신용카드
ORD004547,2025-02-10 03:44:54,C01236,남,53,광주,식품,즉석밥24개,2,25100,0.1,신용카드
ORD003164,2026-03-12 07:58:57,C01474,여,49,대구,식품,원두커피,4,19400,0.1,무통장입금
ORD002007,2026-05-23 05:12:32,C01006,남,66,부산,생활용품,수납함,3,30200,0,체크카드
ORD000667,2026-05-17 16:24:59,C00177,남,67,전남,뷰티,립틴트,1,19200,0,신용카드
ORD000722,2026-01-08 20:52:19,C01561,여,31,전남,패션,후드티,1,61500,0.1,간편결제
ORD001928,2025-10-08 02:04:50,C00670,여,56,경남,패션,셔츠,1,50500,0.05,간편결제
ORD000572,2025-06-13 20:17:23,C00739,남,21,전남,뷰티,샴푸,4,21800,0,신용카드
ORD002360,2025-11-12 07:21:39,C01199,남,50,울산,전자기기,무선이어폰,1,78300,0.05,신용카드
ORD000468,2026-09-11 09:29:43,C00944,여,38,전남,생활용품,무선청소기,1,203000,0.15,계좌이체
ORD000509,2025-08-20 08:20:39,C00287,남,39,대구,전자기기,블루투스스피커,1,69100,0.1,계좌이체
ORD003711,2026-02-01 23:02:12,C01336,남,65,경남,패션,청바지,1,64600,0.1,계좌이체
ORD003582,2025-08-06 11:42:29,C00680,남,40,전남,뷰티,클렌징폼,1,14800,0.05,체크카드
ORD004715,2026-03-29 14:48:26,C01280,여,21,부산,전자기기,블루투스스피커,1,72300,0,신용카드
ORD002654,2025-11-04 15:04:15,C00241,여,51,대전,생활용품,수납함,1,27100,0.1,간편결제
ORD000545,2025-08-01 15:11:29,C00869,남,45,부산,생활용품,무선청소기,1,190200,0.2,신용카드
ORD002212,2025-01-06 00:19:50,C00673,남,36,인천,뷰티,선크림,1,22200,0.1,신용카드
ORD004933,2026-09-25 11:31:55,C01324,남,,대구,식품,즉석밥24개,1,28400,0.1,체크카드
ORD004041,2025-12-31 16:49:16,C00199,여,58,부산,식품,즉석밥24개,1,25000,0,계좌이체
ORD000248,2025-10-27 15:30:46,C00792,여,56,광주,생활용품,수건세트,2,32800,0.05,간편결제
ORD002502,2026-03-16 20:39:56,C00142,남,33,경남,패션,청바지,3,68100,0.1,계좌이체
ORD002658,2026-01-07 10:37:12,C00205,여,46,서울,뷰티,클렌징폼,1,17000,0.15,간편결제
ORD002044,2025-08-05 06:35:41,C01115,남,59,대구,패션,운동화,1,113600,0.1,무통장입금
ORD000530,2026-02-26 01:04:56,C01349,여,42,부산,패션,운동화,1,115000,0.1,간편결제
ORD002194,2026-04-16 03:47:48,C00541,남,40,부산,뷰티,샴푸,1,22100,0.1,계좌이체
ORD003122,2025-11-24 23:29:21,C00615,남,65,울산,식품,즉석밥24개,2,26600,0,간편결제
ORD001811,2026-04-07 08:51:28,C01219,여,49,경기,전자기기,보조배터리,3,38000,0,무통장입금
ORD001355,2025-03-26 04:50:51,C01265,여,20,서울,뷰티,클렌징폼,2,15400,0.1,무통장입금
ORD004783,2025-02-08 09:51:46,C00721,남,19,전남,전자기기,보조배터리,1,37400,0,간편결제
ORD002404,2025-10-30 16:18:23,C00603,여,65,광주,뷰티,샴푸,2,19400,0.1,신용카드
ORD001224,2026-05-04 13:30:12,C00581,여,60,대전,뷰티,클렌징폼,1,16200,0.2,간편결제
ORD003947,2026-07-09 11:34:17,C00293,여,68,전남,생활용품,수납함,1,27700,0,계좌이체
ORD001639,2025-07-22 17:47:08,C01099,여,33,대전,식품,프로틴바,1,20500,0.1,체크카드
ORD002821,2026-06-18 23:42:15,C01384,남,21,광주,뷰티,선크림,2,25600,0.1,무통장입금
ORD002894,2025-06-23 06:54:52,C00632,남,61,경남,패션,셔츠,1,45200,0.05,간편결제
ORD001090,2026-01-29 03:18:22,C00127,여,43,울산,뷰티,선크림,1,24300,0.1,간편결제
ORD003171,2025-12-16 22:50:27,C00702,남,65,인천,전자기기,스마트워치,3,168100,0,무통장입금
ORD003376,2025-03-08 13:59:43,C00147,남,37,대전,전자기기,블루투스스피커,2,70200,0.2,신용카드
ORD003447,2026-04-19 06:29:14,C01567,남,28,인천,전자기기,기계식키보드,3,92100,0,계좌이체
ORD003061,2025-09-27 15:01:12,C00627,여,45,인천,생활용품,전기포트,1,47100,0,신용카드
ORD002311,2026-03-10 13:37:17,C00356,남,44,부산,뷰티,샴푸,1,20000,0.2,간편결제
ORD003247,2026-01-16 12:20:11,C00611,남,61,부산,뷰티,립틴트,1,17900,0,간편결제
ORD003673,2025-12-26 11:40:51,C00505,남,61,울산,식품,프로틴바,2,22500,0.15,계좌이체
ORD003729,2025-11-14 14:52:25,C00142,여,30,전남,뷰티,립틴트,2,17500,0,간편결제
ORD004258,2026-01-18 00:42:01,C01057,여,49,경기,뷰티,립틴트,1,18800,0.05,무통장입금
ORD000272,2026-08-14 07:49:43,C01271,남,48,광주,패션,셔츠,1,47300,0.1,신용카드
ORD003574,2025-11-27 17:07:05,C00582,여,56,인천,생활용품,무선청소기,2,195600,0.05,간편결제
ORD002715,2025-04-15 19:28:49,C00982,여,26,울산,패션,셔츠,1,51100,0,신용카드
ORD001637,2025-04-09 22:45:58,C00850,남,27,대전,식품,생수24개,1,12200,0,계좌이체
ORD001079,2026-09-24 05:07:03,C00582,남,57,인천,패션,백팩,1,84100,0.1,계좌이체
ORD002719,2026-09-26 04:23:37,C01174,남,29,인천,생활용품,수건세트,1,31500,0.3,간편결제
ORD003188,2025-06-26 09:39:58,C01145,여,68,인천,생활용품,텀블러,5,23300,0.1,간편결제
ORD003899,2025-01-03 04:10:42,C01310,여,34,인천,전자기기,블루투스스피커,3,68800,0.1,간편결제
ORD000223,2025-05-20 13:43:31,C00747,남,66,대구,생활용품,전기포트,4,47100,0.3,무통장입금
ORD001064,2025-06-26 17:37:25,C00047,남,32,울산,뷰티,샴푸,1,22200,0,체크카드
ORD000585,2025-06-06 15:10:43,C00067,남,37,경기,뷰티,클렌징폼,2,15000,0.05,체크카드
ORD002468,2026-08-07 16:34:59,C00940,여,21,울산,식품,즉석밥24개,1,28000,0,신용카드
ORD001075,2025-07-09 12:52:54,C00114,남,56,광주,생활용품,수납함,2,30200,0.1,간편결제
ORD001405,2025-02-14 21:03:10,C00468,남,52,부산,뷰티,샴푸,2,22000,0.05,간편결제
ORD001808,2026-06-06 15:56:07,C00415,여,69,대구,패션,후드티,3,58500,0,체크카드
ORD001459,2025-10-06 13:48:39,C01213,여,25,대전,식품,원두커피,1,19300,0.2,무통장입금
ORD001545,2025-05-08 14:18:45,C00942,여,29,부산,패션,청바지,2,71900,0.1,간편결제
ORD001588,2025-11-23 15:24:08,C00688,남,20,경남,생활용품,수건세트,2,30200,0.3,신용카드
ORD000415,2025-07-05 01:17:40,C00425,남,57,전남,전자기기,보조배터리,1,41700,0.05,신용카드
ORD004659,2025-10-08 05:33:42,C00898,남,29,경기,뷰티,립틴트,2,16700,0,무통장입금
ORD003186,2025-11-09 21:56:28,C00646,남,22,부산,전자기기,블루투스스피커,2,64400,0.1,무통장입금
ORD001489,2025-05-20 07:28:34,C00838,남,43,대구,식품,원두커피,1,17000,0.05,체크카드
ORD003058,2025-01-25 16:40:41,C00651,남,21,전남,식품,생수24개,2,11400,0.1,계좌이체
ORD002228,2026-09-09 14:36:28,C01534,남,36,대구,뷰티,선크림,1,22600,0,무통장입금
ORD001088,2026-08-12 05:38:30,C00332,여,54,대전,뷰티,샴푸,1,21300,0,신용카드
ORD004944,2025-11-05 19:10:16,C01287,여,26,인천,뷰티,립틴트,1,19000,0,계좌이체
ORD002630,2025-03-16 15:56:26,C00762,여,66,부산,생활용품,텀블러,3,24500,0.1,무통장입금
ORD000514,2026-08-25 00:52:06,C01415,남,49,부산,전자기기,블루투스스피커,1,67400,0.1,계좌이체
ORD002043,2025-01-03 15:59:29,C00851,여,54,전남,패션,백팩,2,77400,0.05,신용카드
ORD002816,2025-11-08 21:19:49,C00793,여,55,전남,생활용품,수납함,1,28000,0.3,체크카드
ORD003636,2026-02-20 15:47:12,C00217,남,22,광주,뷰티,샴푸,1,22100,0.1,계좌이체
ORD001124,2025-12-09 06:56:01,C00223,남,59,경남,생활용품,전기포트,2,51300,0.1,체크카드
ORD001871,2025-06-08 21:00:01,C01052,여,20,경남,생활용품,수건세트,1,33000,0.05,체크카드
ORD004840,2025-05-28 12:44:10,C00889,여,69,부산,전자기기,무선이어폰,4,74300,0,계좌이체
ORD002374,2025-10-03 12:06:47,C00698,남,55,전남,생활용품,전기포트,5,46200,0.15,신용카드
ORD002835,2025-03-03 17:52:31,C00316,여,50,대구,패션,운동화,2,102500,0.05,간편결제
ORD000566,2025-10-03 08:35:57,C00496,여,36,울산,전자기기,기계식키보드,3,85800,0.1,계좌이체
ORD001912,2026-04-29 22:45:35,C01392,남,21,광주,뷰티,립틴트,1,17000,0.15,신용카드
ORD003220,2025-04-19 00:13:13,C00281,남,55,부산,패션,백팩,1,82000,0,신용카드
ORD001868,2026-08-01 15:34:21,C00669,남,60,경남,생활용품,수건세트,1,29900,0.3,신용카드
ORD000665,2025-03-31 08:49:05,C01509,남,25,경남,뷰티,클렌징폼,2,16400,0.1,신용카드
ORD000298,2025-05-23 12:17:37,C01055,남,18,서울,생활용품,수납함,4,29300,0.05,계좌이체
ORD000538,2026-06-04 18:28:47,C00302,여,59,인천,뷰티,클렌징폼,3,15400,0.2,간편결제
ORD003563,2026-04-05 13:08:11,C01253,여,47,인천,뷰티,선크림,1,25000,0.1,무통장입금
ORD003005,2025-06-05 21:46:10,C00992,남,51,경기,뷰티,클렌징폼,2,15000,0,계좌이체
ORD003568,2025-06-13 04:03:03,C00762,남,35,전남,패션,백팩,2,79100,0.1,신용카드
ORD002520,2025-03-31 08:11:08,C00116,,21,대구,전자기기,기계식키보드,1,88500,0.1,체크카드
ORD004085,2026-05-17 05:33:52,C01486,남,25,전남,패션,운동화,3,100300,0.2,계좌이체
ORD004113,2025-08-17 02:27:27,C00774,남,67,대구,패션,청바지,2,74500,0.05,신용카드
ORD003794,2025-10-16 22:09:08,C01081,남,40,대구,패션,셔츠,1,48600,0.1,체크카드
ORD003418,2026-01-22 07:09:44,C00216,여,28,서울,패션,운동화,1,111400,0.15,체크카드
ORD004693,2026-09-16 03:06:32,C00263,남,27,경남,뷰티,샴푸,1,20500,0.05,계좌이체
ORD000692,2026-01-03 20:20:10,C00166,남,38,서울,전자기기,보조배터리,1,37700,0.05,무통장입금
ORD004010,2025-02-23 21:29:08,C01090,남,34,대전,패션,운동화,3,112200,0,계좌이체
ORD000651,2026-02-25 00:41:57,C00718,남,49,대구,뷰티,샴푸,2,19500,0,계좌이체
ORD002234,2026-06-22 11:30:27,C00623,남,29,광주,패션,청바지,1,64300,0,간편결제
ORD001880,2026-08-17 19:54:31,C00136,남,32,대구,생활용품,텀블러,1,26500,0.05,체크카드
ORD003152,2026-09-02 00:52:09,C00305,남,68,울산,패션,청바지,1,69100,0.2,체크카드
ORD000241,2026-09-18 16:36:25,C01026,여,65,대전,뷰티,선크림,1,24500,0.1,무통장입금
ORD001915,2025-10-05 07:57:08,C01267,남,69,대구,전자기기,무선이어폰,1,76900,0.05,무통장입금
ORD001407,2025-02-07 08:07:52,C00938,남,30,광주,식품,견과세트,3,30700,0.2,체크카드
ORD004827,2025-10-19 07:40:47,C01353,남,67,울산,생활용품,텀블러,3,26200,0.1,간편결제
ORD002875,2025-12-25 02:31:58,C01459,남,25,전남,전자기기,블루투스스피커,2,64400,0,체크카드
ORD003958,2025-04-09 08:07:10,C00592,여,31,서울,전자기기,기계식키보드,2,92100,0,계좌이체
ORD004313,2025-02-25 21:22:21,C01485,여,54,대구,뷰티,립틴트,2,18800,0,계좌이체
ORD000291,2026-01-07 23:42:22,C00753,남,30,대구,전자기기,블루투스스피커,1,64900,0.3,신용카드
ORD000222,2026-09-21 21:28:39,C01028,여,19,울산,전자기기,기계식키보드,1,82600,0.05,무통장입금
ORD000078,2026-09-24 16:56:19,C00980,여,37,광주,패션,셔츠,1,47900,0.05,간편결제
ORD003409,2025-12-22 12:56:36,C00572,여,65,광주,패션,운동화,1,102900,0.15,간편결제
ORD000152,2026-07-03 04:59:06,C01512,여,58,부산,뷰티,수분크림,1,30300,0,간편결제
ORD001496,2025-10-15 05:21:26,C01291,여,34,대구,전자기기,보조배터리,4,40600,0.3,무통장입금
ORD003832,2025-09-09 16:36:09,C00567,남,40,대전,전자기기,스마트워치,1,165200,0.05,무통장입금
ORD002986,2026-04-29 18:56:06,C00629,남,48,대전,생활용품,무선청소기,2,184600,0,간편결제
ORD002777,2025-10-05 13:14:10,C00825,남,30,대구,전자기기,무선이어폰,1,75300,0.3,신용카드
ORD002417,2026-06-04 11:39:41,C00586,여,24,광주,뷰티,립틴트,2,19100,0.05,신용카드
ORD003758,2026-01-21 20:20:42,C00666,남,24,광주,식품,즉석밥24개,1,25700,0.15,체크카드
ORD002700,2026-07-23 22:13:40,C01298,남,34,울산,식품,원두커피,1,16900,0,계좌이체
ORD003373,2026-09-11 10:33:22,C01440,남,55,울산,식품,프로틴바,1,20900,0.15,체크카드
ORD000453,2026-01-29 11:50:41,C00723,여,33,대전,전자기기,보조배터리,3,38100,0,체크카드
ORD000588,2026-03-12 12:07:22,C00240,남,46,서울,생활용품,수납함,1,27300,0.1,무통장입금
ORD004014,2026-05-08 21:36:45,C00270,여,52,서울,식품,견과세트,1,27500,0.3,간편결제
ORD001150,2025-01-15 11:25:16,C01258,남,61,,뷰티,수분크림,1,33800,0.2,간편결제
ORD003083,2025-05-19 09:11:02,C00496,남,41,전남,식품,즉석밥24개,2,29000,0,신용카드
ORD000884,2025-01-27 03:12:08,C00136,남,52,인천,식품,즉석밥24개,2,25400,0.2,체크카드
ORD004048,2026-01-06 04:32:23,C01503,여,42,서울,뷰티,립틴트,3,18700,0.1,신용카드
ORD004403,2025-09-12 08:14:15,C00433,남,26,울산,전자기기,무선이어폰,1,74000,0.2,체크카드
ORD000885,2026-01-03 02:57:31,C00614,여,39,대전,식품,프로틴바,4,21900,0,무통장입금
ORD000053,2025-08-21 16:25:51,C00592,남,42,인천,패션,백팩,3,74500,0,간편결제
ORD003594,2025-01-01 05:30:53,C01011,남,69,광주,뷰티,립틴트,2,17100,0,계좌이체
ORD004328,2025-07-02 00:18:45,C00112,여,54,대구,식품,프로틴바,2,23200,0.1,계좌이체
ORD004173,2026-01-09 18:48:01,C00952,여,26,광주,뷰티,클렌징폼,2,14900,0.3,계좌이체
ORD000219,2025-09-16 05:38:52,C00134,여,33,경남,생활용품,수납함,1,26300,0,계좌이체
ORD002787,2026-08-04 16:32:59,C00371,남,54,인천,식품,견과세트,3,26700,0,계좌이체
ORD003553,2025-06-03 09:21:26,C00369,남,39,경남,패션,셔츠,2,50300,0,무통장입금
ORD003339,2025-05-13 23:58:19,C00404,여,64,경남,전자기기,스마트워치,1,157200,0,계좌이체
ORD002051,2025-07-02 20:33:21,C00630,여,69,대전,생활용품,무선청소기,3,200500,0.1,간편결제
ORD004129,2026-03-30 15:42:39,C01199,남,33,대전,패션,청바지,2,68500,0.1,체크카드
ORD000976,2025-03-15 10:43:14,C01226,여,50,울산,식품,생수24개,1,12200,0.1,계좌이체
ORD004594,2026-09-16 09:03:32,C00579,남,64,대구,생활용품,텀블러,2,23200,0.3,체크카드
ORD001062,2026-08-06 06:37:30,C00458,남,46,경남,식품,견과세트,2,27000,0.3,무통장입금
ORD004602,2025-04-18 18:16:01,C01518,남,51,대전,생활용품,무선청소기,3,196500,0.1,계좌이체
ORD002635,2025-04-19 23:21:40,C01084,여,26,경남,전자기기,블루투스스피커,2,63600,0,간편결제
ORD004917,2025-02-21 09:52:35,C00327,남,30,대구,전자기기,블루투스스피커,1,72100,0.1,신용카드
ORD001333,2025-03-03 04:27:47,C01488,여,44,부산,전자기기,블루투스스피커,1,69100,0,신용카드
ORD004504,2026-08-23 19:29:59,C00347,남,31,경기,뷰티,수분크림,1,33200,0.1,체크카드
ORD004211,2025-05-23 15:00:05,C00524,여,51,대전,패션,청바지,4,64900,0.1,계좌이체
ORD003371,2026-01-15 08:29:03,C00282,남,39,경남,식품,원두커피,1,18300,0.05,계좌이체
ORD001448,2025-05-19 00:31:50,C01052,남,41,경기,전자기기,기계식키보드,3,91300,0.3,무통장입금
ORD000173,2026-09-28 01:14:31,C01361,여,60,울산,생활용품,수납함,4,28900,0.1,체크카드
ORD001742,2025-09-22 19:55:00,C00452,여,53,대전,뷰티,수분크림,2,34300,0.15,계좌이체
ORD003473,2025-10-31 22:29:24,C01324,여,22,전남,뷰티,클렌징폼,2,15400,0.3,계좌이체
ORD003391,2026-02-07 02:19:38,C00348,남,27,경남,식품,견과세트,1,28600,0,계좌이체
ORD002130,2025-08-30 18:00:28,C00371,여,48,부산,전자기기,블루투스스피커,1,68300,0,체크카드
ORD002639,2026-02-20 01:45:19,C00736,남,30,부산,뷰티,샴푸,1,21000,0.15,체크카드
ORD004796,2025-03-10 18:42:17,C00080,여,18,부산,뷰티,샴푸,1,21600,0.05,신용카드
ORD003017,2025-10-25 05:15:30,C00431,여,21,경남,패션,운동화,1,114800,0.2,무통장입금
ORD003510,2025-01-12 19:32:20,C00774,남,33,전남,식품,원두커피,1,18400,0.3,계좌이체
ORD001926,2026-03-17 04:06:51,C01056,여,42,경기,뷰티,샴푸,1,19900,0,체크카드
ORD001329,2026-01-11 22:12:12,C00655,남,43,부산,패션,백팩,1,75200,0.15,계좌이체
ORD000346,2026-05-06 14:29:56,C00588,여,64,광주,패션,셔츠,2,51400,0,간편결제
ORD002967,2025-06-13 06:40:04,C00592,남,65,경기,생활용품,전기포트,1,52800,0,체크카드
ORD000270,2026-07-21 11:43:45,C01252,남,45,인천,패션,후드티,1,58200,0,계좌이체
ORD001056,2025-09-12 16:32:20,C00622,남,22,경기,패션,청바지,1,74400,0.3,신용카드
ORD000196,2025-03-09 01:04:13,C00097,남,40,대구,뷰티,수분크림,1,32900,0,계좌이체
ORD000419,2026-08-01 00:20:57,C01078,남,67,인천,식품,즉석밥24개,1,26900,0.15,간편결제
ORD004149,2025-05-16 17:59:31,C00026,남,66,부산,전자기기,블루투스스피커,2,72300,0.3,무통장입금
ORD002366,2026-06-14 14:47:55,C01099,남,39,경남,생활용품,수건세트,1,32600,0.1,간편결제
ORD000209,2026-09-15 09:05:29,C00179,여,41,대구,전자기기,블루투스스피커,1,71900,0.1,간편결제
ORD004962,2026-01-10 18:53:23,C00102,남,52,울산,생활용품,텀블러,1,23300,0,체크카드
ORD001497,2026-07-19 18:43:03,C00747,남,58,,전자기기,스마트워치,1,148400,0.15,체크카드
ORD003525,2025-04-21 21:56:28,C01147,여,64,대구,식품,생수24개,4,12000,0,체크카드
ORD004429,2026-04-08 11:00:25,C00943,여,65,경남,식품,생수24개,2,12300,0.15,간편결제
ORD004006,2026-09-01 06:35:52,C00860,여,55,전남,전자기기,스마트워치,2,154700,0.1,계좌이체
ORD003415,2026-09-19 06:30:47,C00675,여,40,경기,식품,생수24개,1,11100,0.2,계좌이체
ORD004134,2025-07-31 07:54:56,C00993,여,67,울산,전자기기,블루투스스피커,1,69300,0.3,간편결제
ORD000801,2025-05-17 15:01:11,C00024,여,66,인천,뷰티,립틴트,2,18900,0,간편결제
ORD001722,2026-03-12 09:58:18,C00374,남,60,광주,식품,원두커피,1,19100,0,무통장입금
ORD001890,2025-03-26 04:52:08,C01585,여,55,전남,전자기기,보조배터리,1,39300,0,무통장입금
ORD000866,2025-10-15 18:11:06,C00549,여,65,광주,뷰티,립틴트,1,17700,0.1,계좌이체
ORD001287,2025-03-23 20:34:53,C00990,남,52,경남,생활용품,수납함,1,29700,0,신용카드
ORD000476,2025-08-29 09:46:58,C00351,남,52,광주,패션,운동화,2,100400,0.15,간편결제
ORD001693,2025-05-09 20:28:25,C01005,여,58,부산,생활용품,텀블러,1,24400,0.05,체크카드
ORD003809,2025-01-29 19:12:42,C00012,남,67,광주,생활용품,수납함,1,27200,0,
ORD003340,2025-12-04 06:40:41,C00866,여,26,대구,패션,운동화,1,115300,0,신용카드
ORD001759,2025-09-13 16:32:20,C01237,남,23,대전,뷰티,클렌징폼,2,17100,0,체크카드
ORD003417,2025-03-13 06:39:55,C00994,여,38,광주,전자기기,스마트워치,1,163100,0,간편결제
ORD004396,2026-01-14 22:38:57,C01138,여,38,경남,식품,견과세트,2,28300,0.05,간편결제
ORD000194,2025-09-27 06:28:39,C00526,남,19,서울,뷰티,클렌징폼,2,15700,0.3,계좌이체
ORD004109,2026-08-12 17:47:42,C00353,여,59,울산,생활용품,텀블러,1,25400,0.2,무통장입금
ORD002928,2025-06-06 20:40:09,C01043,여,49,전남,전자기기,보조배터리,1,38300,0.05,신용카드
ORD003854,2026-02-26 15:25:30,C01389,여,33,서울,식품,원두커피,1,16700,0.1,신용카드
ORD001706,2026-09-28 03:39:06,C00506,남,47,울산,패션,후드티,2,63400,0.1,무통장입금
ORD000654,2026-06-23 23:49:08,C00585,남,63,서울,식품,프로틴바,1,23100,0.3,신용카드
ORD004038,2025-04-24 17:09:24,C00727,여,21,전남,뷰티,립틴트,2,19400,0.1,무통장입금
ORD003752,2026-03-23 23:46:51,C00968,남,63,인천,전자기기,블루투스스피커,2,67100,0.2,간편결제
ORD003589,2026-08-15 07:13:59,C00519,여,21,서울,전자기기,무선이어폰,1,81700,0,무통장입금
ORD002202,2026-05-05 03:17:17,C00821,남,43,,뷰티,립틴트,4,19300,0.1,간편결제
ORD004310,2025-05-14 11:17:40,C01007,남,23,서울,패션,셔츠,1,49100,0,계좌이체
ORD001095,2025-04-20 15:34:39,C01447,여,26,전남,식품,프로틴바,1,23100,0.05,무통장입금
ORD002791,2025-06-13 10:12:40,C01586,남,25,경기,뷰티,수분크림,1,31400,0.1,무통장입금
ORD000492,2025-06-11 08:23:01,C00377,여,43,경남,패션,후드티,1,54300,0.1,체크카드
ORD004029,2025-04-15 09:54:06,C00059,여,59,울산,식품,원두커피,1,17000,0.05,신용카드
ORD003385,2025-10-12 20:26:35,C01161,남,44,울산,전자기기,보조배터리,4,38200,0.15,신용카드
ORD004898,2025-10-02 22:53:34,C00578,남,28,대구,패션,운동화,3,101100,0.2,무통장입금
ORD000141,2026-03-24 17:25:09,C00395,여,45,대구,식품,프로틴바,1,23700,0.1,무통장입금
ORD002292,2026-05-24 12:32:52,C00482,여,19,광주,생활용품,수건세트,1,32700,0,신용카드
ORD004798,2026-05-06 07:11:38,C01307,여,,경기,전자기기,블루투스스피커,1,67900,0.1,체크카드
ORD004686,2026-02-18 22:32:42,C00376,여,36,울산,패션,백팩,1,82200,0,체크카드
ORD004709,2025-11-13 10:05:59,C00750,남,41,인천,패션,청바지,1,67200,0,신용카드
ORD002629,2026-02-27 18:07:44,C00980,남,31,경남,뷰티,립틴트,1,17800,0.15,체크카드
ORD004984,2026-03-16 00:03:40,C01570,여,30,전남,뷰티,립틴트,1,18800,0.1,체크카드
ORD001886,2025-05-23 17:54:09,C00887,남,27,부산,전자기기,스마트워치,1,150500,0.2,체크카드
ORD000355,2026-05-31 22:15:21,C00638,남,65,대전,식품,생수24개,1,11900,0.3,계좌이체
ORD004320,2025-07-16 13:21:12,C00996,남,41,서울,전자기기,무선이어폰,2,83500,0.1,신용카드
ORD004859,2026-01-28 18:15:32,C00173,남,55,경남,뷰티,클렌징폼,1,16500,0.05,계좌이체
ORD003463,2025-11-19 00:47:36,C00863,남,54,부산,전자기기,스마트워치,4,147600,0.2,무통장입금
ORD002431,2026-08-01 20:24:03,C01163,남,54,광주,생활용품,무선청소기,2,177700,0,계좌이체
ORD002192,2025-03-19 09:50:48,C00716,남,45,경남,생활용품,무선청소기,1,178400,0.15,신용카드
ORD003981,2025-03-06 15:00:30,C01345,남,23,대구,패션,백팩,3,78800,0.15,신용카드
ORD004422,2026-08-30 01:22:33,C00379,남,39,인천,전자기기,보조배터리,1,38600,0.3,체크카드
ORD003778,2026-05-18 18:39:49,C00894,남,54,대구,패션,청바지,1,70000,0.05,체크카드
ORD004197,2026-07-16 18:13:41,C00708,여,49,전남,뷰티,수분크림,1,32800,0.05,계좌이체
ORD003606,2025-01-20 13:52:50,C00339,남,42,광주,생활용품,수납함,1,26700,0.3,체크카드
ORD004596,2025-03-04 12:30:11,C00665,남,32,경기,식품,생수24개,2,12700,0,신용카드
ORD003124,2026-03-28 17:38:51,C00063,여,62,인천,패션,청바지,1,67600,0.2,간편결제
ORD004851,2025-06-19 09:13:42,C01318,여,26,광주,식품,프로틴바,1,22800,0,신용카드
ORD003066,2026-02-20 09:07:35,C01144,여,61,대전,패션,청바지,1,70500,0,신용카드
ORD001473,2026-09-17 17:32:47,C00894,남,45,전남,전자기기,기계식키보드,2,81900,0.05,신용카드
ORD001225,2025-12-03 07:18:47,C00757,남,48,경기,식품,생수24개,1,11800,0,간편결제
ORD000934,2026-06-21 12:47:35,C00081,남,46,울산,패션,청바지,1,71800,0.1,계좌이체
ORD003819,2026-02-23 21:32:52,C00603,여,66,,전자기기,보조배터리,1,40300,0.05,신용카드
ORD003967,2025-11-24 17:15:07,C00470,남,69,대구,식품,생수24개,1,11500,0.1,간편결제
ORD000711,2026-01-16 16:57:02,C00574,남,20,부산,식품,견과세트,2,29200,0,무통장입금
ORD002100,2025-11-06 13:33:53,C01583,남,57,대구,전자기기,무선이어폰,1,76100,0.05,간편결제
ORD004691,2025-03-09 22:08:28,C00941,남,61,울산,뷰티,샴푸,2,20000,0,간편결제
ORD004557,2025-03-28 01:52:15,C01600,남,30,대전,뷰티,립틴트,1,17900,0.1,체크카드
ORD001040,2026-04-02 10:33:11,C00413,남,23,대구,식품,즉석밥24개,1,24900,0.1,체크카드
ORD000787,2026-08-11 16:45:58,C00995,남,26,광주,생활용품,수납함,5,29500,0,무통장입금
ORD000432,2025-09-28 20:09:30,C01558,남,33,광주,뷰티,샴푸,1,21600,0.1,계좌이체
ORD004570,2026-04-25 06:30:35,C00858,남,25,대구,패션,운동화,1,101400,0,계좌이체
ORD003697,2025-08-15 07:38:48,C00830,남,48,대전,뷰티,립틴트,1,18700,0.2,계좌이체
ORD003926,2025-04-03 20:06:28,C00396,남,39,부산,식품,프로틴바,2,22500,0,신용카드
ORD000456,2026-07-15 18:10:35,C01226,여,66,서울,뷰티,샴푸,1,21600,0,신용카드
ORD001271,2025-07-19 19:08:05,C00884,여,49,인천,패션,백팩,1,73300,0.1,무통장입금
ORD004465,2025-03-21 01:59:43,C00805,남,27,광주,뷰티,클렌징폼,3,15200,0,신용카드
ORD004373,2025-04-22 03:16:02,C00289,남,41,광주,패션,백팩,1,80500,0.05,무통장입금
ORD004032,2025-05-30 09:09:18,C01266,남,45,경기,생활용품,수납함,1,26200,0.1,간편결제
ORD003845,2026-05-25 07:06:15,C00639,여,58,울산,전자기기,기계식키보드,1,87700,0.2,계좌이체
ORD001994,2026-04-24 04:41:45,C00939,남,33,인천,생활용품,수납함,1,26200,0,무통장입금
ORD002463,2026-07-14 06:17:04,C00845,여,23,울산,전자기기,보조배터리,2,36200,0.1,체크카드
ORD002851,2026-02-11 22:29:57,C00778,여,22,인천,뷰티,수분크림,1,32700,0.15,무통장입금
ORD002649,2025-07-20 05:37:31,C00562,남,49,울산,전자기기,무선이어폰,3,79400,0.1,계좌이체
ORD004593,2025-04-15 14:51:05,C01428,남,43,대전,전자기기,블루투스스피커,1,68100,0.05,무통장입금
ORD002139,2025-02-14 16:19:50,C00062,남,52,대전,뷰티,샴푸,3,22600,0.1,체크카드
ORD000266,2025-09-15 17:29:01,C01586,여,22,대전,뷰티,클렌징폼,1,16500,0,체크카드
ORD001138,2026-01-16 22:46:39,C00074,여,59,울산,생활용품,전기포트,4,50700,0.15,계좌이체
ORD002274,2026-07-10 02:14:07,C00982,남,47,인천,생활용품,무선청소기,3,202900,0.2,체크카드
ORD003641,2025-04-18 17:15:08,C01072,남,59,서울,패션,운동화,3,104400,0.2,신용카드
ORD000984,2026-03-16 18:42:22,C00271,여,19,경기,전자기기,블루투스스피커,2,68700,0.1,체크카드
ORD001662,2026-08-28 17:33:22,C00046,남,25,울산,뷰티,선크림,2,24300,0.1,무통장입금
ORD000391,2026-01-13 23:37:59,C00113,남,24,대전,생활용품,수건세트,1,29500,0.1,체크카드
ORD004760,2026-06-05 00:08:07,C00298,여,21,대구,전자기기,블루투스스피커,2,69600,0.1,무통장입금
ORD000741,2025-03-07 07:32:43,C00987,남,38,서울,뷰티,립틴트,1,18800,0.1,신용카드
ORD001338,2025-12-13 23:22:48,C00362,여,68,경기,생활용품,수건세트,3,33900,0.2,계좌이체
ORD004315,2026-04-10 13:12:17,C00281,남,63,인천,생활용품,수납함,1,26700,0,신용카드
ORD000590,2026-03-28 20:10:20,C01295,남,65,경남,뷰티,샴푸,1,20100,0,신용카드
ORD004441,2025-06-28 20:02:11,C00062,여,52,경남,식품,즉석밥24개,1,26700,0.1,신용카드
ORD004521,2026-08-08 13:53:52,C01317,남,58,경남,식품,견과세트,4,27700,0,간편결제
ORD001293,2026-09-01 03:18:40,C01040,남,57,대전,전자기기,블루투스스피커,1,72600,0.1,체크카드
ORD000289,2025-12-29 15:51:10,C01188,남,49,인천,전자기기,기계식키보드,2,94300,0,계좌이체
ORD002301,2025-11-15 06:06:56,C00383,,27,경기,식품,생수24개,3,11900,0.1,무통장입금
ORD003215,2025-05-10 23:28:19,C01389,남,59,서울,전자기기,보조배터리,1,37600,0.1,무통장입금
ORD004471,2026-01-29 15:30:50,C00733,여,31,대구,생활용품,텀블러,2,25500,0.15,신용카드
ORD002289,2025-07-21 15:17:06,C00104,남,54,부산,생활용품,수납함,1,28300,0,신용카드
ORD002499,2026-08-15 06:10:15,C00382,여,20,경기,뷰티,샴푸,1,21300,0,간편결제
ORD003517,2026-03-05 05:08:02,C00741,여,27,경기,뷰티,수분크림,1,33200,0.1,무통장입금
ORD004084,2026-06-01 04:49:06,C00167,남,60,대구,전자기기,보조배터리,1,35900,0.2,신용카드
ORD002714,2026-08-21 21:37:38,C01357,여,25,서울,뷰티,샴푸,5,21700,0.1,무통장입금
ORD000423,2026-01-26 15:55:53,C01218,남,51,인천,생활용품,텀블러,1,23400,0,무통장입금
ORD002127,2026-07-03 23:47:27,C00793,여,33,광주,패션,청바지,1,64500,0.1,체크카드
ORD001647,2025-12-19 08:54:37,C00601,남,35,인천,패션,운동화,2,113400,0,체크카드
ORD003968,2026-05-14 14:35:21,C01427,여,68,서울,전자기기,스마트워치,3,167400,0,무통장입금
ORD003796,2025-10-15 00:05:49,C00440,여,40,대구,패션,운동화,1,105500,0.05,신용카드
ORD004035,2025-08-31 12:01:36,C00118,남,28,부산,생활용품,수납함,1,28800,0.15,신용카드
ORD003828,2025-04-24 15:14:08,C01338,여,22,부산,뷰티,립틴트,1,17200,0.2,신용카드
ORD000923,2026-07-26 23:33:34,C00427,남,41,전남,생활용품,수납함,2,28900,0,무통장입금
ORD002881,2025-04-27 09:26:55,C01184,여,27,광주,식품,프로틴바,1,21100,0,계좌이체
ORD004819,2025-03-30 07:56:41,C01054,여,23,경기,식품,원두커피,1,17400,0.1,체크카드
ORD003683,2026-06-26 06:40:11,C01275,남,48,부산,전자기기,기계식키보드,1,86800,0.3,간편결제
ORD002069,2025-03-08 01:30:55,C01330,여,29,대구,뷰티,선크림,1,25300,0,간편결제
ORD004992,2026-05-31 03:28:16,C01459,여,49,서울,패션,백팩,3,76600,0.1,체크카드
ORD002416,2026-01-09 16:48:22,C01302,여,59,부산,뷰티,선크림,2,25200,0.1,계좌이체
ORD002836,2025-02-10 23:57:56,C01218,남,48,서울,뷰티,클렌징폼,1,15300,0.1,간편결제
ORD000804,2025-08-27 18:19:10,C00272,여,32,경남,생활용품,텀블러,2,24100,0.1,신용카드
ORD001315,2025-07-22 06:27:18,C00418,여,30,부산,식품,원두커피,2,17100,0.1,계좌이체
ORD000252,2025-01-29 03:01:01,C00943,남,67,인천,식품,원두커피,2,17900,0,무통장입금
ORD003097,2026-05-21 14:50:25,C01311,여,20,대구,전자기기,스마트워치,1,148900,0,간편결제
ORD000043,2025-10-13 15:27:42,C01144,여,54,부산,생활용품,전기포트,1,52900,0.05,
ORD002333,2025-06-29 21:52:35,C01483,여,49,경기,생활용품,수건세트,1,32000,0.1,무통장입금
ORD004885,2026-01-21 09:19:28,C01321,남,66,대구,식품,견과세트,4,28800,0.1,간편결제
ORD003530,2025-02-11 01:23:33,C00153,여,34,서울,패션,청바지,1,67300,0,체크카드
ORD002185,2026-06-18 10:19:27,C01480,여,57,전남,뷰티,클렌징폼,5,15300,0.1,무통장입금
ORD003331,2026-08-12 15:25:20,C00688,남,21,경기,생활용품,텀블러,1,25400,0.1,계좌이체
ORD000680,2025-08-30 23:26:45,C00474,여,64,울산,패션,셔츠,1,46100,0.1,간편결제
ORD001981,2026-03-15 02:22:04,C00101,남,22,인천,식품,견과세트,5,29700,0.05,간편결제
ORD002773,2025-01-09 09:40:00,C01451,여,21,경기,뷰티,샴푸,1,19400,0.05,체크카드
ORD001794,2026-01-26 10:47:16,C01368,여,35,서울,식품,원두커피,1,17200,0.1,계좌이체
ORD002727,2025-07-04 13:11:12,C01100,여,61,전남,전자기기,무선이어폰,3,81500,0,무통장입금
ORD002941,2026-01-19 13:36:13,C00191,여,61,전남,식품,즉석밥24개,1,26400,0,계좌이체
ORD004117,2025-08-02 15:18:22,C00008,여,23,인천,식품,원두커피,1,17900,0,체크카드
ORD000232,2025-12-11 21:51:19,C01435,여,24,울산,식품,견과세트,5,28900,0,계좌이체
ORD003682,2026-05-26 18:43:37,C00034,남,69,대전,뷰티,선크림,1,23100,0.05,체크카드
ORD000449,2026-07-14 21:45:36,C01421,여,69,경기,생활용품,전기포트,2,50400,0.1,무통장입금
ORD003969,2025-06-14 02:02:57,C01117,남,18,대전,전자기기,기계식키보드,3,85900,0.2,체크카드
ORD004288,2026-08-05 00:00:50,C01260,여,45,부산,식품,생수24개,5,11600,0,무통장입금
ORD001660,2025-07-19 01:11:17,C01019,남,63,대구,뷰티,립틴트,1,19300,0.05,간편결제
ORD004838,2025-09-17 07:03:55,C00086,남,63,경남,뷰티,립틴트,1,16800,0,체크카드
ORD004523,2025-12-05 09:01:57,C01427,여,45,울산,뷰티,선크림,2,24000,0,무통장입금
ORD002336,2025-05-11 18:15:26,C01418,남,57,경남,식품,즉석밥24개,1,28500,0.1,계좌이체
ORD000736,2026-09-21 07:42:15,C01159,여,64,대전,뷰티,클렌징폼,4,15500,0.05,신용카드
ORD004174,2026-08-14 03:36:51,C00979,남,52,대전,패션,후드티,2,60700,0.15,간편결제
ORD002632,2025-08-21 00:03:20,C00805,남,59,경기,패션,백팩,3,77100,0.2,간편결제
ORD001735,2026-07-21 04:59:55,C00022,여,22,경기,생활용품,수건세트,4,33900,0.3,계좌이체
ORD004000,2025-09-30 18:37:18,C00083,여,61,부산,패션,셔츠,1,46500,0,무통장입금
ORD003195,2026-09-22 19:01:18,C00551,남,44,광주,뷰티,클렌징폼,1,15900,0,무통장입금
ORD000629,2025-05-01 07:01:58,C01297,여,18,광주,생활용품,수건세트,2,32400,0.3,신용카드
ORD000414,2025-04-08 12:52:32,C00827,남,46,울산,패션,운동화,4,109900,0.2,계좌이체
ORD002827,2025-05-15 12:36:09,C01083,여,41,서울,뷰티,샴푸,1,20500,0.05,신용카드
ORD001410,2026-04-18 23:25:05,C00214,남,47,대구,패션,셔츠,1,51600,0.1,계좌이체
ORD003607,2026-04-14 12:37:12,C00335,남,33,서울,전자기기,기계식키보드,2,93900,0.2,계좌이체
ORD001567,2025-07-15 10:26:22,C01531,남,37,울산,식품,프로틴바,1,23000,0.1,계좌이체
ORD002884,2025-03-04 23:09:33,C01069,여,55,대전,전자기기,보조배터리,1,40300,0,체크카드
ORD001126,2026-05-13 01:23:05,C00933,남,29,전남,패션,셔츠,1,45400,0,무통장입금
ORD004983,2026-02-20 05:49:02,C00670,남,41,경남,패션,운동화,2,112000,0.2,간편결제
ORD000830,2025-11-19 12:04:37,C00555,여,43,대구,뷰티,클렌징폼,1,17100,0.2,무통장입금
ORD000973,2026-03-20 00:24:59,C00422,남,59,부산,패션,백팩,1,73300,0,계좌이체
ORD000418,2026-03-15 03:43:31,C00576,여,57,경남,뷰티,립틴트,4,17100,0,무통장입금
ORD004499,2025-10-23 06:13:26,C00503,여,42,서울,패션,청바지,1,65100,0.1,간편결제
ORD003726,2025-10-01 08:50:41,C00548,남,50,부산,생활용품,수납함,1,27400,0.05,신용카드
ORD001621,2026-06-08 07:51:47,C01174,여,20,인천,뷰티,수분크림,2,32100,0.3,무통장입금
ORD004219,2025-02-11 06:47:07,C00789,여,37,부산,전자기기,기계식키보드,2,91000,0,간편결제
ORD003732,2025-09-30 19:00:07,C00295,여,20,경남,식품,즉석밥24개,1,28400,0.1,
ORD004876,2025-10-21 20:08:13,C00466,여,26,서울,식품,즉석밥24개,2,26900,0.1,신용카드
ORD000889,2026-05-03 09:02:50,C01339,여,69,대전,식품,견과세트,1,30000,0,간편결제
ORD001235,2025-11-20 05:43:02,C00236,여,69,부산,생활용품,수건세트,1,31300,0.3,체크카드
ORD002441,2025-01-03 11:57:16,C01236,남,18,인천,생활용품,텀블러,1,24300,0.15,무통장입금
ORD003566,2025-06-30 12:14:32,C00396,여,59,전남,패션,청바지,1,64600,0.15,간편결제
ORD001510,2025-04-06 00:07:10,C00771,남,42,전남,전자기기,스마트워치,5,154700,0,신용카드
ORD000488,2026-03-25 16:38:47,C01577,여,19,서울,전자기기,블루투스스피커,1,72900,0,신용카드
ORD003286,2025-12-21 10:15:21,C00314,남,37,광주,생활용품,전기포트,1,47200,0.3,계좌이체
ORD001699,2025-07-23 16:07:35,C00571,여,52,인천,생활용품,수납함,1,29400,0.05,무통장입금
ORD004033,2025-09-09 19:29:53,C00619,남,66,서울,식품,프로틴바,1,20800,0,간편결제
ORD002370,2025-05-30 13:50:43,C01585,남,56,서울,뷰티,선크림,1,22600,0,무통장입금
ORD001826,2025-07-27 10:46:29,C00383,남,68,경기,식품,원두커피,1,19200,0.3,신용카드
ORD004224,2026-09-27 21:04:48,C00154,여,19,광주,전자기기,스마트워치,1,162900,0,계좌이체
ORD003934,2026-02-27 08:43:59,C00298,남,24,전남,생활용품,텀블러,1,26400,0,신용카드
ORD004855,2026-07-11 20:26:06,C00639,남,51,경기,전자기기,기계식키보드,1,91200,0.1,신용카드
ORD001852,2026-04-08 18:43:16,C01362,여,54,울산,패션,운동화,1,106100,0,체크카드
ORD004637,2025-07-26 05:45:08,C00950,여,29,대구,뷰티,수분크림,4,31800,0.15,무통장입금
ORD003659,2025-08-09 20:07:28,C00612,남,26,경기,전자기기,스마트워치,1,160300,0.05,신용카드
ORD004907,2025-01-03 01:40:20,C00253,남,26,서울,생활용품,무선청소기,1,181400,0,체크카드
ORD002210,2026-05-28 17:44:08,C00421,남,21,울산,식품,생수24개,2,11800,0.05,무통장입금
ORD000776,2026-08-23 08:30:01,C00574,남,45,경기,패션,백팩,1,76300,0,간편결제
ORD003169,2026-04-20 02:24:35,C01137,남,50,인천,전자기기,스마트워치,3,167300,0.1,계좌이체
ORD000064,2026-08-25 09:47:27,C00076,여,68,광주,패션,셔츠,1,51200,0,신용카드
ORD001587,2026-06-13 09:47:25,C01046,여,54,광주,전자기기,블루투스스피커,1,64100,0,무통장입금
ORD000401,2025-01-22 13:39:17,C01247,여,55,전남,식품,즉석밥24개,1,25100,0.1,무통장입금
ORD002334,2025-11-23 17:19:34,C00325,남,60,경남,전자기기,무선이어폰,1,77600,0.05,간편결제
ORD002283,2026-03-15 03:15:44,C00712,여,42,전남,생활용품,전기포트,2,45300,0.3,체크카드
ORD002722,2025-03-13 18:00:00,C00101,여,52,경남,뷰티,수분크림,1,31900,0,계좌이체
ORD004949,2026-03-12 18:00:35,C01438,여,50,대구,생활용품,전기포트,2,49500,0,간편결제
ORD001784,2025-06-06 14:24:35,C01532,남,34,경기,전자기기,무선이어폰,2,76500,0.15,계좌이체
ORD003277,2025-06-08 13:47:02,C01433,남,18,광주,전자기기,스마트워치,1,160000,0.2,간편결제
ORD001755,2025-11-03 02:20:48,C00881,여,46,광주,뷰티,샴푸,1,20500,0.3,신용카드
ORD000292,2025-12-26 20:50:24,C00341,남,135,경남,식품,견과세트,1,29800,0.1,무통장입금
ORD001369,2025-11-10 23:51:37,C00159,여,39,광주,식품,프로틴바,4,22200,0,계좌이체
ORD000182,2025-08-10 19:39:23,C00700,여,63,경남,뷰티,수분크림,1,31900,0.05,계좌이체
ORD003771,2025-06-08 05:57:59,C00699,여,69,전남,패션,후드티,1,58500,0.1,간편결제
ORD004640,2025-04-16 13:59:41,C00816,여,64,대구,전자기기,기계식키보드,3,84000,0.2,무통장입금
ORD000037,2025-04-18 15:04:58,C00245,여,33,광주,뷰티,립틴트,1,17300,0.1,계좌이체
ORD002693,2026-04-13 15:29:15,C01317,여,31,대전,패션,백팩,3,78200,0.05,계좌이체
ORD000448,2025-04-15 21:49:11,C00778,남,36,대구,생활용품,텀블러,2,25000,0.15,체크카드
ORD003325,2026-07-27 05:48:01,C01478,여,29,울산,생활용품,텀블러,3,23800,0.05,무통장입금
ORD002065,2026-07-28 00:19:33,C00287,남,54,대전,패션,셔츠,1,52300,0.1,간편결제
ORD003793,2025-02-11 01:29:22,C01316,여,64,대구,식품,원두커피,1,18000,0.1,무통장입금
ORD001263,2025-06-24 06:13:55,C00341,여,50,울산,식품,즉석밥24개,1,27500,0,무통장입금
ORD000364,2025-01-04 07:14:05,C01115,여,61,인천,전자기기,기계식키보드,1,89600,0,무통장입금
ORD003852,2025-10-15 07:34:50,C01541,남,57,경남,뷰티,샴푸,2,20300,0.3,무통장입금
ORD001955,2025-03-22 12:16:06,C01059,여,64,서울,식품,프로틴바,1,21200,0.05,계좌이체
ORD004257,2025-04-28 22:58:59,C00084,남,68,부산,식품,즉석밥24개,1,25500,0.15,무통장입금
ORD004279,2026-04-26 10:08:41,C01185,여,25,대전,뷰티,선크림,1,25200,0.2,신용카드
ORD004584,2025-04-18 05:47:12,C01233,남,48,서울,전자기기,블루투스스피커,2,65400,0,무통장입금
ORD002640,2026-09-04 22:44:13,C00307,여,46,대구,식품,견과세트,1,28100,0,무통장입금
ORD000062,2026-08-02 06:05:37,C00722,여,33,울산,식품,프로틴바,4,21800,0.15,무통장입금
ORD004397,2025-08-01 10:08:09,C00342,남,50,서울,생활용품,무선청소기,1,181900,0.05,무통장입금
ORD001340,2026-04-30 10:57:25,C00423,여,38,대구,전자기기,보조배터리,2,38500,0.15,간편결제
ORD000313,2025-12-23 02:07:52,C01038,남,27,부산,패션,셔츠,1,47300,0.1,무통장입금
ORD002873,2025-05-08 21:02:24,C00357,여,45,광주,패션,청바지,3,69700,0.15,무통장입금
ORD001055,2025-05-16 23:29:46,C00210,여,43,서울,생활용품,수납함,2,28800,0.3,신용카드
ORD004421,2026-05-11 04:19:48,C01549,남,43,경남,생활용품,수건세트,1,30400,0.1,신용카드
ORD001192,2025-02-02 21:16:01,C00918,남,28,대구,뷰티,선크림,5,24500,0.15,신용카드
ORD003359,2025-04-29 02:47:23,C00186,여,62,대전,뷰티,클렌징폼,2,16600,0.1,계좌이체
ORD003242,2026-04-19 10:08:12,C00969,남,59,경기,생활용품,무선청소기,1,199400,0.15,무통장입금
ORD000990,2025-02-05 01:07:39,C01014,남,25,대전,뷰티,립틴트,2,18800,0.1,무통장입금
ORD004688,2025-04-17 04:14:45,C01368,남,52,인천,전자기기,보조배터리,2,40400,0,계좌이체
ORD004449,2025-10-02 11:40:54,C01073,여,68,대구,패션,백팩,1,82800,0.2,간편결제
ORD001441,2026-03-26 10:54:05,C01471,남,26,광주,뷰티,립틴트,1,17400,0.3,간편결제
ORD002179,2025-06-16 19:35:35,C00150,남,56,울산,패션,셔츠,1,50600,0.05,계좌이체
ORD002028,2025-05-26 12:15:12,C00910,여,65,부산,식품,생수24개,3,12800,0,신용카드
ORD002686,2025-05-23 09:48:32,C01026,여,54,서울,뷰티,클렌징폼,1,16200,0.2,체크카드
ORD001972,2025-10-27 05:09:48,C01556,남,22,광주,식품,생수24개,5,11100,0.05,무통장입금
ORD000042,2026-02-07 14:32:57,C00603,남,38,인천,전자기기,블루투스스피커,1,71800,0.1,신용카드
ORD003995,2025-01-09 16:03:37,C00140,남,49,부산,생활용품,수납함,1,28300,0,간편결제
ORD003870,2026-02-20 06:50:45,C01573,남,46,부산,생활용품,텀블러,1,25700,0.05,무통장입금
ORD003504,2025-12-09 23:41:26,C00279,여,65,전남,뷰티,샴푸,1,20500,0.05,체크카드
ORD003706,2025-02-23 01:44:01,C00888,여,61,서울,전자기기,기계식키보드,5,94700,0,간편결제
ORD004856,2025-07-13 18:51:51,C00338,남,66,대구,뷰티,립틴트,3,17700,0.1,계좌이체
ORD004229,2026-02-10 22:22:36,C01002,남,60,부산,뷰티,수분크림,1,33600,0.15,계좌이체
ORD000396,2026-08-10 21:36:16,C01317,여,37,경남,패션,셔츠,2,45300,0.1,체크카드
ORD001978,2026-03-04 15:25:14,C01185,남,65,울산,패션,셔츠,1,45100,0,체크카드
ORD002510,2026-01-22 10:12:30,C01374,남,44,부산,패션,운동화,4,115200,0.05,신용카드
ORD001219,2026-09-15 00:15:50,C00476,남,48,대전,생활용품,무선청소기,1,176200,0.1,신용카드
ORD002114,2026-07-27 14:44:56,C01026,여,37,인천,생활용품,전기포트,1,50900,0,체크카드
ORD002867,2026-03-10 08:12:03,C00709,남,67,광주,패션,청바지,2,72900,0.15,계좌이체
ORD002631,2026-05-15 01:58:33,C00433,여,42,부산,전자기기,무선이어폰,1,78400,0.05,간편결제
ORD004144,2025-07-08 19:17:56,C00613,남,26,울산,생활용품,전기포트,1,48800,0.15,계좌이체
ORD002730,2025-07-13 17:22:36,C00992,여,58,대전,생활용품,무선청소기,1,200700,0,간편결제
ORD001251,2026-05-19 10:53:03,C00811,여,57,서울,뷰티,립틴트,1,19000,0,무통장입금
ORD004896,2025-11-22 15:43:12,C01050,남,31,경기,생활용품,수건세트,2,32100,0.15,간편결제
ORD002474,2025-04-23 11:09:21,C00372,남,32,경남,식품,원두커피,1,17300,0.2,체크카드
ORD004269,2025-05-06 07:21:11,C01280,남,41,부산,전자기기,무선이어폰,3,84300,0.2,신용카드
ORD004354,2025-01-01 13:53:46,C01092,여,59,광주,뷰티,립틴트,3,18800,0.1,계좌이체
ORD000581,2025-10-29 17:12:04,C01235,여,32,광주,식품,견과세트,1,29400,0.1,계좌이체
ORD000763,2026-01-13 12:50:49,C00977,여,47,부산,뷰티,샴푸,1,22300,0.1,무통장입금
ORD003455,2026-09-11 07:09:19,C00985,여,22,전남,뷰티,수분크림,2,34400,0,체크카드
ORD000731,2026-01-28 13:55:27,C01211,여,64,인천,패션,청바지,3,71000,0.1,간편결제
ORD000320,2025-12-20 17:24:01,C00340,남,40,경기,뷰티,클렌징폼,1,15600,0.15,간편결제
ORD004566,2025-01-22 12:16:30,C01123,여,53,광주,전자기기,스마트워치,1,146800,0.1,신용카드
ORD004051,2026-03-25 20:23:26,C00077,여,66,대전,패션,운동화,3,117500,0.1,무통장입금
ORD003115,2025-01-02 01:15:44,C01422,여,62,울산,전자기기,기계식키보드,1,95200,0.1,무통장입금
ORD000851,2026-09-09 06:37:41,C00697,여,39,경남,패션,백팩,2,82500,0,무통장입금
ORD004922,2025-06-20 09:04:08,C01084,여,30,전남,뷰티,립틴트,2,18900,0.1,계좌이체
ORD001399,2026-04-13 15:31:09,C00713,여,46,인천,생활용품,수납함,1,29500,0,간편결제
ORD002586,2025-12-24 20:48:23,C01421,남,59,경기,전자기기,보조배터리,1,41800,0,체크카드
ORD001485,2025-04-02 09:00:50,C00579,여,34,경기,패션,후드티,2,56300,0.1,간편결제
ORD001302,2025-12-22 00:23:57,C00890,남,41,부산,패션,운동화,4,103800,0.1,계좌이체
ORD003204,2025-06-28 17:22:41,C01129,여,65,경남,생활용품,수건세트,1,29500,0.1,신용카드
ORD002995,2025-11-20 04:31:25,C00135,여,26,광주,전자기기,블루투스스피커,1,72700,0.1,체크카드
ORD003950,2025-01-24 04:37:56,C01183,여,22,전남,패션,백팩,3,74500,0.05,간편결제
ORD004512,2026-04-07 20:06:09,C01598,여,58,대전,뷰티,샴푸,2,19600,0.1,계좌이체
ORD002709,2025-12-27 09:28:20,C00688,남,26,부산,뷰티,샴푸,1,21200,0.15,체크카드
ORD001296,2025-07-11 00:43:31,C01048,남,21,대전,전자기기,기계식키보드,3,94100,0,계좌이체
ORD000392,2025-07-10 19:20:55,C00640,여,47,경남,패션,운동화,1,100400,0,계좌이체
ORD003564,2026-01-10 02:22:13,C01043,여,20,광주,생활용품,수납함,1,28000,0,간편결제
ORD000837,2025-08-28 12:05:31,C01105,남,34,서울,패션,백팩,1,83300,0.1,무통장입금
ORD002964,2026-08-23 05:38:46,C01459,남,,부산,식품,프로틴바,1,23100,0.1,무통장입금
ORD000140,2025-05-09 22:34:24,C01582,여,27,서울,생활용품,수납함,5,27800,0.3,계좌이체
ORD001276,2025-09-08 13:06:34,C00355,여,23,서울,생활용품,무선청소기,4,191700,0.1,계좌이체
ORD002354,2025-05-25 14:36:36,C00087,남,18,광주,생활용품,수건세트,5,31100,0.05,신용카드
ORD002877,2025-11-22 18:50:57,C01538,남,41,부산,뷰티,수분크림,1,29900,0.05,간편결제
ORD000285,2026-02-18 22:32:55,C00860,남,68,광주,패션,후드티,1,56100,0.15,간편결제
ORD003914,2026-09-23 12:54:15,C01553,여,21,울산,뷰티,수분크림,2,34000,0,신용카드
ORD003064,2025-01-07 03:37:49,C00392,남,34,전남,생활용품,수납함,1,26700,0.3,간편결제
ORD004719,2026-05-09 12:40:58,C01303,여,43,울산,생활용품,텀블러,1,26300,0.2,계좌이체
ORD002944,2025-03-16 09:28:16,C00216,여,38,대전,패션,청바지,1,64100,0,신용카드
ORD003311,2025-11-03 07:30:22,C01364,남,39,부산,전자기기,스마트워치,1,164000,0,간편결제
ORD000310,2025-08-04 08:05:27,C00696,남,59,서울,패션,셔츠,1,1500000,0,신용카드
ORD003344,2025-11-30 22:55:03,C01275,남,35,부산,생활용품,텀블러,2,24300,0.15,계좌이체
ORD004906,2026-03-01 20:24:36,C00167,여,47,경기,뷰티,선크림,5,25900,0,무통장입금
ORD003421,2025-12-29 06:32:22,C00918,여,43,울산,생활용품,텀블러,1,25500,0,체크카드
ORD003891,2026-05-30 16:10:09,C00854,여,69,경기,식품,즉석밥24개,1,26900,0.1,체크카드
ORD001146,2026-08-24 08:20:20,C00828,여,43,전남,패션,청바지,1,64600,0.05,무통장입금
ORD000188,2025-07-10 12:01:37,C00548,남,51,광주,뷰티,샴푸,1,21500,0,체크카드
ORD000989,2025-04-07 15:18:32,C00807,여,50,전남,생활용품,수납함,1,27300,0,신용카드
ORD003110,2025-09-11 03:35:35,C00835,여,39,울산,패션,후드티,1,54700,0,무통장입금
ORD004406,2026-04-23 17:35:03,C01325,남,46,부산,전자기기,보조배터리,1,36200,0,계좌이체
ORD002625,2025-06-05 13:12:20,C00691,남,48,인천,패션,셔츠,1,51800,0.15,무통장입금
ORD000280,2025-05-29 02:07:03,C00725,남,67,인천,뷰티,립틴트,2,17400,0,신용카드
ORD001861,2026-03-14 16:53:18,C01564,남,33,울산,전자기기,스마트워치,1,161000,0.05,신용카드
ORD004239,2025-07-14 11:08:04,C00994,여,34,울산,식품,즉석밥24개,1,27500,0,신용카드
ORD001464,2025-07-13 20:24:52,C01413,여,51,대전,뷰티,클렌징폼,1,17100,0,계좌이체
ORD002957,2025-12-02 21:10:13,C00595,여,44,대전,뷰티,수분크림,1,31100,0,체크카드
ORD004076,2025-09-24 01:32:01,C00398,남,62,대구,생활용품,무선청소기,1,177000,0.3,계좌이체
ORD000369,2026-05-30 11:14:08,C00686,여,57,대구,뷰티,선크림,1,24600,0,무통장입금
ORD000297,2025-06-04 22:31:28,C01597,남,22,울산,뷰티,클렌징폼,1,15300,0.05,체크카드
ORD001253,2026-03-11 09:48:28,C00032,여,26,부산,식품,프로틴바,1,22400,0,계좌이체
ORD004860,2025-11-01 08:43:10,C01115,여,18,대전,식품,생수24개,2,12600,0.15,계좌이체
ORD003363,2025-06-02 04:27:11,C00059,여,33,인천,뷰티,선크림,1,23900,0.2,신용카드
ORD001780,2026-09-10 21:00:26,C01486,여,62,광주,식품,프로틴바,1,21100,0,체크카드
ORD004205,2026-07-09 01:26:53,C01568,여,69,인천,패션,셔츠,2,46000,0.2,체크카드
ORD001536,2026-07-18 13:03:56,C01278,여,23,대전,전자기기,스마트워치,2,149400,0,계좌이체
ORD003840,2025-03-07 05:26:05,C01140,여,57,울산,식품,즉석밥24개,2,28400,0,체크카드
ORD001837,2025-08-25 14:05:49,C01124,여,35,울산,패션,운동화,3,109300,0.1,간편결제
ORD004748,2026-02-14 16:53:11,C01481,남,35,서울,패션,셔츠,3,51700,0.1,계좌이체
ORD003966,2026-03-09 17:59:13,C00367,여,,대구,생활용품,무선청소기,2,193800,0.1,간편결제
ORD003140,2025-12-26 00:47:35,C00291,남,55,인천,생활용품,무선청소기,4,177200,0.1,신용카드
ORD001823,2025-04-16 23:44:43,C00922,여,18,인천,생활용품,수건세트,1,33300,0.15,신용카드
ORD004506,2025-01-30 14:25:00,C01496,여,38,경남,패션,운동화,1,102000,0,계좌이체
ORD000023,2026-08-04 13:22:35,C01460,남,65,전남,식품,견과세트,1,27900,0.1,무통장입금
ORD000579,2026-02-04 08:23:31,C01171,여,56,인천,전자기기,기계식키보드,1,90500,0.05,계좌이체
ORD004026,2025-01-29 14:39:33,C01395,남,39,전남,뷰티,립틴트,1,17800,0.3,계좌이체
ORD002771,2025-08-05 00:01:23,C00765,남,59,전남,패션,백팩,5,73900,0,신용카드
ORD000668,2026-06-28 19:33:38,C01568,남,55,대전,패션,셔츠,1,47400,0,계좌이체
ORD001455,2026-03-22 15:44:48,C00542,여,48,대구,전자기기,무선이어폰,3,76700,0,무통장입금
ORD003508,2026-08-31 00:19:47,C01117,남,28,부산,패션,운동화,3,102100,0,무통장입금
ORD001987,2025-05-27 18:08:25,C00668,남,54,부산,생활용품,텀블러,4,24700,0.1,계좌이체
ORD002254,2025-05-01 21:48:37,C00110,여,41,경남,패션,운동화,1,115600,0.3,간편결제
ORD003031,2025-10-06 18:20:12,C01071,남,61,경남,패션,셔츠,1,46400,0,간편결제
ORD003261,2026-03-08 12:28:07,C00478,남,55,경기,식품,원두커피,1,18300,0,간편결제
ORD002542,2026-01-13 09:49:19,C01070,여,38,부산,전자기기,보조배터리,1,37000,0,계좌이체
ORD002450,2026-01-25 15:04:07,C01405,남,43,인천,식품,견과세트,1,29100,0,계좌이체
ORD003265,2026-02-10 06:50:52,C01382,남,66,대구,생활용품,수납함,1,27100,0.05,신용카드
ORD001923,2026-03-17 01:39:32,C00695,남,35,전남,전자기기,무선이어폰,1,73100,0,신용카드
ORD000822,2026-05-26 15:49:45,C01320,남,50,인천,생활용품,수건세트,1,31200,0.1,계좌이체
ORD003930,2025-06-15 10:53:19,C00316,여,43,울산,식품,즉석밥24개,1,27600,0,무통장입금
ORD004632,2025-10-01 17:14:42,C01012,남,68,경기,뷰티,수분크림,1,31600,0.1,신용카드
ORD001339,2025-04-30 05:00:01,C01271,남,55,전남,식품,프로틴바,2,22600,0.15,체크카드
ORD000069,2025-03-02 21:01:26,C00943,남,49,서울,생활용품,무선청소기,1,191500,0.1,신용카드
ORD004866,2026-05-24 00:54:54,C00481,남,25,대전,패션,운동화,1,101800,0.2,간편결제
ORD004750,2025-06-27 16:42:09,C00519,여,19,서울,식품,즉석밥24개,1,28500,0,무통장입금
ORD004897,2025-07-25 06:46:51,C00551,남,59,전남,패션,셔츠,1,52300,0,간편결제
ORD000663,2025-05-14 01:31:53,C01117,여,30,광주,식품,견과세트,1,27700,0.3,체크카드
ORD003151,2026-08-09 18:13:33,C01307,남,62,울산,뷰티,선크림,1,23000,0.1,신용카드
ORD000840,2025-09-10 03:11:27,C01573,여,67,대구,식품,생수24개,1,11200,0,계좌이체
ORD001856,2026-01-15 04:35:42,C01333,여,55,경남,패션,후드티,1,54500,0.05,계좌이체
ORD004061,2026-05-16 22:05:22,C01519,남,52,울산,뷰티,샴푸,1,19700,0,무통장입금
ORD000306,2026-09-07 01:05:26,C00305,여,62,경기,전자기기,무선이어폰,1,76900,0.05,체크카드
ORD000039,2025-01-22 03:02:05,C01048,남,67,경남,패션,운동화,3,102000,0.15,계좌이체
ORD004266,2025-06-05 22:44:07,C00521,남,23,인천,패션,백팩,3,82300,0.1,체크카드
ORD000898,2025-07-21 17:05:12,C01394,남,69,대전,생활용품,전기포트,1,52800,0.1,간편결제
ORD003416,2025-10-09 20:16:11,C01079,남,67,전남,식품,즉석밥24개,1,25700,0.2,무통장입금
ORD000807,2025-03-16 18:44:47,C01061,남,23,울산,전자기기,기계식키보드,1,93400,0,신용카드
ORD004940,2026-02-19 11:06:44,C01051,여,50,광주,식품,견과세트,1,29200,0.15,무통장입금
ORD001869,2026-07-22 23:41:49,C01325,남,44,광주,뷰티,선크림,1,23600,0.15,계좌이체
ORD004538,2026-05-07 08:22:55,C00710,남,39,경기,생활용품,텀블러,1,24600,0,간편결제
ORD003125,2025-04-24 03:23:25,C00671,남,42,광주,전자기기,보조배터리,2,40900,0,신용카드
ORD000367,2025-02-19 12:26:42,C01352,남,48,인천,생활용품,수납함,2,29900,0.1,신용카드
ORD002171,2026-08-02 14:50:01,C01110,남,26,대전,식품,원두커피,2,18700,0,신용카드
ORD001629,2025-08-05 19:11:39,C00132,남,53,,전자기기,무선이어폰,1,84300,0.2,무통장입금
ORD003453,2026-08-14 12:27:40,C00307,남,36,대구,뷰티,수분크림,1,33900,0.05,체크카드
ORD004863,2025-04-27 02:35:44,C00411,여,39,부산,생활용품,수납함,3,26700,0.1,무통장입금
ORD003745,2025-07-01 16:55:23,C01308,남,47,광주,식품,원두커피,1,16900,0.05,계좌이체
ORD004126,2025-09-14 07:46:43,C00173,남,65,전남,패션,셔츠,2,50100,0.05,신용카드
ORD001283,2026-07-05 21:26:00,C00864,여,66,부산,뷰티,샴푸,1,20500,0,무통장입금
ORD002501,2026-04-05 21:56:41,C00169,여,55,서울,생활용품,무선청소기,1,184400,0.05,신용카드
ORD003081,2026-04-07 17:23:46,C00369,남,43,경남,식품,프로틴바,1,22900,0.1,간편결제
ORD000187,2026-04-21 15:39:47,C00137,여,22,울산,생활용품,무선청소기,3,185400,0.05,계좌이체
ORD004761,2026-05-13 18:39:15,C00242,여,36,대전,패션,셔츠,1,50700,0.1,체크카드
ORD003430,2025-04-16 22:43:17,C00805,여,42,광주,생활용품,텀블러,1,24200,0.2,무통장입금
ORD002076,2025-12-15 14:33:13,C01462,여,65,대전,식품,프로틴바,2,21700,0,신용카드
ORD004690,2025-10-22 07:45:58,C00369,남,31,부산,식품,즉석밥24개,1,27200,0.1,간편결제
ORD004786,2026-08-28 02:41:37,C00188,여,52,서울,패션,청바지,1,70200,0.1,계좌이체
ORD002002,2025-12-25 09:24:23,C01114,남,56,대전,생활용품,수납함,1,26400,0,신용카드
ORD000316,2026-04-04 06:47:14,C00776,여,33,부산,식품,즉석밥24개,3,28700,0.2,신용카드
ORD001891,2026-07-23 00:39:48,C01340,남,41,전남,생활용품,텀블러,5,25900,0.1,신용카드
ORD003249,2025-05-01 17:04:37,C01537,남,24,대구,식품,즉석밥24개,1,27600,0.3,
ORD004444,2026-09-16 08:26:55,C01370,여,60,경남,생활용품,수건세트,1,31600,0.1,계좌이체
ORD001592,2025-10-07 13:22:43,C00254,남,,인천,식품,프로틴바,1,21700,0.1,체크카드
ORD004766,2025-01-23 00:26:29,C00514,남,57,부산,생활용품,수납함,3,26900,0.1,간편결제
ORD001046,2026-08-15 05:44:00,C00887,여,26,광주,패션,셔츠,2,45800,0,신용카드
ORD003165,2025-01-20 08:32:12,C00017,여,24,광주,전자기기,무선이어폰,1,76800,0.05,계좌이체
ORD002798,2025-06-14 11:37:59,C01485,남,60,광주,전자기기,보조배터리,2,37000,0,무통장입금
ORD001099,2026-08-02 10:17:34,C01262,여,61,서울,패션,운동화,2,113200,0.1,무통장입금
ORD000543,2026-02-03 16:35:23,C01334,남,65,서울,뷰티,클렌징폼,2,15000,0,무통장입금
ORD000693,2026-05-27 21:55:49,C00456,남,45,경남,뷰티,수분크림,1,34000,0.1,계좌이체
ORD003915,2025-01-10 07:47:20,C00159,여,51,인천,뷰티,수분크림,2,33400,0.3,신용카드
ORD001270,2026-01-10 11:21:48,C00897,남,42,전남,전자기기,스마트워치,2,157800,0,신용카드
ORD000097,2025-03-09 20:51:53,C00264,남,38,경남,식품,원두커피,1,16800,0.3,계좌이체
ORD004710,2026-06-09 08:04:59,C00665,여,53,울산,뷰티,립틴트,3,18400,0,무통장입금
ORD003050,2025-02-20 05:39:10,C00901,여,69,대구,식품,견과세트,3,29600,0,계좌이체
ORD004089,2025-03-13 22:04:33,C00403,여,22,대구,뷰티,수분크림,2,30200,0.1,무통장입금
ORD003343,2025-11-21 11:57:10,C00122,남,30,대구,뷰티,샴푸,1,20700,0.1,신용카드
ORD002668,2026-01-26 16:55:17,C00772,여,37,경남,전자기기,블루투스스피커,1,69700,0,간편결제
ORD001401,2025-09-03 16:59:58,C01157,여,22,대구,뷰티,수분크림,2,33800,0,체크카드
ORD000452,2025-11-20 23:19:44,C00684,남,66,인천,뷰티,수분크림,2,31500,0.1,계좌이체
ORD002665,2026-07-04 18:23:07,C00414,여,30,경남,생활용품,수납함,1,26400,0,신용카드
ORD004183,2025-01-14 04:58:01,C01399,여,51,울산,식품,생수24개,1,11800,0.1,간편결제
ORD003395,2025-11-05 17:18:46,C01055,여,45,대구,생활용품,무선청소기,1,184700,0.1,무통장입금
ORD002147,2025-03-19 22:15:37,C01098,여,26,대구,식품,원두커피,1,18600,0,무통장입금
ORD004837,2025-01-12 13:28:44,C00355,남,19,대구,생활용품,전기포트,1,51900,0.1,무통장입금
ORD002575,2025-01-20 16:21:18,C01475,남,56,대전,패션,백팩,1,84300,0.2,무통장입금
ORD003806,2025-01-13 12:55:48,C00944,남,24,서울,뷰티,수분크림,1,31100,0,체크카드
ORD003798,2026-05-26 07:01:25,C00926,여,35,경남,뷰티,샴푸,2,21100,0,무통장입금
ORD004120,2025-03-13 07:55:11,C01555,남,63,광주,뷰티,클렌징폼,1,16800,0.2,신용카드
ORD000459,2025-12-28 11:35:27,C00607,남,58,대전,생활용품,무선청소기,1,174200,0.1,신용카드
ORD002755,2025-10-28 13:40:25,C00939,남,31,광주,뷰티,선크림,1,24900,0.15,무통장입금
ORD000656,2025-12-23 09:09:58,C00735,남,27,경남,패션,셔츠,1,46900,0.1,신용카드
ORD001754,2026-01-27 19:10:23,C01438,남,55,부산,식품,즉석밥24개,1,25600,0.05,무통장입금
ORD003562,2025-06-03 10:47:58,C00287,여,18,전남,전자기기,보조배터리,1,39500,0.05,계좌이체
ORD000485,2026-07-24 16:22:34,C00451,여,43,경기,뷰티,수분크림,1,31800,0.3,무통장입금
ORD001310,2026-07-09 08:55:27,C00599,남,56,광주,식품,원두커피,1,17400,0.15,체크카드
ORD001525,2025-05-15 11:10:57,C01445,여,40,인천,식품,생수24개,2,12900,0,체크카드
ORD000214,2025-09-13 04:11:34,C01035,여,63,대구,생활용품,텀블러,5,26300,0.05,간편결제
ORD000324,2025-04-16 02:20:15,C00092,남,24,경남,생활용품,수건세트,2,32000,0.2,무통장입금
ORD001552,2025-01-08 20:39:35,C00367,여,32,부산,식품,즉석밥24개,1,28100,0,간편결제
ORD001240,2025-04-13 06:58:14,C00768,여,29,서울,식품,원두커피,1,17300,0,체크카드
ORD001256,2026-05-13 00:22:43,C00151,여,27,부산,패션,청바지,2,70500,0,간편결제
ORD004927,2025-04-23 11:41:08,C00195,여,66,광주,뷰티,수분크림,1,30700,0.05,체크카드
ORD004405,2026-04-09 04:34:51,C00953,여,18,부산,생활용품,무선청소기,1,188900,0.1,계좌이체
ORD001009,2025-03-03 22:19:50,C00452,여,50,인천,생활용품,텀블러,1,23700,0.1,무통장입금
ORD001738,2025-06-14 07:04:52,C00269,여,64,부산,생활용품,무선청소기,1,195500,0,신용카드
ORD000658,2026-07-13 18:26:54,C01022,남,120,인천,식품,견과세트,1,27400,0,계좌이체
ORD002540,2025-03-02 04:13:13,C00541,남,21,광주,뷰티,샴푸,1,22100,0.1,무통장입금
ORD000642,2026-03-22 15:11:05,C00647,여,35,부산,생활용품,무선청소기,3,192600,0.15,신용카드
ORD001052,2026-02-09 23:26:22,C01597,남,31,인천,전자기기,스마트워치,2,157900,0,무통장입금
ORD002461,2025-02-22 11:07:23,C01329,,63,대전,생활용품,수납함,1,28700,0.05,간편결제
ORD003093,2026-01-27 20:49:37,C01043,여,53,서울,뷰티,선크림,1,23700,0.05,신용카드
ORD003696,2025-06-18 15:51:16,C00433,여,39,인천,생활용품,무선청소기,1,198300,0,무통장입금
ORD002813,2025-05-13 07:58:18,C00105,남,57,경기,패션,백팩,2,78600,0.05,신용카드
ORD000535,2026-08-17 20:58:12,C00567,남,26,울산,뷰티,수분크림,1,33100,0.05,체크카드
ORD002625,2025-06-05 13:12:20,C00691,남,48,인천,패션,셔츠,1,51800,0.15,무통장입금
ORD001659,2025-07-25 23:58:03,C00376,남,64,경기,뷰티,수분크림,2,32400,0.05,무통장입금
ORD003193,2025-11-15 07:52:45,C00785,남,31,경기,전자기기,보조배터리,3,39700,0,신용카드
ORD004440,2025-03-17 09:59:03,C00568,여,43,서울,생활용품,수납함,1,26300,0.2,간편결제
ORD002978,2026-04-16 21:05:24,C00515,여,46,서울,패션,후드티,1,59400,0.15,신용카드
ORD004400,2026-03-16 04:54:52,C01147,여,28,경남,전자기기,기계식키보드,1,85000,0,무통장입금
ORD004789,2025-08-28 14:37:36,C00395,여,39,대구,전자기기,보조배터리,5,37600,0.2,간편결제
ORD004301,2025-10-18 07:39:40,C00193,남,57,대전,생활용품,수건세트,1,33800,0.05,계좌이체
ORD003234,2025-12-23 06:37:30,C01477,여,22,대구,식품,견과세트,1,26800,0.1,체크카드
ORD004087,2026-03-02 17:31:11,C00297,여,50,울산,생활용품,무선청소기,1,175700,0.3,계좌이체
ORD001824,2026-08-03 06:10:22,C01191,남,30,경기,전자기기,무선이어폰,1,76500,0,계좌이체
ORD000941,2025-12-23 06:35:01,C01553,남,34,전남,전자기기,스마트워치,1,163700,0.15,계좌이체
ORD003275,2025-02-10 15:37:39,C00035,여,59,전남,생활용품,무선청소기,4,178400,0.05,신용카드
ORD004991,2025-03-12 06:11:56,C00156,남,18,,패션,후드티,4,57900,0.05,계좌이체
ORD000054,2026-02-24 07:50:31,C01225,여,59,대전,뷰티,클렌징폼,1,15600,0,무통장입금
ORD003138,2025-07-11 13:01:28,C01305,남,37,대전,생활용품,수납함,3,28600,0,체크카드
ORD004858,2025-12-21 23:58:10,C00096,남,19,대구,식품,즉석밥24개,1,25900,0,무통장입금
ORD002547,2026-08-03 23:23:40,C00962,여,21,광주,뷰티,샴푸,1,21700,0,간편결제
ORD000861,2026-01-28 15:03:43,C00595,여,53,인천,패션,운동화,3,107400,0.05,체크카드
ORD000098,2026-05-04 15:27:03,C00680,여,34,울산,뷰티,클렌징폼,1,16100,0,계좌이체
ORD003789,2026-05-18 02:48:51,C01462,남,34,경남,식품,프로틴바,1,20500,0.3,간편결제
ORD000725,2026-02-13 10:12:35,C01114,남,60,경남,뷰티,클렌징폼,2,17300,0,무통장입금
ORD000318,2025-12-23 21:48:08,C01016,여,46,전남,뷰티,샴푸,4,19600,0,신용카드
ORD004905,2025-12-25 21:20:32,C01396,남,37,서울,생활용품,전기포트,1,46700,0,무통장입금
ORD000500,2026-06-05 13:29:08,C01153,남,22,경남,전자기기,보조배터리,5,38400,0.15,신용카드
ORD003587,2025-05-06 17:06:00,C01202,여,46,광주,패션,백팩,2,77100,0.2,무통장입금
ORD004767,2025-09-05 03:45:00,C00645,여,29,전남,식품,즉석밥24개,1,25800,0.05,계좌이체
ORD004228,2025-03-12 00:07:49,C00042,여,55,경기,뷰티,립틴트,2,17100,0.2,무통장입금
ORD003884,2025-04-11 11:21:03,C01272,남,58,서울,생활용품,수납함,1,27600,0.3,간편결제
ORD001881,2026-06-28 21:45:42,C00301,남,43,부산,뷰티,클렌징폼,1,15000,0.1,신용카드
ORD000790,2025-09-23 00:23:42,C00438,남,27,광주,생활용품,수납함,1,25800,0.2,체크카드
ORD000377,2026-09-24 02:17:25,C01448,여,21,인천,생활용품,무선청소기,1,174500,0,신용카드
ORD002623,2026-03-12 23:38:34,C00789,여,46,부산,패션,청바지,1,64600,0.1,신용카드
ORD000374,2025-10-31 11:21:15,C01420,남,23,서울,전자기기,스마트워치,1,168400,0.1,무통장입금
ORD001256,2026-05-13 00:22:43,C00151,여,27,부산,패션,청바지,2,70500,0,간편결제
ORD001731,2026-05-27 23:29:11,C01387,남,50,대전,패션,후드티,2,60300,0.05,계좌이체
ORD001208,2026-01-10 23:32:48,C00811,여,66,대전,뷰티,샴푸,1,20100,0.2,신용카드
ORD001386,2026-02-20 09:04:07,C01453,여,51,울산,뷰티,수분크림,1,33500,0,체크카드
ORD002281,2025-03-11 21:53:28,C01381,남,28,울산,식품,프로틴바,1,21400,0,계좌이체
ORD003994,2026-06-17 15:33:21,C01485,여,57,광주,전자기기,블루투스스피커,2,65900,0,간편결제
ORD003743,2026-02-22 09:44:23,C01218,여,58,경남,패션,셔츠,1,49200,0,무통장입금
ORD003304,2025-07-06 05:25:52,C01585,여,33,경기,식품,프로틴바,4,23300,0.05,신용카드
ORD000729,2026-04-22 18:55:40,C00596,여,18,경기,패션,백팩,2,82700,0,계좌이체
ORD000724,2025-06-26 03:35:53,C01592,남,66,광주,전자기기,무선이어폰,1,74200,0.1,계좌이체
ORD004077,2026-07-17 23:09:18,C00681,여,30,서울,패션,청바지,2,68100,0.05,체크카드
ORD001598,2025-09-29 07:51:24,C00813,여,50,부산,생활용품,무선청소기,2,173900,0.1,신용카드
ORD003856,2025-03-31 16:46:08,C01182,남,57,경남,패션,백팩,2,81800,0,계좌이체
ORD003664,2025-05-13 16:48:11,C00543,남,42,전남,전자기기,스마트워치,1,146500,0,계좌이체
ORD001908,2026-09-23 12:35:47,C01261,여,55,부산,뷰티,선크림,3,25300,0.15,무통장입금
ORD003205,2026-03-13 14:18:30,C01090,여,53,울산,전자기기,기계식키보드,4,82400,0,신용카드
ORD002532,2025-05-19 07:32:45,C00451,여,40,광주,뷰티,선크림,1,23200,0.15,간편결제
ORD001565,2025-10-01 16:54:52,C00385,남,42,경기,뷰티,립틴트,1,16800,0,간편결제
ORD000457,2025-01-14 06:10:58,C00966,남,63,인천,생활용품,무선청소기,1,175800,0,무통장입금
ORD004487,2025-06-14 13:30:44,C01417,여,27,울산,생활용품,전기포트,1,46300,0.05,계좌이체
ORD004402,2025-07-28 18:03:20,C00972,남,48,경기,생활용품,텀블러,1,24900,0,간편결제
ORD001304,2026-07-06 00:00:00,C00431,여,30,대구,패션,운동화,1,107900,0.1,간편결제
ORD004804,2025-10-21 00:17:23,C01391,남,34,경남,전자기기,보조배터리,1,40900,0.15,간편결제
ORD000370,2025-03-16 07:56:54,C00124,남,38,서울,패션,청바지,1,65600,0.2,신용카드
ORD004803,2025-05-24 21:01:31,C00347,여,,부산,전자기기,블루투스스피커,4,66400,0.05,계좌이체
ORD000226,2025-10-19 20:51:45,C00186,여,21,광주,패션,청바지,2,71300,0,체크카드
ORD002543,2026-08-13 11:01:28,C01124,여,22,전남,생활용품,수납함,1,27000,0.15,간편결제
ORD001933,2026-02-28 14:42:00,C00050,여,63,울산,뷰티,수분크림,1,32300,0,간편결제
ORD002704,2025-04-10 05:39:03,C00139,남,39,인천,패션,셔츠,3,52500,0,무통장입금
ORD004302,2026-07-25 06:37:43,C00447,남,26,울산,식품,생수24개,1,12600,0.05,계좌이체
ORD000831,2026-04-23 07:57:52,C00373,남,22,경기,패션,셔츠,1,47200,0,계좌이체
ORD004230,2025-07-01 05:46:04,C01347,여,18,광주,뷰티,샴푸,1,19700,0,계좌이체
ORD003565,2026-04-04 14:23:46,C00638,여,45,서울,뷰티,수분크림,1,29500,0.1,무통장입금
ORD004353,2025-11-02 11:46:35,C00342,여,40,광주,전자기기,블루투스스피커,2,70600,0.05,체크카드
ORD000606,2025-11-26 16:47:03,C00941,남,59,경남,식품,생수24개,1,12000,0,계좌이체
ORD002143,2025-12-07 11:19:27,C00075,여,38,인천,뷰티,수분크림,1,31400,0,무통장입금
ORD000596,2026-02-05 18:51:32,C01342,남,35,대전,생활용품,전기포트,1,52400,0.1,무통장입금
ORD003199,2026-08-24 11:59:55,C00505,여,51,울산,생활용품,전기포트,1,49600,0,체크카드
ORD002757,2026-08-12 17:16:21,C01031,남,19,경기,전자기기,무선이어폰,3,84000,0,계좌이체
ORD000803,2025-05-26 04:05:58,C01101,여,63,경남,전자기기,기계식키보드,1,87500,0,계좌이체
ORD002817,2025-06-21 06:19:38,C00117,남,62,울산,식품,즉석밥24개,3,26800,0.2,무통장입금
ORD001992,2026-07-05 20:16:51,C01479,여,19,울산,생활용품,수납함,1,26400,0.3,계좌이체
ORD002180,2026-02-12 03:18:59,C01276,남,49,전남,전자기기,보조배터리,1,41200,0.05,계좌이체
ORD001291,2026-07-10 13:20:24,C01006,남,47,경기,뷰티,립틴트,1,19100,0,계좌이체
ORD003179,2025-04-30 21:30:26,C00725,여,67,광주,패션,백팩,2,73000,0.2,신용카드
ORD001551,2026-01-12 20:54:04,C00929,남,60,인천,식품,프로틴바,1,22800,0.1,체크카드
ORD004729,2026-04-18 01:16:20,C01253,여,44,대전,생활용품,전기포트,5,47200,0.1,간편결제
ORD002961,2026-02-02 08:18:13,C01170,남,20,대구,패션,청바지,2,64000,0.05,계좌이체
ORD004753,2025-02-11 19:17:22,C01356,남,30,대전,식품,생수24개,1,11400,0.05,계좌이체
ORD002208,2026-01-04 20:45:53,C00209,남,52,대전,패션,백팩,2,80800,0.05,계좌이체
ORD002676,2026-04-30 16:23:43,C00954,남,46,경기,패션,백팩,2,81100,0,신용카드
ORD002112,2025-07-07 10:40:30,C00957,여,41,전남,전자기기,스마트워치,1,164500,0.15,계좌이체
ORD000258,2025-05-24 05:40:21,C00833,남,61,서울,생활용품,수납함,1,30200,0,계좌이체
ORD003378,2025-03-16 02:46:34,C00035,남,44,울산,식품,생수24개,1,11500,0,간편결제
ORD000224,2026-05-18 03:52:23,C00915,여,,경남,뷰티,클렌징폼,1,16600,0.1,신용카드
ORD004019,2025-10-27 23:29:47,C00915,여,49,대전,식품,즉석밥24개,1,26800,0.1,신용카드
ORD000983,2025-07-15 09:25:29,C01223,여,32,대구,뷰티,립틴트,1,18300,0.05,계좌이체
ORD000020,2025-02-17 01:23:39,C00742,남,28,인천,식품,원두커피,3,18300,0.1,무통장입금
ORD002486,2026-06-08 21:26:48,C01225,여,61,대전,식품,생수24개,2,12100,0,체크카드
ORD004319,2025-05-03 07:28:25,C00723,여,56,서울,뷰티,선크림,1,24300,0.1,체크카드
ORD001942,2025-05-09 08:20:47,C00862,남,34,광주,전자기기,스마트워치,1,152800,0.1,무통장입금
ORD003300,2025-11-06 04:30:55,C00623,여,44,대구,뷰티,클렌징폼,1,15600,0.05,계좌이체
ORD000554,2025-01-15 21:34:30,C00281,여,64,대전,전자기기,무선이어폰,1,82700,0,무통장입금
ORD004332,2026-07-17 10:07:26,C00991,여,63,대전,생활용품,무선청소기,1,176800,0.1,계좌이체
ORD001454,2026-02-04 19:44:53,C00150,남,62,서울,생활용품,무선청소기,3,196900,0.3,간편결제
ORD004960,2025-06-10 10:09:03,C00115,남,,부산,생활용품,텀블러,1,25700,0.1,계좌이체
ORD003084,2026-09-25 16:56:30,C00350,남,38,경기,식품,즉석밥24개,1,27300,0.1,계좌이체
ORD000708,2025-07-10 17:02:16,C00985,여,32,울산,생활용품,무선청소기,1,175800,0.1,간편결제
ORD002101,2026-09-25 14:42:43,C01154,남,68,인천,전자기기,스마트워치,1,164600,0.2,계좌이체
ORD002257,2025-11-18 20:51:50,C00726,여,28,대전,식품,즉석밥24개,1,27400,0.3,계좌이체
ORD000332,2026-09-17 02:42:58,C00009,여,28,광주,패션,후드티,1,57000,0.1,간편결제
ORD000372,2026-06-10 19:33:30,C00946,여,60,경남,생활용품,무선청소기,2,194000,0,신용카드
ORD003319,2025-08-07 04:51:59,C00460,여,57,서울,뷰티,수분크림,1,30000,0.15,간편결제
ORD003595,2026-04-28 04:45:57,C00034,여,68,경기,식품,원두커피,1,17400,0,계좌이체
ORD001862,2025-05-18 11:21:14,C01008,남,47,인천,전자기기,기계식키보드,2,90100,0,계좌이체
ORD000237,2026-03-28 16:46:30,C00174,남,,서울,패션,후드티,1,60700,0.1,계좌이체
ORD004832,2025-12-14 22:35:57,C01453,남,51,광주,식품,즉석밥24개,4,28300,0.1,계좌이체
ORD001977,2026-06-28 08:43:53,C01223,남,49,대구,생활용품,무선청소기,4,175900,0.1,무통장입금
ORD001373,2025-02-13 05:56:09,C00025,남,56,전남,뷰티,클렌징폼,2,17100,0.2,무통장입금
ORD004067,2026-03-01 22:37:29,C00957,남,22,대전,전자기기,기계식키보드,2,82900,0,간편결제
ORD001112,2026-04-07 15:39:21,C00648,여,49,부산,식품,즉석밥24개,1,24900,0.15,간편결제
ORD004501,2025-04-30 10:40:25,C01039,남,47,서울,전자기기,보조배터리,2,39500,0.3,신용카드
ORD001982,2025-12-07 19:20:56,C01219,남,53,경남,패션,셔츠,4,46500,0.2,계좌이체
ORD004886,2025-03-04 18:03:11,C00902,여,68,서울,생활용품,무선청소기,1,185500,0.1,계좌이체
ORD003883,2026-01-07 10:48:00,C00790,남,42,서울,뷰티,립틴트,1,18000,0.1,무통장입금
ORD002406,2025-09-17 02:44:27,C01224,남,44,울산,뷰티,선크림,1,22800,0.1,간편결제
ORD001888,2025-03-31 02:12:58,C00518,남,57,광주,뷰티,립틴트,2,18300,0.1,간편결제
ORD002013,2026-05-22 20:29:40,C01368,남,48,울산,패션,셔츠,1,47300,0.1,무통장입금
ORD000326,2025-06-22 13:04:21,C01489,남,37,대구,패션,셔츠,1,52800,0.1,간편결제
ORD004646,2025-10-03 10:31:41,C01051,남,31,서울,식품,생수24개,4,12400,0.3,계좌이체
ORD001559,2025-11-30 06:59:33,C00396,여,26,광주,패션,셔츠,1,52300,0.1,체크카드
ORD000139,2025-05-28 07:59:24,C01353,남,59,전남,전자기기,기계식키보드,1,92000,0.05,무통장입금
ORD001707,2026-07-03 00:18:02,C00906,여,41,광주,전자기기,보조배터리,3,38200,0.1,계좌이체
ORD000798,2025-03-20 09:52:53,C01404,남,28,경기,전자기기,기계식키보드,1,84400,0.05,간편결제
ORD000650,2025-07-19 14:59:08,C00618,여,19,경남,생활용품,무선청소기,5,180000,0,체크카드
ORD002279,2026-06-20 09:41:01,C01496,여,60,부산,전자기기,블루투스스피커,1,69000,0,간편결제
ORD000011,2026-07-04 16:24:15,C00964,남,69,광주,생활용품,수납함,2,29100,0,무통장입금
ORD003569,2025-07-31 00:36:35,C01057,여,49,경남,뷰티,수분크림,1,32700,0.05,체크카드
ORD001042,2025-11-16 13:52:00,C01517,여,55,부산,뷰티,수분크림,4,32800,0.3,간편결제
ORD000906,2025-09-12 11:09:47,C00075,남,67,부산,패션,운동화,1,105000,0.1,계좌이체
ORD000295,2026-09-20 19:12:24,C01358,남,50,울산,전자기기,기계식키보드,3,82000,0,무통장입금
ORD000814,2025-07-13 06:28:17,C01505,여,26,서울,생활용품,수납함,1,28000,0.15,간편결제
ORD004081,2026-05-21 20:38:48,C00827,남,65,대전,전자기기,무선이어폰,5,74500,0.3,계좌이체
ORD000484,2025-08-12 22:38:22,C01511,남,47,경기,패션,셔츠,2,45600,0,간편결제
ORD000534,2025-09-27 23:03:32,C01424,남,61,울산,전자기기,무선이어폰,2,75700,0,체크카드
ORD001851,2025-04-12 14:00:59,C00228,남,69,대구,생활용품,텀블러,1,26900,0.1,무통장입금
ORD003581,2025-03-28 00:21:22,C00546,남,33,서울,생활용품,수납함,1,26900,0,신용카드
ORD000698,2025-02-19 17:56:05,C00149,여,21,대전,패션,셔츠,2,48500,0.1,간편결제
ORD003690,2026-03-15 17:18:27,C00190,여,63,경기,생활용품,무선청소기,1,198800,0.05,신용카드
ORD003181,2025-06-20 02:39:50,C01477,여,60,울산,패션,셔츠,2,52400,0,계좌이체
ORD004599,2025-07-30 04:50:15,C00977,여,35,경남,패션,후드티,1,59600,0.1,계좌이체
ORD004605,2025-10-31 03:09:51,C00790,남,27,인천,전자기기,무선이어폰,2,80100,0.05,계좌이체
ORD004995,2026-02-12 16:39:37,C01271,남,66,경기,생활용품,전기포트,3,49500,0.1,신용카드
ORD004102,2025-11-13 17:18:01,C00689,여,20,경기,생활용품,수건세트,1,32900,0,계좌이체
ORD004893,2025-03-25 23:41:53,C00086,여,67,경기,생활용품,수건세트,1,32700,0.3,계좌이체
ORD003335,2025-09-09 21:13:07,C01104,남,47,인천,뷰티,선크림,1,25600,0.1,간편결제
ORD002325,2025-05-02 10:59:56,C00172,여,63,서울,생활용품,수납함,3,29500,0,체크카드
ORD002706,2025-08-05 11:30:37,C00512,여,22,전남,생활용품,무선청소기,1,189400,0.1,체크카드
ORD002053,2026-04-08 08:13:31,C01515,여,69,대구,뷰티,선크림,1,22500,0,신용카드
ORD001979,2025-09-16 16:54:26,C01479,남,35,서울,전자기기,무선이어폰,1,76800,0.1,무통장입금
ORD001221,2025-10-15 08:44:48,C01255,남,43,서울,패션,운동화,1,117400,0,신용카드
ORD003924,2026-05-25 18:10:39,C00911,남,31,인천,생활용품,수납함,2,28200,0.15,간편결제
ORD001182,2025-01-28 20:48:00,C01534,여,21,부산,뷰티,립틴트,1,19200,0,체크카드
ORD000628,2025-12-03 22:21:20,C00305,여,25,광주,뷰티,립틴트,3,16700,0,간편결제
ORD002769,2026-06-09 21:56:33,C01370,여,37,대전,패션,셔츠,1,50500,0.2,신용카드
ORD004565,2026-07-14 15:36:42,C00109,여,53,부산,패션,백팩,5,75100,0.15,신용카드
ORD000317,2025-09-28 16:38:45,C00099,남,50,전남,생활용품,텀블러,2,24700,0.1,신용카드
ORD002375,2025-08-23 13:40:56,C00403,남,23,대전,패션,운동화,4,100400,0.05,계좌이체
ORD003480,2026-06-03 14:14:18,C00063,여,69,부산,생활용품,무선청소기,2,186700,0.05,신용카드
ORD003497,2026-07-17 12:45:22,C00011,남,27,서울,뷰티,립틴트,1,19100,0.1,계좌이체
ORD001968,2026-06-08 17:43:35,C00253,남,25,부산,패션,운동화,2,113200,0.1,체크카드
ORD002277,2026-07-12 23:25:24,C00727,남,44,인천,뷰티,샴푸,2,20800,0,체크카드
ORD000082,2026-07-30 06:57:18,C00448,여,57,대구,생활용품,수납함,1,27500,0.05,무통장입금
ORD000695,2025-11-16 23:33:29,C01539,여,49,전남,뷰티,수분크림,1,29500,0.1,무통장입금
ORD004360,2025-09-20 11:37:12,C01063,여,37,인천,생활용품,수납함,1,29100,0.3,체크카드
ORD003963,2026-06-09 07:46:21,C00813,여,57,대구,패션,청바지,2,74100,0.1,계좌이체
ORD004857,2026-08-21 11:09:51,C01229,남,40,경기,생활용품,수건세트,2,31100,0.3,신용카드
ORD002347,2026-08-04 12:15:03,C01205,여,54,전남,생활용품,수납함,1,29100,0,간편결제
ORD000547,2025-05-23 17:21:58,C00770,남,53,울산,생활용품,전기포트,1,51500,0.15,간편결제
ORD002804,2025-02-10 16:27:54,C00620,여,64,울산,전자기기,보조배터리,2,39800,0.1,계좌이체
ORD004127,2025-03-21 22:38:01,C01580,여,30,광주,전자기기,무선이어폰,2,80300,0,간편결제
ORD002879,2026-09-19 15:34:32,C00756,여,25,울산,패션,셔츠,1,46900,0,간편결제
ORD002559,2025-06-21 08:39:55,C00182,남,69,광주,패션,셔츠,3,52000,0,체크카드
ORD003742,2026-09-06 20:19:20,C00241,남,31,광주,전자기기,스마트워치,2,165200,0.05,신용카드
ORD001855,2026-09-29 05:00:08,C00472,여,42,대구,생활용품,전기포트,2,47200,0.1,계좌이체
ORD003329,2025-04-30 13:32:04,C00910,남,39,울산,패션,후드티,5,60000,0,체크카드
ORD001257,2026-04-06 21:49:56,C01401,남,56,대구,생활용품,수납함,4,28900,0.1,체크카드
ORD000253,2025-01-08 02:00:03,C00752,여,46,인천,식품,즉석밥24개,1,25000,0.15,체크카드
ORD001157,2025-06-16 08:24:30,C01558,여,52,대구,전자기기,무선이어폰,3,82400,0.1,체크카드
ORD001128,2026-03-28 16:14:37,C00615,남,67,서울,뷰티,선크림,2,24300,0.15,무통장입금
ORD000206,2025-03-07 04:38:40,C00319,남,59,대전,패션,셔츠,1,45100,0.1,체크카드
ORD001161,2025-12-07 07:27:01,C01341,여,57,전남,식품,생수24개,1,11100,0,체크카드
ORD003229,2025-05-07 14:22:45,C00821,남,18,경남,생활용품,텀블러,3,26200,0,신용카드
ORD002840,2025-04-22 11:24:44,C00547,여,19,울산,전자기기,블루투스스피커,4,68100,0.1,계좌이체
ORD004967,2026-03-04 19:55:22,C00523,남,24,경남,전자기기,무선이어폰,2,80800,0,신용카드
ORD002534,2026-07-02 05:11:16,C01476,남,65,대구,전자기기,블루투스스피커,2,64700,0,신용카드
ORD001983,2026-08-12 11:06:39,C00142,남,39,울산,전자기기,무선이어폰,1,84600,0.1,간편결제
ORD003466,2025-03-03 00:31:49,C01160,여,61,경남,뷰티,립틴트,4,18700,0,체크카드
ORD000716,2026-04-23 02:36:21,C01005,남,49,전남,식품,견과세트,1,30600,0.2,무통장입금
ORD003431,2026-05-08 16:49:34,C00351,여,43,대전,패션,운동화,1,104700,0.1,체크카드
ORD000344,2025-11-11 15:54:51,C00745,남,29,인천,패션,후드티,2,56200,0,신용카드
ORD001805,2026-03-08 03:58:43,C00325,남,36,부산,전자기기,스마트워치,1,170500,0.1,신용카드
ORD001927,2026-07-18 19:52:14,C00574,남,34,울산,전자기기,보조배터리,1,40000,0.3,신용카드
ORD000271,2025-03-18 03:44:43,C01492,여,22,서울,패션,청바지,4,74000,0,무통장입금
ORD003739,2025-07-19 22:02:42,C00466,여,25,전남,뷰티,선크림,1,24700,0.2,체크카드
ORD000075,2025-09-12 00:00:28,C01361,남,67,울산,뷰티,립틴트,1,18100,0.3,계좌이체
ORD002086,2025-11-30 03:08:26,C00061,여,62,광주,식품,생수24개,1,11400,0,간편결제
ORD002611,2025-06-08 22:52:33,C01531,여,39,부산,전자기기,무선이어폰,3,81600,0.3,간편결제
ORD003374,2026-07-12 11:48:56,C00513,남,27,대구,뷰티,립틴트,1,18400,0.15,계좌이체
ORD002563,2025-11-02 13:59:00,C01478,남,56,경기,전자기기,보조배터리,2,38500,0.1,무통장입금
ORD000497,2025-08-08 06:04:01,C01473,여,65,대구,식품,생수24개,1,11500,0.2,신용카드
ORD000823,2025-10-30 01:47:06,C00655,여,40,대전,식품,생수24개,1,12000,0.1,계좌이체
ORD000120,2026-05-17 12:22:55,C00652,여,53,울산,전자기기,스마트워치,2,155400,0,신용카드
ORD001378,2025-12-15 19:44:57,C01555,여,69,부산,전자기기,블루투스스피커,3,64800,0,체크카드
ORD002503,2026-01-12 05:32:29,C00400,여,68,대전,식품,견과세트,1,26700,0.1,간편결제
ORD002209,2026-01-04 01:58:41,C00652,남,47,경남,뷰티,샴푸,2,22100,0.05,체크카드
ORD001472,2025-05-15 14:14:56,C00515,남,61,대전,전자기기,무선이어폰,1,81900,0,간편결제
ORD004458,2025-03-19 03:30:18,C00898,여,38,부산,뷰티,립틴트,1,18000,0.3,체크카드
ORD001134,2025-07-22 16:17:32,C00093,남,67,울산,패션,운동화,2,104800,0.1,계좌이체
ORD003891,2026-05-30 16:10:09,C00854,여,69,경기,식품,즉석밥24개,1,26900,0.1,체크카드
ORD000915,2026-08-01 16:09:43,C01309,남,62,대전,뷰티,선크림,2,22600,0.1,무통장입금
ORD003157,2025-10-06 17:21:16,C00376,남,45,대전,패션,백팩,1,75000,0.1,간편결제
ORD004024,2026-07-29 10:36:26,C00356,여,68,광주,식품,즉석밥24개,1,27700,0.15,무통장입금
ORD000546,2025-03-29 07:08:01,C01376,여,69,경남,식품,프로틴바,2,23200,0.05,체크카드
ORD004186,2025-03-28 06:10:55,C01471,남,38,서울,패션,후드티,2,59400,0.05,계좌이체
ORD000019,2025-11-18 16:49:37,C00325,남,42,경남,뷰티,립틴트,2,16700,0.05,체크카드
ORD003823,2025-05-01 12:48:55,C01431,여,18,광주,패션,청바지,1,70000,0.15,신용카드
ORD002314,2026-04-12 15:12:01,C01062,남,48,인천,뷰티,클렌징폼,1,16500,0.1,계좌이체
ORD000809,2025-09-22 01:14:24,C00686,여,46,광주,식품,견과세트,3,29500,0,간편결제
ORD000178,2026-08-06 23:56:09,C00876,남,43,대구,식품,원두커피,1,17100,0.3,간편결제
ORD000586,2026-01-23 10:36:03,C01498,남,32,대구,식품,프로틴바,3,22300,0.1,간편결제
ORD003350,2025-05-07 19:38:43,C00358,남,43,전남,식품,생수24개,1,11900,0,
ORD004142,2025-12-07 05:55:31,C01253,남,51,부산,뷰티,샴푸,1,20100,0,신용카드
ORD000551,2025-01-23 13:45:17,C00318,남,135,인천,뷰티,립틴트,1,19200,0,계좌이체
ORD003531,2026-09-15 23:02:28,C00125,여,44,전남,식품,생수24개,1,12000,0,계좌이체
ORD003136,2026-06-26 18:53:00,C00478,여,65,울산,패션,운동화,1,116400,0.1,간편결제
ORD001515,2025-05-20 20:45:47,C01459,여,46,부산,생활용품,전기포트,1,45300,0.3,체크카드
ORD001680,2025-04-22 10:16:52,C01409,남,68,경남,뷰티,립틴트,2,19300,0.1,간편결제
ORD003262,2025-07-06 01:19:38,C01431,여,30,울산,생활용품,전기포트,2,51700,0.3,신용카드
ORD003982,2025-02-27 07:24:42,C00964,여,54,인천,뷰티,선크림,1,24300,0.15,신용카드
ORD002134,2025-11-30 16:12:19,C01076,남,39,서울,생활용품,텀블러,2,26000,0.15,무통장입금
ORD002678,2025-08-05 22:11:53,C00795,남,45,울산,생활용품,무선청소기,1,182000,0,체크카드
ORD001814,2025-05-06 21:23:27,C01021,여,33,인천,생활용품,텀블러,2,24000,0,계좌이체
ORD002361,2025-07-14 13:29:23,C01258,여,52,인천,생활용품,전기포트,2,48700,0.2,체크카드
ORD004095,2026-08-09 11:09:43,C01379,여,35,전남,생활용품,수건세트,1,33800,0,무통장입금
ORD004752,2025-07-07 03:56:35,C00425,여,51,서울,뷰티,샴푸,1,19600,0,체크카드
ORD000806,2026-03-26 13:21:45,C00360,남,48,인천,뷰티,선크림,3,25700,0.05,체크카드
ORD001745,2026-07-23 07:07:36,C00858,여,48,광주,뷰티,클렌징폼,2,14900,0.05,간편결제
ORD003160,2025-06-09 23:42:58,C00461,여,20,경남,식품,프로틴바,1,22500,0,신용카드
ORD000048,2025-09-06 15:20:59,C01542,여,56,광주,패션,셔츠,4,50000,0.2,무통장입금
ORD002335,2026-09-16 16:15:35,C00267,여,52,전남,생활용품,전기포트,1,51900,0,간편결제
ORD004475,2025-04-11 07:39:33,C01093,여,48,인천,생활용품,무선청소기,2,192800,0.1,신용카드
ORD002574,2026-07-01 05:42:38,C01519,여,65,대전,생활용품,전기포트,1,52300,0.1,무통장입금
ORD001272,2025-05-14 09:30:02,C00456,여,45,서울,뷰티,수분크림,50,33900,0.05,신용카드
ORD004427,2025-03-17 06:33:19,C01227,남,27,경기,식품,견과세트,1,31000,0.1,계좌이체
ORD003764,2026-09-05 01:59:48,C00694,여,35,광주,생활용품,수납함,4,27000,0.15,무통장입금
ORD000715,2026-06-24 12:43:41,C01167,남,52,대구,전자기기,스마트워치,1,160500,0.05,체크카드
ORD003974,2025-12-16 08:36:30,C00050,여,40,경기,생활용품,텀블러,2,23300,0.15,간편결제
ORD001320,2025-02-09 15:45:53,C01556,여,25,경기,뷰티,선크림,1,25000,0.1,체크카드
ORD003157,2025-10-06 17:21:16,C00376,남,45,대전,패션,백팩,1,75000,0.1,간편결제
ORD003644,2026-02-14 02:47:06,C00760,남,50,서울,생활용품,텀블러,2,25100,0,간편결제
ORD001188,2026-07-25 14:05:20,C01196,여,36,대구,식품,견과세트,1,27700,0,신용카드
ORD002600,2026-01-15 15:19:04,C00634,여,38,경남,식품,프로틴바,3,23200,0,계좌이체
ORD003067,2026-01-01 14:52:12,C00467,여,46,경남,뷰티,선크림,3,25000,0.1,신용카드
ORD002915,2026-01-17 21:00:39,C00414,여,28,부산,생활용품,수납함,1,30200,0.1,간편결제
ORD003769,2025-10-14 00:41:05,C01356,여,26,광주,전자기기,무선이어폰,1,82400,0,간편결제
ORD003288,2026-07-13 11:26:29,C01349,여,25,대구,전자기기,보조배터리,2,41300,0.15,간편결제
ORD001756,2026-01-05 17:27:32,C01013,남,36,인천,패션,후드티,3,57100,0.05,계좌이체
ORD003716,2025-11-03 08:28:06,C01134,남,24,부산,패션,운동화,1,100600,0.1,체크카드
ORD000047,2025-03-18 03:35:32,C01082,남,26,대구,생활용품,수건세트,1,30300,0.05,무통장입금
ORD004275,2026-05-19 02:55:47,C01271,여,59,서울,생활용품,수납함,1,26800,0,체크카드
ORD004771,2025-02-14 09:39:14,C00670,남,26,전남,식품,즉석밥24개,3,25400,0.2,체크카드
ORD002610,2026-05-18 17:49:01,C00107,남,45,전남,패션,청바지,1,74000,0.05,무통장입금
ORD000963,2026-07-21 21:23:39,C00573,여,66,전남,식품,견과세트,1,31000,0,신용카드
ORD004216,2026-05-08 11:19:58,C00772,여,21,인천,전자기기,보조배터리,1,36100,0.3,신용카드
ORD001261,2026-02-17 12:26:42,C01173,여,22,인천,패션,운동화,1,108400,0.1,간편결제
ORD004351,2025-08-15 02:12:48,C00161,여,40,인천,식품,견과세트,1,26900,0,무통장입금
ORD002810,2025-04-26 16:15:21,C00507,여,55,인천,뷰티,샴푸,2,20700,0.15,계좌이체
ORD000003,2026-02-18 22:56:35,C00826,남,22,부산,생활용품,텀블러,2,26700,0.15,신용카드
ORD001625,2025-04-29 18:00:31,C00431,남,65,광주,전자기기,무선이어폰,1,78300,0.2,무통장입금
ORD002205,2026-07-29 08:23:57,C00957,여,38,인천,식품,원두커피,1,18000,0.1,계좌이체
ORD000536,2026-05-02 14:49:13,C01252,남,34,경기,전자기기,무선이어폰,3,82400,0.2,무통장입금
ORD000937,2026-07-29 21:44:54,C01170,여,47,경남,뷰티,선크림,2,25700,0.3,신용카드
ORD003452,2025-10-19 05:29:23,C00921,남,28,경남,식품,생수24개,1,11900,0.1,계좌이체
ORD002262,2026-09-09 09:21:13,C01414,남,34,서울,패션,후드티,3,55100,0.1,간편결제
ORD001073,2026-08-20 03:18:20,C01346,남,51,부산,뷰티,립틴트,2,17300,0.3,체크카드
ORD004806,2026-06-26 21:08:28,C00959,남,61,울산,전자기기,기계식키보드,2,92100,0.1,무통장입금
ORD004833,2026-07-15 00:59:11,C00872,여,67,경남,패션,운동화,2,113800,0.1,체크카드
ORD004298,2025-08-13 01:07:54,C00931,남,39,전남,뷰티,수분크림,1,30400,0,체크카드
ORD003137,2026-08-28 23:33:54,C00821,여,57,,전자기기,무선이어폰,1,78900,0,계좌이체
ORD002039,2026-04-04 07:11:29,C01378,남,41,광주,식품,견과세트,2,29100,0.1,계좌이체
ORD001643,2026-07-18 01:13:16,C00513,여,24,울산,뷰티,립틴트,1,16900,0,무통장입금
ORD000671,2026-08-18 00:07:23,C01039,여,64,인천,전자기기,보조배터리,2,41200,0,신용카드
ORD004438,2026-01-28 18:42:58,C01431,남,20,전남,식품,생수24개,1,12900,0,무통장입금
ORD003643,2025-07-21 04:12:13,C01225,,59,울산,식품,프로틴바,2,21100,0.05,계좌이체
ORD001031,2026-05-07 11:58:29,C00387,여,59,전남,전자기기,스마트워치,3,148800,0.15,신용카드
ORD003795,2025-12-12 09:44:10,C00073,여,25,대전,패션,청바지,2,67400,0.1,간편결제
ORD000623,2025-07-03 00:40:49,C01368,남,55,전남,전자기기,블루투스스피커,2,66300,0,체크카드
ORD004297,2026-08-06 12:57:22,C00726,여,27,경기,생활용품,전기포트,1,48700,0,간편결제
ORD004941,2026-03-26 01:46:12,C00291,여,38,대구,생활용품,수납함,1,26300,0.3,계좌이체
ORD003897,2025-09-08 14:28:07,C00392,여,43,대구,뷰티,선크림,1,22500,0.1,체크카드
ORD004448,2026-08-06 11:23:40,C00784,여,19,경기,전자기기,무선이어폰,1,80200,0.3,무통장입금
ORD000679,2025-12-11 08:19:33,C00013,여,63,경기,생활용품,무선청소기,1,185800,0,무통장입금
ORD003533,2026-05-16 02:07:53,C00553,여,35,인천,생활용품,전기포트,4,51900,0,체크카드
ORD001786,2025-11-21 17:18:18,C00180,남,22,울산,식품,생수24개,1,12600,0,체크카드
ORD000333,2025-10-29 04:37:39,C01503,여,43,울산,전자기기,보조배터리,1,37700,0,체크카드
ORD002592,2026-05-30 18:56:27,C00311,여,43,인천,패션,셔츠,1,51200,0.1,체크카드
ORD004503,2025-03-26 04:05:36,C00891,여,26,울산,패션,운동화,2,113600,0.3,계좌이체
ORD002508,2025-02-26 02:10:40,C01250,여,59,부산,전자기기,스마트워치,2,157900,0.05,체크카드
ORD003493,2025-11-05 11:31:24,C00800,남,22,경기,뷰티,선크림,3,23400,0.1,계좌이체
ORD000363,2026-01-14 19:33:03,C00515,여,68,대구,패션,운동화,2,108200,0.1,간편결제
ORD004835,2025-01-03 17:31:17,C00502,남,53,대구,패션,운동화,1,115000,0,신용카드
ORD004410,2025-07-20 12:47:38,C00102,여,23,부산,식품,프로틴바,1,20500,0.05,체크카드
ORD003021,2026-05-01 17:20:16,C01363,여,29,경남,패션,셔츠,1,50700,0.2,간편결제
ORD004862,2026-08-19 12:27:01,C00717,남,45,경남,식품,원두커피,1,16600,0.2,신용카드
ORD000560,2026-04-12 03:45:28,C00692,여,47,대전,생활용품,수납함,2,29800,0.1,신용카드
ORD001327,2026-03-31 23:21:48,C00127,남,36,서울,식품,견과세트,1,30800,0,간편결제
ORD004415,2026-08-22 05:53:11,C00912,여,21,울산,뷰티,립틴트,2,17800,0,체크카드
ORD002761,2025-12-24 21:06:13,C01372,여,30,인천,생활용품,텀블러,4,24300,0.1,신용카드
ORD000314,2026-01-27 11:22:27,C00716,남,43,광주,전자기기,무선이어폰,1,77500,0,계좌이체
ORD001014,2026-08-20 22:27:31,C00174,남,63,경남,뷰티,샴푸,4,19600,0.3,계좌이체
ORD004399,2026-08-02 20:24:49,C00205,남,36,대전,뷰티,선크림,4,24700,0,간편결제
ORD000999,2025-08-19 12:38:24,C00745,여,31,울산,식품,생수24개,1,11100,0.15,무통장입금
ORD001775,2025-04-01 17:13:02,C00790,여,41,서울,전자기기,스마트워치,1,170900,0,신용카드
ORD003231,2025-06-26 20:55:16,C00677,여,47,대구,패션,청바지,1,71500,0.2,체크카드
ORD001316,2025-08-13 20:39:27,C01145,여,63,울산,식품,원두커피,1,18400,0.15,계좌이체
ORD003035,2025-03-29 01:10:06,C01108,남,24,울산,생활용품,텀블러,1,26200,0,체크카드
ORD000562,2025-09-05 22:16:43,C00819,여,61,광주,생활용품,전기포트,1,50500,0,계좌이체
ORD003485,2026-09-27 16:10:41,C01290,여,56,인천,전자기기,무선이어폰,1,74800,0,무통장입금
ORD001532,2025-03-24 00:14:31,C00285,여,60,경남,전자기기,기계식키보드,2,83500,0.2,간편결제
ORD001860,2025-10-13 02:29:23,C00284,여,55,대전,패션,운동화,1,116700,0,체크카드
ORD001604,2026-02-11 12:43:52,C00167,여,48,전남,전자기기,무선이어폰,1,77700,0,신용카드
ORD000987,2025-07-14 16:50:33,C01084,여,42,경남,전자기기,블루투스스피커,1,64200,0.05,신용카드
ORD003629,2025-05-29 23:34:12,C01330,남,35,부산,전자기기,기계식키보드,4,91700,0.2,신용카드
ORD004100,2025-12-10 07:07:06,C00578,여,46,광주,패션,셔츠,2,51000,0.1,무통장입금
ORD003424,2025-07-17 22:07:06,C00661,남,28,서울,생활용품,수납함,1,26400,0.15,체크카드
ORD000205,2026-06-30 05:31:43,C00412,,32,경기,뷰티,클렌징폼,2,16000,0.2,계좌이체
ORD001418,2026-07-12 19:20:27,C01179,남,36,서울,패션,후드티,1,63100,0,간편결제
ORD004919,2025-03-23 13:22:22,C00665,남,56,부산,뷰티,클렌징폼,2,15300,0.1,계좌이체
ORD003166,2026-02-03 13:18:54,C00757,여,48,대구,뷰티,선크림,2,23900,0.05,계좌이체
ORD003284,2025-10-13 12:11:11,C00509,여,26,대구,뷰티,선크림,1,25700,0.05,무통장입금
ORD002617,2026-09-13 01:31:53,C01185,남,18,부산,전자기기,기계식키보드,1,92900,0.3,간편결제
ORD002616,2025-06-12 13:01:45,C00866,남,32,경남,생활용품,전기포트,2,50000,0.15,간편결제
ORD004945,2025-05-30 13:15:50,C00837,남,51,대전,패션,백팩,1,80100,0.2,간편결제
ORD001284,2025-07-02 18:56:34,C00781,여,22,광주,생활용품,무선청소기,1,196900,0,체크카드
ORD001822,2026-09-15 14:14:47,C01231,남,46,대구,식품,원두커피,1,18400,0,계좌이체
ORD003113,2025-02-02 14:00:38,C01126,여,62,경기,뷰티,샴푸,1,20900,0,신용카드
ORD002155,2026-08-01 02:05:28,C00594,남,66,서울,생활용품,수건세트,3,30100,0.2,계좌이체
ORD002841,2026-08-19 02:07:10,C00456,남,42,경기,식품,프로틴바,1,20600,0.05,무통장입금
ORD000458,2025-04-29 11:03:43,C00978,남,30,경남,전자기기,기계식키보드,1,95800,0,간편결제
ORD004791,2026-02-12 10:30:42,C00056,여,20,대전,패션,청바지,1,72200,0.2,계좌이체
ORD003365,2026-04-06 05:06:03,C01036,여,35,인천,생활용품,수건세트,2,34100,0,무통장입금
ORD001127,2025-10-24 18:30:06,C00812,여,30,경기,패션,셔츠,1,51300,0.05,계좌이체
ORD004900,2025-02-17 12:42:58,C01584,여,33,전남,패션,셔츠,1,51700,0.15,무통장입금
ORD001750,2026-07-19 05:28:22,C00576,남,18,경남,전자기기,스마트워치,3,170800,0.2,간편결제
ORD001520,2025-01-17 12:08:58,C00837,남,55,경남,전자기기,보조배터리,1,41900,0,신용카드
ORD001535,2026-01-16 09:52:13,C01508,남,45,경남,전자기기,스마트워치,2,160400,0,무통장입금
ORD001528,2025-06-06 15:46:19,C00727,남,42,경기,패션,셔츠,1,49700,0.05,간편결제
ORD002120,2025-04-13 22:25:41,C01158,여,63,인천,패션,백팩,2,73800,0.1,신용카드
ORD003776,2025-08-25 19:58:24,C01016,여,63,울산,식품,원두커피,1,17000,0.2,
ORD004980,2026-07-23 09:11:21,C01489,여,42,경남,생활용품,텀블러,2,23800,0.1,간편결제
ORD002399,2025-10-11 03:14:13,C00019,남,69,경기,전자기기,기계식키보드,1,83700,0.15,간편결제
ORD002414,2025-09-17 10:36:14,C01493,남,64,대전,식품,즉석밥24개,2,27300,0.15,무통장입금
ORD000022,2025-03-31 10:01:14,C00867,남,42,대구,뷰티,클렌징폼,1,15600,0,체크카드
ORD003486,2026-04-24 04:23:00,C01312,여,19,대전,생활용품,무선청소기,1,197600,0.3,신용카드
ORD000359,2025-03-18 20:47:07,C01165,남,20,경기,식품,즉석밥24개,1,25300,0.05,신용카드
ORD003098,2026-03-15 06:27:42,C00040,남,45,울산,식품,즉석밥24개,1,27700,0.1,계좌이체
ORD001038,2025-09-17 09:52:43,C00087,남,57,경기,식품,원두커피,1,17600,0,체크카드
ORD003640,2025-06-23 19:50:39,C01045,남,56,경기,전자기기,스마트워치,1,146700,0.05,무통장입금
ORD004914,2026-09-06 03:18:52,C01000,여,47,대구,식품,원두커피,1,17900,0,체크카드
ORD002862,2025-04-03 07:26:48,C01405,남,49,울산,식품,견과세트,1,29900,0.1,체크카드
ORD000220,2025-07-21 14:04:40,C00170,여,58,전남,뷰티,선크림,1,24600,0,신용카드
ORD000474,2025-01-13 06:04:47,C01164,남,45,광주,패션,백팩,1,72700,0,무통장입금
ORD000687,2025-04-13 23:52:20,C01351,여,20,대구,패션,청바지,1,70300,0,계좌이체
ORD000713,2026-03-06 14:34:22,C00819,여,28,인천,식품,원두커피,1,17400,0.3,계좌이체
ORD000977,2025-10-18 17:00:29,C01124,남,23,대구,전자기기,기계식키보드,2,86000,0.05,체크카드
ORD004334,2025-06-12 13:02:30,C00765,여,67,울산,뷰티,선크림,1,25400,0.1,간편결제
ORD003290,2025-12-18 20:12:37,C00201,여,57,부산,패션,후드티,1,63000,0,체크카드
ORD000483,2026-06-06 07:11:03,C01510,남,37,서울,식품,즉석밥24개,1,26400,0.1,무통장입금
ORD001045,2026-06-30 16:55:46,C01472,남,36,울산,뷰티,수분크림,2,33200,0,신용카드
ORD002128,2026-09-15 17:04:26,C00193,남,58,부산,뷰티,클렌징폼,3,14800,0,체크카드
ORD002597,2025-09-13 11:14:34,C00425,여,55,전남,전자기기,스마트워치,1,165100,0.1,체크카드
ORD001230,2025-10-04 18:25:54,C00381,여,47,경남,생활용품,텀블러,1,25200,0.1,계좌이체
ORD000090,2025-02-15 17:02:16,C00057,여,26,부산,뷰티,립틴트,1,17300,0.05,간편결제
ORD003939,2026-06-13 14:43:29,C00373,남,67,전남,뷰티,샴푸,1,20600,0.15,신용카드
ORD000928,2025-05-04 12:34:44,C00584,여,22,전남,전자기기,보조배터리,1,39900,0,계좌이체
ORD003240,2025-02-14 07:34:02,C01317,남,34,대구,식품,생수24개,1,12500,0,체크카드
ORD000284,2025-01-27 20:51:14,C00791,남,39,부산,패션,청바지,1,67800,0,간편결제
ORD000427,2026-04-09 00:25:37,C01020,여,32,경기,식품,견과세트,5,26700,0,간편결제
ORD003602,2026-04-02 04:38:48,C01456,여,34,전남,식품,프로틴바,1,21500,0.1,신용카드
ORD002306,2026-04-29 11:41:37,C01237,여,69,부산,패션,셔츠,1,46900,0.05,체크카드
ORD004296,2025-03-16 10:51:00,C01353,남,50,대구,패션,운동화,3,100800,0,신용카드
ORD002269,2025-04-10 20:07:57,C00480,남,69,부산,생활용품,텀블러,1,24700,0,무통장입금
ORD004189,2025-06-02 12:43:22,C00469,여,32,대전,전자기기,기계식키보드,2,92200,0,신용카드
ORD000942,2026-04-10 00:29:02,C01065,여,18,경남,패션,셔츠,2,50600,0.15,체크카드
ORD001743,2026-07-02 07:44:18,C01091,여,31,경남,패션,운동화,5,108400,0.1,간편결제
ORD003993,2026-05-29 01:47:50,C00237,여,59,대구,뷰티,선크림,1,23400,0.3,계좌이체
ORD002422,2026-05-25 22:57:55,C00863,여,58,대구,생활용품,무선청소기,4,190600,0,신용카드
ORD004799,2025-04-01 11:09:46,C00816,남,46,전남,전자기기,블루투스스피커,5,73600,0,무통장입금
ORD002238,2026-01-16 05:35:33,C01383,남,27,부산,식품,원두커피,2,17100,0.1,체크카드
ORD004754,2026-02-13 18:00:21,C01348,여,44,울산,전자기기,무선이어폰,2,78200,0.15,계좌이체
ORD002012,2025-02-23 23:56:52,C00750,여,52,전남,전자기기,무선이어폰,1,78300,0,체크카드
ORD004267,2025-01-31 06:55:35,C00182,여,54,광주,패션,청바지,3,72500,0.1,무통장입금
ORD002939,2026-05-26 21:56:52,C00757,여,37,경남,전자기기,기계식키보드,1,95000,0,간편결제
ORD000156,2026-03-14 05:03:34,C00916,여,55,경기,뷰티,클렌징폼,1,15400,0.3,체크카드
ORD000841,2025-12-10 12:27:25,C00794,남,23,부산,전자기기,기계식키보드,1,90400,0.05,무통장입금
ORD001785,2025-09-09 06:58:49,C01064,남,20,대전,식품,즉석밥24개,1,27800,0,계좌이체
ORD001010,2026-01-16 22:32:05,C01500,남,57,부산,뷰티,립틴트,1,16600,0,체크카드
ORD000115,2026-05-25 06:29:47,C01002,여,35,대구,뷰티,선크림,1,25300,0.05,계좌이체
ORD000662,2026-06-04 08:51:23,C01563,여,38,서울,전자기기,블루투스스피커,2,73100,0.3,계좌이체
ORD003780,2025-04-28 18:46:02,C00770,남,66,대구,뷰티,샴푸,1,21900,0.15,간편결제
ORD000103,2025-06-07 10:45:59,C00293,여,69,인천,식품,즉석밥24개,2,27800,0.05,신용카드
ORD002142,2026-06-15 12:00:08,C00110,남,35,경남,생활용품,수건세트,1,33400,0,계좌이체
ORD004064,2025-12-26 17:33:50,C01580,여,42,경남,전자기기,블루투스스피커,1,73400,0.05,무통장입금
ORD003487,2026-09-18 20:18:38,C00098,여,62,부산,식품,즉석밥24개,2,26600,0,무통장입금
ORD004189,2025-06-02 12:43:22,C00469,여,32,대전,전자기기,기계식키보드,2,92200,0,신용카드
ORD002353,2026-06-04 12:42:45,C00344,여,33,대구,생활용품,수건세트,1,34200,0.2,무통장입금
ORD000246,2025-01-21 15:17:03,C01320,남,65,서울,생활용품,텀블러,1,24500,0.15,계좌이체
ORD004140,2026-05-18 11:26:12,C00694,남,51,울산,생활용품,전기포트,2,48900,0.1,체크카드
ORD000549,2025-12-14 15:50:53,C01267,여,65,경남,전자기기,보조배터리,2,41200,0.1,계좌이체
ORD004284,2025-09-11 21:41:49,C00549,여,18,,식품,프로틴바,2,22500,0.15,체크카드
ORD000703,2025-04-09 22:59:21,C00133,여,55,인천,패션,셔츠,3,48400,0.1,계좌이체
ORD001986,2025-02-28 22:48:06,C01082,남,95,광주,뷰티,립틴트,1,17700,0.1,무통장입금
ORD000687,2025-04-13 23:52:20,C01351,여,20,대구,패션,청바지,1,70300,0,계좌이체
ORD001282,2026-08-20 11:51:29,C00658,여,24,,패션,후드티,1,56000,0.05,신용카드
ORD004075,2026-04-27 06:08:38,C01027,남,23,부산,식품,원두커피,1,17100,0.2,계좌이체
ORD001163,2026-03-29 18:59:06,C00090,여,64,경남,뷰티,샴푸,4,22100,0.2,신용카드
ORD001922,2026-07-29 11:14:48,C00385,여,61,경남,식품,원두커피,2,19200,0.05,무통장입금
ORD003013,2025-03-22 17:03:44,C01071,남,41,,식품,생수24개,2,12600,0.05,무통장입금
ORD004813,2025-12-21 11:30:09,C01318,남,39,서울,식품,원두커피,3,17600,0,무통장입금
ORD003026,2026-02-05 16:24:13,C01499,여,49,대구,뷰티,샴푸,2,19800,0.1,무통장입금
ORD002332,2025-04-09 04:50:23,C00524,남,68,전남,전자기기,스마트워치,1,156700,0,신용카드
ORD002181,2025-03-16 06:06:50,C00194,남,20,경남,전자기기,블루투스스피커,1,69100,0.3,간편결제
ORD002410,2025-08-07 22:07:26,C00813,여,26,울산,뷰티,클렌징폼,1,15700,0.2,체크카드
ORD004758,2025-08-15 11:38:54,C00978,남,46,인천,식품,프로틴바,1,20800,0.15,체크카드
ORD004505,2026-01-25 11:39:05,C01127,여,38,대구,패션,운동화,2,115600,0.1,무통장입금
ORD003585,2025-12-14 11:21:16,C00629,남,64,경기,식품,원두커피,1,16800,0.2,무통장입금
ORD003253,2025-04-16 10:18:23,C00700,여,25,인천,패션,청바지,2,71000,0.1,계좌이체
ORD000768,2025-09-05 23:38:22,C01481,남,52,경남,생활용품,전기포트,1,51800,0.3,간편결제
ORD000030,2026-04-17 08:11:47,C01189,남,29,전남,뷰티,선크림,1,22600,0.1,무통장입금
ORD003507,2026-05-22 18:03:13,C01285,여,37,전남,패션,셔츠,2,50600,0.2,무통장입금
ORD004794,2026-09-12 03:22:45,C01007,남,30,부산,전자기기,무선이어폰,1,75000,0.1,체크카드
ORD003829,2025-01-02 00:02:17,C00277,여,27,전남,전자기기,기계식키보드,2,92500,0.15,신용카드
ORD000833,2025-07-04 23:40:46,C00630,남,65,전남,식품,즉석밥24개,3,25800,0.1,체크카드
ORD001245,2025-06-17 21:34:58,C00354,여,51,인천,식품,프로틴바,2,23100,0,계좌이체
ORD001718,2025-04-07 05:26:48,C01323,여,52,서울,패션,청바지,3,71200,0.05,체크카드
ORD004929,2026-05-20 09:07:38,C01568,남,46,대전,패션,운동화,2,114100,0.05,체크카드
ORD004508,2025-08-09 21:19:27,C01339,남,62,경남,생활용품,무선청소기,1,178400,0.1,계좌이체
ORD004151,2026-07-01 02:54:22,C00715,여,51,광주,패션,운동화,1,110900,0.15,신용카드
ORD001611,2025-07-30 14:47:58,C00978,남,28,대구,식품,프로틴바,1,23100,0.15,계좌이체
ORD000727,2026-01-29 14:41:35,C00922,여,40,인천,패션,백팩,2,76400,0,체크카드
ORD001619,2026-01-26 06:06:54,C00754,여,60,경남,뷰티,샴푸,1,19900,0,간편결제
ORD000612,2025-08-16 06:28:36,C01311,여,61,대구,뷰티,수분크림,2,31700,0.15,간편결제
ORD004079,2025-02-17 09:35:07,C01388,남,35,대구,뷰티,립틴트,1,17300,0,간편결제
ORD004312,2025-05-19 18:05:24,C01197,남,,서울,패션,백팩,1,74500,0,신용카드
ORD002702,2025-04-08 16:33:22,C00292,여,67,울산,생활용품,수건세트,2,31100,0.05,신용카드
ORD001962,2026-04-18 21:50:53,C00490,여,47,광주,패션,백팩,1,82200,0.05,체크카드
ORD002055,2025-04-12 11:29:53,C00479,남,37,경기,생활용품,무선청소기,1,201200,0,무통장입금
ORD003001,2026-02-16 18:05:12,C00093,여,59,부산,패션,셔츠,3,48500,0.05,무통장입금
ORD004195,2026-08-07 22:46:03,C01188,남,50,광주,뷰티,클렌징폼,1,15400,0.3,계좌이체
ORD001444,2025-10-24 11:32:24,C00466,남,68,서울,식품,즉석밥24개,1,26100,0,간편결제
ORD004322,2025-04-30 13:40:26,C00005,남,38,부산,식품,견과세트,1,27400,0,신용카드
ORD001214,2025-01-21 04:46:25,C00520,여,36,울산,패션,운동화,2,112100,0.1,간편결제
ORD003733,2026-03-09 05:28:36,C00155,남,63,광주,패션,백팩,1,73900,0.3,체크카드
ORD003040,2025-10-13 07:54:19,C00634,남,59,경기,전자기기,기계식키보드,2,90100,0,간편결제
ORD004461,2026-09-24 17:38:56,C00508,남,69,전남,전자기기,기계식키보드,2,89700,0.1,신용카드
ORD003869,2025-05-18 17:08:34,C00829,여,24,서울,뷰티,샴푸,1,21200,0.1,체크카드
ORD003419,2025-02-15 03:33:57,C01594,여,58,광주,뷰티,샴푸,1,19300,0.05,계좌이체
ORD000181,2026-08-29 16:37:13,C00928,여,25,대전,식품,생수24개,3,11400,0.1,무통장입금
ORD004111,2025-09-03 08:08:09,C00223,여,50,울산,식품,견과세트,1,28400,0.1,계좌이체
ORD003523,2026-01-04 15:07:37,C01546,남,65,경기,뷰티,클렌징폼,1,14900,0,무통장입금
ORD002152,2026-01-13 09:57:08,C00683,,32,울산,생활용품,수건세트,1,31900,0,간편결제
ORD001123,2025-09-05 22:01:05,C00405,여,53,대구,뷰티,립틴트,5,17100,0,계좌이체
ORD004740,2026-04-15 03:02:46,C00633,남,23,인천,패션,운동화,3,113600,0.15,체크카드
ORD004491,2025-07-04 21:39:16,C01418,여,47,광주,전자기기,무선이어폰,1,80900,0.1,무통장입금
ORD000666,2026-05-13 06:53:02,C00252,여,66,전남,전자기기,무선이어폰,3,85300,0.05,무통장입금
ORD004453,2025-06-11 11:44:09,C01377,여,61,광주,전자기기,보조배터리,2,39600,0,간편결제
ORD002482,2025-11-17 17:15:39,C00895,남,65,경기,생활용품,수납함,1,25800,0,신용카드
ORD001236,2026-06-24 06:50:13,C00079,여,59,전남,전자기기,무선이어폰,2,80200,0,무통장입금
ORD004276,2026-02-10 16:07:36,C01530,남,39,인천,패션,셔츠,2,46000,0,무통장입금
ORD000460,2026-06-05 20:27:59,C00219,여,57,경기,뷰티,수분크림,3,32000,0.1,신용카드
ORD001402,2026-08-01 09:08:28,C00281,여,40,부산,식품,생수24개,1,12100,0.05,무통장입금
ORD000634,2026-03-18 06:53:10,C01496,여,28,서울,패션,청바지,1,67700,0,계좌이체
ORD002459,2026-09-02 10:18:45,C01582,여,68,대구,뷰티,샴푸,1,2500000,0.05,계좌이체
ORD002078,2025-02-03 23:05:43,C01548,남,49,인천,식품,생수24개,1,12600,0.15,간편결제
ORD004178,2026-03-12 07:38:03,C00239,남,36,부산,식품,생수24개,1,11100,0.05,신용카드
ORD003009,2026-04-09 19:21:43,C00774,여,64,인천,패션,후드티,2,60400,0,계좌이체
ORD000153,2026-02-06 21:20:04,C00952,남,49,인천,패션,셔츠,2,52300,0.2,신용카드
ORD000063,2025-01-15 09:33:33,C00068,여,24,대구,뷰티,립틴트,2,17200,0.2,계좌이체
ORD001896,2025-06-02 06:09:06,C00882,남,64,인천,뷰티,선크림,3,25700,0.1,간편결제
ORD002106,2026-04-23 03:05:56,C00224,여,57,울산,뷰티,선크림,1,24900,0.1,체크카드
ORD002861,2026-04-22 18:49:21,C01440,남,52,전남,생활용품,전기포트,2,45900,0.1,신용카드
ORD001691,2025-03-24 21:48:49,C01527,여,24,경남,생활용품,수건세트,1,30700,0,계좌이체
ORD003892,2025-03-19 19:31:03,C01433,남,33,광주,패션,청바지,2,69800,0.1,체크카드
ORD002666,2025-05-12 17:22:25,C01252,여,63,경기,뷰티,수분크림,2,29700,0.1,신용카드
ORD004039,2025-10-08 20:15:40,C00950,남,44,전남,패션,백팩,1,81700,0,신용카드
ORD004901,2026-09-15 00:36:55,C00099,남,27,광주,전자기기,스마트워치,1,159200,0,무통장입금
ORD001772,2026-06-20 11:39:55,C01581,여,68,부산,식품,생수24개,2,11500,0.1,간편결제
ORD002093,2025-01-03 07:12:10,C00390,여,20,전남,전자기기,블루투스스피커,1,74400,0.2,신용카드
ORD003625,2025-12-09 01:38:25,C00656,여,30,대구,식품,프로틴바,1,20700,0.1,간편결제
ORD004179,2025-11-25 15:56:11,C00960,여,44,대전,뷰티,클렌징폼,1,16900,0.05,계좌이체
ORD003000,2025-09-12 17:58:09,C01598,남,42,부산,전자기기,보조배터리,4,41300,0.1,간편결제
ORD001752,2025-06-21 02:35:22,C00419,여,63,전남,패션,후드티,1,58200,0.05,계좌이체
ORD004529,2025-07-03 17:21:52,C00108,여,67,부산,식품,생수24개,1,1500000,0,간편결제
ORD004419,2026-05-08 13:54:33,C01200,남,36,부산,식품,견과세트,5,31100,0,신용카드
ORD002243,2025-04-09 17:17:04,C00256,여,32,인천,생활용품,수납함,1,28000,0.2,체크카드
ORD001576,2026-08-08 10:01:51,C01163,남,19,전남,생활용품,무선청소기,2,195300,0,간편결제
ORD002161,2025-07-14 13:09:29,C00124,남,64,전남,식품,프로틴바,2,23300,0,간편결제
ORD001522,2025-11-15 03:52:49,C01525,여,62,경기,전자기기,블루투스스피커,1,67900,0,계좌이체
ORD000901,2025-11-23 23:38:58,C00509,여,41,서울,뷰티,립틴트,1,17500,0,계좌이체
ORD000360,2025-07-08 09:37:41,C00694,여,25,경남,생활용품,수납함,4,27600,0,계좌이체
ORD003721,2025-05-17 18:02:33,C00369,여,23,전남,패션,셔츠,1,52600,0.05,계좌이체
ORD001278,2025-09-10 10:19:25,C00566,남,25,서울,식품,프로틴바,2,20600,0.1,무통장입금
ORD000569,2025-02-25 18:26:04,C00214,여,42,울산,생활용품,텀블러,4,23400,0.2,무통장입금
ORD000376,2026-01-04 23:28:03,C00367,남,63,대전,패션,후드티,1,59900,0,계좌이체
ORD002391,2026-09-12 05:45:05,C00701,여,36,광주,패션,운동화,1,107500,0.1,계좌이체
ORD003713,2026-01-20 08:36:12,C00153,여,53,경기,식품,프로틴바,1,20600,0.3,체크카드
ORD002716,2026-03-03 06:24:58,C01586,남,62,전남,전자기기,보조배터리,1,36900,0.1,무통장입금
ORD003289,2026-06-28 06:53:06,C00559,남,60,전남,생활용품,수건세트,2,32900,0.05,체크카드
ORD003246,2026-04-14 15:56:52,C01290,여,,인천,뷰티,샴푸,2,21000,0.3,간편결제
ORD000096,2025-02-19 16:24:15,C00169,남,37,인천,전자기기,보조배터리,3,36700,0.2,신용카드
ORD001449,2025-06-27 15:49:41,C00737,여,42,부산,전자기기,무선이어폰,1,75300,0.05,간편결제
ORD004237,2026-01-22 18:35:37,C01042,여,50,경남,생활용품,수건세트,1,33700,0.15,계좌이체
ORD004407,2026-06-02 21:26:02,C01319,남,36,대구,생활용품,무선청소기,2,184700,0.15,계좌이체
ORD004979,2025-07-13 15:25:32,C01406,여,23,광주,패션,운동화,1,107600,0.3,간편결제
ORD001117,2026-06-20 23:24:01,C00951,남,37,부산,식품,생수24개,1,11900,0.15,계좌이체
ORD000076,2025-01-17 20:02:59,C00540,남,59,부산,전자기기,무선이어폰,1,77900,0.05,무통장입금
ORD004574,2025-07-02 10:10:06,C01157,여,41,경남,식품,프로틴바,2,21600,0.2,신용카드
ORD001622,2026-08-27 23:45:59,C00902,여,56,경남,전자기기,무선이어폰,1,78800,0.3,체크카드
ORD000028,2026-04-06 01:31:04,C01119,남,31,광주,식품,견과세트,2,30500,0.05,체크카드
ORD002682,2025-03-07 18:27:26,C00964,남,20,부산,뷰티,립틴트,3,18900,0.1,체크카드
ORD000080,2025-01-10 22:36:42,C01378,여,53,광주,전자기기,보조배터리,1,38800,0.1,신용카드
ORD002090,2025-05-09 13:37:53,C00323,여,51,광주,전자기기,기계식키보드,1,85400,0.1,무통장입금
ORD003201,2025-04-22 21:29:28,C01328,여,61,서울,식품,견과세트,1,27000,0.05,신용카드
ORD004840,2025-05-28 12:44:10,C00889,여,69,부산,전자기기,무선이어폰,4,74300,0,계좌이체
ORD004073,2025-09-18 23:54:44,C00763,여,43,경기,뷰티,선크림,1,22800,0.05,무통장입금
ORD002996,2026-06-25 14:58:59,C00958,여,65,부산,패션,운동화,4,110800,0.1,계좌이체
ORD000678,2025-05-25 14:00:14,C01034,여,57,대구,생활용품,전기포트,1,45600,0.05,무통장입금
ORD002914,2026-01-07 15:06:56,C01524,남,35,서울,패션,운동화,1,113200,0.05,체크카드
ORD004675,2026-03-27 20:06:13,C01014,남,50,경기,뷰티,클렌징폼,3,15700,0.1,계좌이체
ORD000510,2026-02-01 09:38:02,C00902,남,42,대구,식품,원두커피,1,19400,0.3,간편결제
ORD004942,2025-06-12 18:56:47,C01223,여,62,전남,패션,셔츠,1,47400,0,간편결제
ORD004058,2026-07-13 23:57:35,C00453,남,20,인천,생활용품,수건세트,2,30900,0.05,무통장입금
ORD002453,2025-04-20 07:19:50,C00911,여,23,광주,생활용품,무선청소기,1,180600,0,무통장입금
ORD000347,2025-03-15 08:43:41,C00262,여,46,대구,패션,셔츠,5,49500,0.1,간편결제
ORD003213,2026-06-07 23:07:51,C01436,남,40,경기,패션,후드티,1,56700,0,무통장입금
ORD002643,2025-06-26 17:20:29,C01428,여,32,대전,패션,운동화,1,111900,0.3,신용카드
ORD003051,2025-11-18 05:50:38,C00821,여,53,울산,식품,견과세트,2,28800,0.1,계좌이체
ORD002820,2025-12-29 20:00:52,C00309,여,50,대구,뷰티,립틴트,1,19000,0,체크카드
ORD001774,2025-11-08 13:16:23,C00667,남,39,부산,식품,원두커피,3,19300,0,체크카드
ORD000201,2025-07-17 04:17:57,C01371,남,68,부산,식품,견과세트,1,30100,0.15,무통장입금
ORD002893,2025-06-10 18:13:18,C00773,남,25,인천,전자기기,스마트워치,1,157600,0.1,계좌이체
ORD001932,2025-05-13 17:04:56,C00077,여,,인천,패션,백팩,1,79000,0,체크카드
ORD001630,2026-06-11 13:19:34,C00152,여,37,경남,식품,원두커피,1,19000,0,간편결제
ORD000327,2026-08-12 10:13:09,C00642,남,51,전남,생활용품,전기포트,2,49000,0,간편결제
ORD004486,2026-07-29 09:21:09,C00783,여,59,울산,패션,백팩,2,84700,0.1,계좌이체
ORD001160,2026-05-10 08:23:50,C00951,여,62,광주,뷰티,립틴트,3,19200,0,무통장입금
ORD002648,2026-05-06 21:03:26,C00556,남,50,부산,패션,백팩,3,78300,0.2,간편결제
ORD000049,2026-04-30 11:36:31,C01345,남,21,부산,패션,백팩,1,77500,0.05,신용카드
ORD000143,2026-07-10 12:27:34,C00133,남,38,광주,식품,생수24개,1,12700,0.2,간편결제
ORD000321,2026-05-28 00:07:54,C00328,남,42,전남,식품,원두커피,1,18300,0,신용카드
ORD001650,2025-03-10 17:16:06,C00599,여,24,울산,뷰티,수분크림,1,33800,0,계좌이체
ORD000903,2026-04-20 00:03:29,C01302,남,51,전남,뷰티,립틴트,4,19100,0.05,간편결제
ORD002191,2025-12-08 20:48:00,C01509,여,61,서울,패션,백팩,2,80900,0.2,무통장입금
ORD003796,2025-10-15 00:05:49,C00440,여,40,대구,패션,운동화,1,105500,0.05,신용카드
ORD004472,2025-10-14 11:47:34,C00334,남,27,서울,전자기기,무선이어폰,2,84300,0.1,계좌이체
ORD004391,2025-10-06 16:18:02,C01345,여,39,부산,생활용품,전기포트,1,49000,0,체크카드
ORD003645,2025-05-02 22:56:11,C01491,남,46,서울,패션,운동화,5,103600,0.2,신용카드
ORD003518,2026-01-08 14:56:13,C01189,남,29,울산,생활용품,텀블러,1,23500,0,계좌이체
ORD004648,2026-04-16 03:15:47,C01254,여,53,광주,생활용품,수건세트,1,33200,0.1,체크카드
ORD002172,2025-07-16 05:34:26,C00936,남,40,대전,식품,즉석밥24개,1,28200,0.1,신용카드
ORD003727,2025-10-16 08:05:37,C01542,남,31,대전,뷰티,수분크림,1,31800,0.2,체크카드
ORD002707,2025-03-16 09:35:22,C01207,남,23,대구,생활용품,텀블러,1,26200,0.05,무통장입금
ORD000947,2025-07-23 19:04:30,C01467,남,51,울산,식품,견과세트,1,30700,0.15,간편결제
ORD001297,2025-02-23 13:40:14,C01545,남,48,부산,식품,생수24개,1,11700,0.3,무통장입금
ORD003501,2025-12-09 15:38:45,C01000,남,27,경남,생활용품,텀블러,1,23000,0.05,신용카드
ORD001397,2026-01-16 18:23:14,C00714,여,57,대전,생활용품,수납함,5,30200,0.1,신용카드
ORD003356,2025-10-23 20:24:12,C00366,여,41,경기,뷰티,클렌징폼,1,16700,0.1,간편결제
ORD003750,2025-05-30 13:51:44,C00039,남,69,부산,뷰티,클렌징폼,2,15800,0.05,간편결제
ORD004384,2025-04-10 05:13:14,C01204,남,32,전남,패션,청바지,2,64200,0.15,체크카드
ORD002768,2025-03-30 09:34:15,C01385,여,54,전남,패션,셔츠,4,52700,0.1,무통장입금
ORD001730,2026-08-01 21:28:42,C01314,여,47,경남,전자기기,기계식키보드,1,83300,0.15,계좌이체
ORD002373,2026-05-12 11:22:01,C00150,남,40,인천,식품,원두커피,1,18800,0.1,체크카드
ORD004063,2026-06-30 05:59:32,C01059,남,67,울산,뷰티,립틴트,3,19200,0,계좌이체
ORD002006,2025-04-27 05:32:57,C01472,여,31,서울,패션,후드티,1,57800,0.1,계좌이체
ORD000122,2025-01-24 13:57:20,C00862,여,25,대전,뷰티,수분크림,1,34100,0.1,간편결제
ORD004823,2025-12-20 14:01:41,C00780,여,49,전남,식품,프로틴바,2,20300,0.3,계좌이체
ORD004643,2025-04-26 04:59:03,C00421,여,51,경남,뷰티,클렌징폼,3,14900,0.1,체크카드
ORD002358,2025-11-29 10:11:19,C01378,남,42,광주,생활용품,무선청소기,1,200000,0,간편결제
ORD002689,2025-03-16 05:49:08,C00815,남,47,인천,패션,운동화,1,116100,0.05,계좌이체
ORD003556,2026-08-24 06:47:07,C01080,남,29,서울,전자기기,기계식키보드,1,89800,0.05,체크카드
ORD003678,2026-07-16 08:21:11,C00021,여,62,광주,뷰티,클렌징폼,1,15400,0.1,신용카드
ORD003541,2025-11-24 17:11:19,C01189,여,39,경기,뷰티,샴푸,1,19400,0,간편결제
ORD003921,2025-02-28 01:05:44,C01272,남,37,인천,식품,프로틴바,1,20200,0.3,무통장입금
ORD003202,2026-09-05 21:06:44,C00649,남,40,울산,생활용품,텀블러,3,24500,0.1,신용카드
ORD002828,2026-05-17 06:46:17,C00098,남,64,대구,뷰티,클렌징폼,5,16400,0.1,무통장입금
ORD004385,2026-08-13 11:16:32,C00433,남,26,광주,전자기기,보조배터리,2,38800,0.3,간편결제
ORD000978,2025-08-09 11:03:47,C01032,남,45,전남,전자기기,보조배터리,2,38900,0,무통장입금
ORD004883,2026-03-12 22:46:11,C00627,남,,울산,식품,프로틴바,1,21400,0.3,간편결제
ORD002843,2025-12-17 18:20:49,C00838,남,67,인천,패션,백팩,2,75800,0,신용카드
ORD004295,2025-07-08 16:12:32,C00753,남,22,전남,뷰티,수분크림,1,30700,0.1,계좌이체
ORD004507,2025-04-09 12:26:05,C00898,여,33,대전,패션,셔츠,1,49800,0.05,신용카드
ORD001734,2025-11-03 20:15:32,C00354,남,37,대전,뷰티,샴푸,3,21800,0.15,체크카드
ORD001607,2026-07-26 21:31:03,C00136,남,44,대전,식품,원두커피,1,17600,0,계좌이체
ORD001007,2025-04-26 13:37:29,C00239,여,55,전남,전자기기,블루투스스피커,1,66700,0.1,무통장입금
ORD003333,2025-08-21 11:22:03,C00200,여,23,전남,전자기기,블루투스스피커,1,73300,0.2,간편결제
ORD001255,2026-06-18 17:57:28,C01529,남,35,경남,식품,생수24개,1,12200,0.1,계좌이체
ORD003901,2026-02-12 11:53:43,C00308,남,43,대구,식품,견과세트,2,30100,0.1,신용카드
ORD001057,2025-05-08 17:19:12,C00273,남,66,부산,전자기기,보조배터리,2,41700,0.15,체크카드
ORD004881,2025-05-05 08:22:38,C01068,남,22,경남,생활용품,무선청소기,4,202900,0,계좌이체
ORD001913,2025-09-22 02:02:50,C01378,남,29,서울,생활용품,텀블러,3,26700,0.05,무통장입금
ORD004235,2025-08-24 20:54:00,C00860,여,63,대구,생활용품,수납함,3,28800,0,계좌이체
ORD001840,2025-04-29 23:29:41,C00213,여,37,서울,생활용품,전기포트,1,45700,0.1,신용카드
ORD003065,2025-08-04 19:39:34,C00405,여,47,인천,전자기기,스마트워치,5,153000,0.1,간편결제
ORD004336,2026-02-17 21:22:41,C00508,남,38,경남,패션,셔츠,3,52300,0,체크카드
ORD000777,2025-10-19 03:25:27,C00866,남,68,전남,생활용품,수건세트,2,33900,0,무통장입금
ORD002294,2025-07-16 03:34:18,C01203,여,60,울산,식품,프로틴바,2,21800,0,신용카드
ORD003940,2025-03-21 20:33:20,C00690,여,31,대구,전자기기,블루투스스피커,4,67400,0,계좌이체
ORD000160,2025-01-23 14:42:11,C00233,남,59,광주,패션,백팩,2,83600,0.3,체크카드
ORD004621,2025-07-21 18:01:04,C00457,여,43,전남,뷰티,샴푸,3,22300,0.15,체크카드
ORD002232,2025-07-20 16:13:25,C01536,여,21,인천,전자기기,스마트워치,1,146400,0.2,신용카드
ORD001686,2025-04-06 07:38:47,C01466,남,64,전남,생활용품,텀블러,1,23100,0,계좌이체
ORD003433,2026-03-27 19:00:06,C00979,남,43,울산,전자기기,무선이어폰,1,72900,0,계좌이체
ORD003494,2025-04-05 08:31:30,C01470,여,25,전남,패션,백팩,2,84600,0.1,무통장입금
ORD000079,2026-06-07 13:55:03,C01496,여,69,울산,생활용품,전기포트,1,50100,0.2,체크카드
ORD003688,2026-09-21 09:11:41,C00940,여,27,부산,뷰티,클렌징폼,1,16500,0,무통장입금
ORD001093,2025-10-24 13:23:12,C01504,여,43,전남,생활용품,수건세트,1,33500,0.1,체크카드
ORD000070,2025-04-11 01:39:34,C01057,여,29,부산,뷰티,샴푸,2,21300,0.1,계좌이체
ORD001039,2025-12-20 22:19:20,C01584,여,64,부산,뷰티,선크림,3,23000,0.1,계좌이체
ORD003847,2026-04-30 08:38:48,C01088,여,23,전남,생활용품,전기포트,2,52700,0,신용카드
ORD003159,2026-08-23 06:52:53,C00555,여,64,인천,식품,원두커피,1,18800,0,계좌이체
ORD003482,2025-12-26 22:52:04,C01176,남,47,부산,패션,백팩,1,75800,0.3,신용카드
ORD000896,2026-08-29 07:43:09,C00737,남,43,경기,생활용품,텀블러,2,23800,0,신용카드
ORD004828,2025-02-08 07:35:53,C00298,여,52,전남,패션,셔츠,1,48900,0,무통장입금
ORD000795,2026-03-28 16:56:17,C00525,여,34,광주,식품,원두커피,1,2500000,0.1,계좌이체
ORD004072,2026-07-30 15:07:00,C00337,남,56,광주,전자기기,보조배터리,1,40500,0.1,체크카드
ORD003943,2025-02-16 02:57:49,C00535,남,56,울산,식품,원두커피,1,17500,0,체크카드
ORD000909,2026-04-23 00:13:27,C01145,남,62,인천,패션,백팩,1,84800,0.1,체크카드
ORD003326,2026-03-02 03:09:38,C01217,여,24,서울,생활용품,수납함,1,28300,0,계좌이체
ORD000733,2026-02-24 10:48:02,C01150,여,67,대구,식품,즉석밥24개,1,27900,0,계좌이체
ORD002606,2025-12-21 00:03:21,C00612,남,28,,뷰티,샴푸,4,19600,0.15,신용카드
ORD004325,2026-08-15 02:31:05,C00287,여,21,전남,생활용품,수건세트,1,32800,0.1,무통장입금
ORD003437,2025-09-15 18:25:27,C01559,남,25,경기,뷰티,선크림,1,24300,0.15,계좌이체
ORD003161,2026-08-28 18:33:04,C00793,남,41,서울,패션,운동화,2,110500,0,신용카드
ORD003387,2026-08-19 05:04:02,C00702,남,50,대전,생활용품,수건세트,2,32300,0,간편결제
ORD004810,2025-12-18 05:42:58,C01572,여,61,대구,패션,백팩,2,82400,0,신용카드
ORD004502,2025-07-05 04:22:46,C00392,남,52,부산,식품,프로틴바,1,22000,0.1,무통장입금
ORD001346,2025-04-30 16:52:36,C01164,여,24,경남,식품,생수24개,1,11500,0,무통장입금
ORD003114,2025-12-12 12:52:33,C00434,여,19,울산,패션,백팩,1,83400,0.1,무통장입금
ORD004412,2025-03-04 00:15:20,C00454,남,61,인천,패션,후드티,1,61800,0,무통장입금
ORD002808,2026-07-12 08:04:43,C00705,남,25,인천,패션,백팩,1,81500,0.05,계좌이체
ORD002530,2025-10-11 02:04:02,C00018,남,51,인천,전자기기,스마트워치,2,163700,0,무통장입금
ORD000071,2026-02-20 01:14:51,C00017,남,65,대전,식품,견과세트,2,30400,0,신용카드
ORD001403,2026-05-07 15:54:06,C01367,여,47,울산,식품,즉석밥24개,2,28000,0.2,체크카드
ORD002372,2026-01-01 21:01:19,C00200,여,26,전남,생활용품,수납함,1,27800,0.3,신용카드
ORD000100,2025-11-24 05:37:49,C01091,남,36,서울,식품,원두커피,1,18500,0.15,간편결제
ORD004959,2026-05-24 15:34:45,C00724,여,45,부산,식품,생수24개,2,12000,0.05,무통장입금
ORD000895,2026-01-21 02:05:26,C01142,여,25,경기,전자기기,스마트워치,2,148000,0.1,계좌이체
ORD002110,2026-06-27 02:23:39,C00629,여,20,광주,식품,프로틴바,1,23400,0.2,신용카드
ORD004763,2025-07-30 16:54:22,C00818,여,28,광주,식품,견과세트,1,26900,0.3,간편결제
ORD002121,2026-01-25 12:51:54,C00840,남,57,경기,생활용품,무선청소기,4,194800,0,무통장입금
ORD004591,2025-01-24 23:30:48,C01303,남,37,경기,뷰티,클렌징폼,1,16900,0.3,무통장입금
ORD000697,2025-06-27 17:48:01,C01217,여,48,경남,식품,원두커피,5,18300,0,체크카드
ORD001191,2025-05-26 08:17:43,C01423,남,54,인천,뷰티,샴푸,3,21800,0,계좌이체
ORD002031,2025-06-17 11:57:10,C00805,여,43,경남,패션,운동화,1,109400,0,계좌이체
ORD000681,2026-02-01 00:05:55,C00106,남,47,서울,뷰티,클렌징폼,2,15100,0.05,간편결제
ORD000450,2026-01-30 13:30:34,C00526,남,22,부산,뷰티,립틴트,1,18900,0.05,계좌이체
ORD001971,2026-09-13 03:43:21,C00844,여,47,전남,뷰티,선크림,1,24100,0,체크카드
ORD001372,2025-09-05 13:50:16,C00485,여,38,인천,식품,프로틴바,1,23000,0.05,간편결제
ORD000349,2025-09-17 12:40:20,C00428,여,45,서울,패션,백팩,2,85000,0.2,신용카드
ORD004925,2026-05-19 09:05:08,C01023,남,58,광주,뷰티,샴푸,1,21100,0,간편결제
ORD001254,2026-04-09 02:22:25,C00755,여,21,대전,식품,원두커피,1,17500,0,계좌이체
ORD003133,2026-02-09 20:08:02,C01505,남,42,대전,식품,원두커피,1,17400,0.05,체크카드
ORD000904,2026-06-24 21:06:15,C01158,여,67,경남,뷰티,샴푸,1,19600,0.05,간편결제
ORD002197,2025-03-10 10:23:11,C00637,여,21,전남,생활용품,텀블러,1,24000,0,체크카드
ORD001640,2025-07-27 20:01:57,C00085,남,53,대구,생활용품,수납함,1,30000,0.1,무통장입금
ORD000496,2025-06-06 16:17:20,C01133,남,22,울산,전자기기,블루투스스피커,1,73900,0.05,계좌이체
ORD004139,2026-06-03 23:47:39,C01080,여,24,전남,생활용품,무선청소기,2,185700,0,체크카드
ORD001753,2025-02-08 14:42:12,C01306,남,26,울산,전자기기,스마트워치,1,156400,0,신용카드
ORD002548,2025-12-28 18:02:50,C00556,여,24,대구,생활용품,수납함,2,27000,0.1,
ORD002869,2026-03-21 15:49:41,C01244,남,46,경남,패션,백팩,1,77500,0.1,체크카드
ORD003072,2026-04-23 19:04:50,C00373,남,65,광주,전자기기,블루투스스피커,4,69600,0,간편결제
ORD003941,2026-02-28 03:51:58,C01420,남,36,대구,전자기기,보조배터리,1,40000,0.05,신용카드
ORD003882,2025-11-27 05:18:52,C00696,여,49,광주,패션,운동화,1,109500,0,신용카드
ORD003007,2026-05-12 19:26:36,C00950,남,44,서울,패션,백팩,1,82400,0,계좌이체
ORD003499,2025-06-16 03:33:31,C00715,여,48,광주,뷰티,선크림,2,23400,0.05,체크카드
ORD000961,2025-10-27 09:32:15,C00687,남,28,광주,전자기기,무선이어폰,4,84700,0.1,체크카드
ORD000529,2025-12-26 15:45:30,C01441,남,42,경남,생활용품,무선청소기,1,201200,0.05,체크카드
ORD000469,2025-12-26 08:25:15,C00520,여,45,부산,뷰티,샴푸,1,20900,0.2,계좌이체
ORD004867,2025-01-10 23:30:26,C00811,남,67,광주,전자기기,블루투스스피커,1,72300,0,간편결제
ORD003667,2026-01-06 11:15:29,C00765,여,52,광주,식품,프로틴바,1,23300,0.05,무통장입금
ORD000992,2025-08-22 03:59:24,C01384,남,135,대전,전자기기,보조배터리,3,36700,0,간편결제
ORD002166,2025-01-18 16:49:57,C01321,여,30,경기,생활용품,수납함,1,30200,0,신용카드
ORD000618,2025-03-02 19:42:51,C00051,여,60,부산,패션,청바지,1,65000,0.3,체크카드
ORD000964,2025-01-02 16:00:35,C00743,남,30,대구,생활용품,수건세트,2,33200,0.1,체크카드
ORD004549,2025-05-16 03:45:46,C00603,여,44,울산,식품,즉석밥24개,1,26700,0.1,체크카드
ORD001248,2025-10-28 08:34:13,C01472,여,50,경기,생활용품,무선청소기,1,191600,0,무통장입금
ORD004488,2026-01-01 19:26:27,C00095,여,19,울산,식품,즉석밥24개,1,26100,0.05,간편결제
ORD001433,2025-01-25 14:11:26,C00527,여,65,부산,식품,원두커피,1,19100,0.15,신용카드
ORD001907,2025-04-12 00:36:04,C01461,여,43,대전,뷰티,선크림,1,25800,0,체크카드
ORD000719,2026-01-22 03:52:27,C00363,여,62,부산,생활용품,텀블러,3,25100,0.1,계좌이체
ORD002679,2025-06-29 11:06:13,C00864,남,24,경기,전자기기,스마트워치,1,167300,0.1,무통장입금
ORD002871,2026-05-25 03:27:52,C00548,남,40,부산,뷰티,선크림,5,22900,0,계좌이체
ORD003807,2025-08-22 11:20:53,C01434,여,44,서울,패션,셔츠,1,51600,0.2,계좌이체
ORD004083,2026-03-16 01:51:15,C00539,여,21,광주,패션,백팩,1,76900,0,간편결제
ORD002000,2025-04-06 22:13:17,C01182,남,34,경기,패션,백팩,2,77500,0,신용카드
ORD000441,2026-04-04 00:55:34,C01128,남,47,전남,뷰티,클렌징폼,1,14700,0.15,무통장입금
ORD002645,2025-07-22 22:11:22,C00549,여,23,경남,생활용품,무선청소기,1,182300,0,간편결제
ORD004374,2026-05-16 00:33:11,C01446,여,19,인천,뷰티,립틴트,1,18300,0.3,무통장입금
ORD002854,2026-02-21 11:09:05,C00723,여,49,대전,식품,원두커피,1,16700,0.05,계좌이체
ORD002989,2025-08-15 10:53:52,C01351,남,56,대구,전자기기,무선이어폰,2,75800,0.05,간편결제
ORD003960,2025-12-17 03:10:58,C00997,남,21,광주,뷰티,립틴트,1,17400,0.1,계좌이체
ORD001700,2025-07-23 09:12:55,C01331,여,28,대구,생활용품,무선청소기,1,178900,0.05,체크카드
ORD004600,2025-03-10 18:07:30,C00663,남,33,경기,식품,프로틴바,1,22300,0,신용카드
ORD003129,2026-09-18 10:34:53,C01531,여,56,전남,뷰티,클렌징폼,1,15600,0.1,계좌이체
ORD004536,2025-02-02 22:34:19,C01138,남,26,부산,전자기기,무선이어폰,3,75400,0.3,계좌이체
ORD000820,2026-08-11 23:33:34,C01593,남,67,서울,식품,견과세트,2,29400,0.05,무통장입금
ORD000016,2026-04-26 23:37:35,C01484,남,46,울산,뷰티,샴푸,3,21200,0,계좌이체
ORD001509,2025-06-06 22:04:32,C00539,여,41,대구,뷰티,수분크림,1,33500,0.05,체크카드
ORD003167,2025-06-08 05:26:33,C01562,남,43,경기,패션,백팩,3,84700,0,무통장입금
ORD004005,2026-03-27 19:59:14,C00647,여,61,경남,식품,생수24개,1,12200,0.2,무통장입금
ORD000539,2025-07-09 11:18:50,C00422,남,69,부산,생활용품,수건세트,2,32000,0.05,신용카드
ORD002886,2026-05-18 05:53:40,C00733,여,27,대전,식품,원두커피,1,18800,0.1,체크카드
ORD002920,2025-04-02 18:32:24,C00070,여,20,부산,생활용품,무선청소기,2,175200,0,간편결제
ORD004069,2025-09-09 04:15:45,C01189,여,58,울산,식품,견과세트,1,28300,0.05,체크카드
ORD002521,2025-09-17 21:42:14,C01350,남,32,서울,패션,운동화,2,102200,0.15,간편결제
ORD002621,2025-03-13 15:34:05,C01554,남,67,서울,패션,백팩,1,84100,0.3,간편결제
ORD002452,2026-04-18 10:10:54,C00870,남,57,부산,전자기기,보조배터리,1,37900,0.1,계좌이체
ORD002794,2025-03-21 03:16:44,C00503,남,62,인천,전자기기,블루투스스피커,1,68200,0.2,간편결제
ORD001285,2026-02-19 20:40:41,C00582,남,61,대전,전자기기,보조배터리,5,36400,0.1,체크카드
ORD003520,2026-03-13 09:28:42,C01144,여,50,대전,식품,프로틴바,1,23000,0.05,계좌이체
ORD004348,2025-05-22 21:50:00,C00136,여,49,대전,식품,즉석밥24개,2,27900,0,무통장입금
ORD000005,2026-08-22 03:45:49,C00808,남,20,울산,뷰티,립틴트,1,18100,0,무통장입금
ORD004668,2025-10-05 13:11:05,C00264,남,23,전남,뷰티,선크림,1,25900,0.3,신용카드
ORD004755,2026-04-27 03:51:06,C00247,여,65,울산,생활용품,수건세트,4,29600,0.2,무통장입금
ORD002195,2025-04-18 07:39:12,C01034,여,60,서울,패션,셔츠,1,45300,0.05,계좌이체
ORD003584,2026-01-11 07:24:06,C00229,여,41,전남,뷰티,립틴트,2,17100,0,무통장입금
ORD003834,2025-10-26 05:04:55,C00018,여,65,전남,생활용품,무선청소기,4,203200,0.1,체크카드
ORD002850,2025-11-15 05:02:35,C00515,남,45,울산,전자기기,기계식키보드,3,86800,0.15,간편결제
ORD004853,2025-02-21 04:51:42,C00766,여,56,인천,식품,원두커피,5,18600,0.1,간편결제
ORD004642,2025-01-10 10:03:18,C00659,남,26,부산,뷰티,선크림,1,25900,0.1,계좌이체
ORD001390,2025-10-29 10:20:16,C00162,남,33,대구,패션,백팩,4,81100,0,체크카드
ORD002504,2025-10-24 17:55:20,C00207,남,22,광주,전자기기,보조배터리,1,41400,0.2,계좌이체
ORD003291,2025-07-17 11:32:32,C01461,여,56,경남,뷰티,선크림,2,23700,0.1,간편결제
ORD004135,2025-04-10 03:35:49,C00579,남,59,부산,생활용품,무선청소기,1,194000,0.3,무통장입금
ORD000580,2025-06-14 05:00:35,C00298,여,29,인천,전자기기,스마트워치,1,171500,0,계좌이체
ORD001130,2025-03-20 11:29:34,C00101,남,18,부산,생활용품,전기포트,2,46100,0.3,체크카드
ORD003513,2026-09-01 06:17:34,C01316,여,35,경남,패션,백팩,3,80100,0.3,계좌이체
ORD002376,2025-07-14 03:58:16,C01303,남,135,,뷰티,샴푸,1,20200,0,신용카드
ORD002897,2025-04-14 01:46:40,C00640,여,20,경기,패션,백팩,2,81600,0.15,간편결제
ORD004372,2025-08-11 13:48:27,C01515,여,39,광주,전자기기,스마트워치,4,150100,0.15,계좌이체
ORD001137,2026-05-01 14:12:48,C01464,남,64,울산,전자기기,무선이어폰,2,83300,0.3,무통장입금
ORD003225,2025-06-17 05:58:26,C01267,여,18,광주,패션,운동화,1,115200,0.15,체크카드
ORD001335,2025-03-13 16:53:55,C01148,여,65,서울,패션,셔츠,1,46500,0.2,신용카드
ORD004390,2025-02-17 19:33:48,C01588,여,66,전남,뷰티,수분크림,1,32800,0.2,계좌이체
ORD000126,2026-01-18 09:30:37,C00555,여,38,울산,뷰티,선크림,3,22900,0,계좌이체
ORD002728,2025-12-24 19:41:22,C01536,여,26,대구,패션,백팩,1,80400,0.2,계좌이체
ORD002776,2026-09-07 10:30:58,C01388,여,58,부산,생활용품,무선청소기,1,195700,0.1,간편결제
ORD004420,2026-01-07 05:04:54,C00094,남,26,서울,전자기기,스마트워치,1,165000,0.1,체크카드
ORD003283,2025-05-12 05:33:49,C01159,여,29,서울,패션,운동화,2,114700,0,체크카드
ORD004902,2025-04-24 03:56:02,C01318,남,67,대전,뷰티,클렌징폼,1,15800,0.1,계좌이체
ORD001366,2026-02-07 19:52:14,C00430,여,32,대전,식품,즉석밥24개,1,26100,0.3,체크카드
ORD000077,2025-05-09 18:17:54,C01192,남,39,부산,뷰티,샴푸,1,21300,0.2,신용카드
ORD001669,2025-08-24 10:52:48,C00108,남,36,울산,식품,견과세트,2,30000,0.1,무통장입금
ORD003844,2025-10-07 12:34:35,C00619,여,61,서울,생활용품,무선청소기,1,185600,0,체크카드
ORD004383,2026-09-22 09:20:50,C00061,남,37,인천,패션,백팩,1,75900,0,신용카드
ORD002908,2026-07-22 20:05:34,C01481,여,58,경기,패션,후드티,2,61700,0,무통장입금
ORD002896,2026-02-17 18:06:12,C01453,여,58,광주,생활용품,전기포트,2,48300,0.2,신용카드
ORD001435,2025-12-24 21:11:11,C01377,여,52,광주,패션,운동화,1,117600,0,체크카드
ORD001508,2025-08-26 11:35:53,C01010,남,59,서울,뷰티,수분크림,1,31100,0.3,간편결제
ORD002774,2025-08-14 18:18:52,C00892,남,66,대전,뷰티,립틴트,1,19200,0.1,신용카드
ORD001447,2025-08-13 01:53:53,C00299,여,59,서울,전자기기,무선이어폰,4,83100,0,계좌이체
ORD000849,2026-09-03 06:01:44,C01170,남,32,대구,식품,즉석밥24개,1,28000,0.1,무통장입금
ORD001778,2025-02-19 02:09:00,C00454,남,69,인천,식품,즉석밥24개,1,24900,0.2,간편결제
ORD004262,2025-04-27 06:37:31,C01071,여,27,부산,생활용품,전기포트,1,46200,0.1,신용카드
ORD000440,2025-04-10 02:43:12,C01509,남,64,서울,뷰티,립틴트,2,19200,0.1,무통장입금
ORD003223,2026-06-14 13:44:03,C00763,여,18,전남,생활용품,수건세트,1,31000,0.15,신용카드
ORD000337,2026-03-13 07:29:59,C01247,남,36,부산,식품,생수24개,3,12300,0.05,계좌이체
ORD004887,2025-08-08 08:16:40,C01117,여,53,대전,생활용품,수납함,1,27800,0.05,계좌이체
ORD002577,2025-10-14 11:10:42,C00582,남,21,경남,생활용품,수납함,1,28400,0.1,무통장입금
ORD000073,2026-01-20 10:03:07,C00795,여,40,경기,생활용품,수납함,1,29900,0,체크카드
ORD000312,2025-10-02 12:19:03,C01200,남,66,부산,패션,백팩,5,79000,0.1,간편결제
ORD000735,2026-03-17 20:19:08,C00842,여,20,대구,생활용품,무선청소기,2,199600,0,계좌이체
ORD002204,2025-10-20 23:10:48,C01088,남,38,광주,뷰티,립틴트,1,16700,0,간편결제
ORD002047,2025-03-28 14:01:51,C00207,남,52,인천,패션,셔츠,1,48500,0,무통장입금
ORD001106,2025-03-24 02:57:39,C01133,여,25,부산,패션,운동화,1,105100,0,체크카드
ORD003532,2025-05-14 23:47:20,C00941,여,19,대구,식품,생수24개,1,11800,0,간편결제
ORD003259,2025-04-17 21:06:17,C01466,남,60,광주,생활용품,수건세트,1,30600,0.05,신용카드
ORD004452,2026-09-21 16:11:59,C01510,남,65,서울,식품,생수24개,4,12700,0,무통장입금
ORD001645,2026-08-27 02:41:00,C00680,남,26,대전,식품,생수24개,3,11800,0.1,무통장입금
ORD004398,2026-03-27 06:55:49,C01292,여,36,부산,전자기기,보조배터리,1,41400,0.1,간편결제
ORD000221,2025-11-04 02:50:04,C00590,남,51,부산,전자기기,기계식키보드,1,93800,0.3,계좌이체
ORD004548,2025-01-15 14:47:02,C00129,남,20,경기,생활용품,텀블러,4,26600,0.1,계좌이체
ORD002041,2025-03-03 05:52:05,C01127,여,30,부산,패션,청바지,4,66100,0.3,간편결제
ORD000254,2026-01-10 12:11:43,C01340,남,52,부산,뷰티,수분크림,1,32500,0.1,신용카드
ORD000891,2025-12-26 08:08:55,C01048,여,52,대전,패션,셔츠,1,52700,0,계좌이체
ORD002241,2025-09-20 01:19:20,C00587,남,47,경기,식품,원두커피,1,18100,0.3,체크카드
ORD002377,2026-02-18 08:54:41,C00232,남,30,경기,생활용품,수납함,1,27600,0.1,계좌이체
ORD003310,2026-06-07 22:01:43,C00500,여,39,광주,패션,셔츠,1,45400,0.05,무통장입금
ORD000739,2026-06-03 18:42:00,C01167,남,44,대구,뷰티,샴푸,2,21700,0.2,체크카드
ORD003996,2026-02-04 14:58:39,C00155,남,27,서울,생활용품,전기포트,2,47400,0,계좌이체
ORD003414,2026-03-27 10:01:53,C01292,여,66,경기,전자기기,보조배터리,1,38600,0,무통장입금
ORD001164,2025-12-19 07:27:17,C00745,여,61,울산,생활용품,전기포트,1,51900,0.15,신용카드
ORD004894,2025-07-13 22:53:31,C00701,여,28,경기,전자기기,스마트워치,1,158800,0.05,계좌이체
ORD004777,2025-04-15 06:25:24,C00686,여,33,광주,식품,프로틴바,1,21800,0.2,체크카드
ORD002316,2025-10-04 19:37:18,C00465,여,59,전남,패션,운동화,2,109800,0.1,간편결제
ORD003538,2025-04-23 13:43:27,C00136,남,38,울산,전자기기,기계식키보드,2,92900,0,신용카드
ORD000029,2025-11-15 02:12:23,C00222,여,40,부산,패션,청바지,1,65800,0.2,신용카드
ORD003096,2025-08-18 19:37:13,C00165,남,55,경기,식품,견과세트,1,31200,0.3,간편결제
ORD001783,2026-05-22 10:25:17,C01209,여,68,대구,전자기기,무선이어폰,1,73800,0,무통장입금
ORD004861,2026-09-15 13:45:00,C01422,남,50,울산,전자기기,블루투스스피커,1,63500,0,체크카드
ORD003550,2026-04-08 19:18:39,C01462,여,48,울산,뷰티,립틴트,2,17400,0.15,간편결제
ORD000167,2025-12-23 23:42:56,C00591,남,48,서울,식품,견과세트,1,28800,0,간편결제
ORD001667,2025-08-01 16:16:45,C01272,여,48,부산,생활용품,수건세트,2,29800,0.15,신용카드
ORD001578,2026-09-12 05:49:23,C00079,여,63,부산,뷰티,샴푸,1,20300,0.15,간편결제
ORD001603,2026-05-22 18:43:41,C01113,남,56,광주,패션,셔츠,1,51300,0,간편결제
ORD002122,2025-01-01 12:26:08,C00947,여,35,광주,식품,프로틴바,2,20800,0.15,무통장입금
ORD002982,2025-07-12 06:54:07,C00131,여,31,서울,식품,프로틴바,1,23300,0,간편결제
ORD000929,2025-11-23 02:51:36,C00559,여,23,부산,생활용품,전기포트,2,49900,0,간편결제
ORD002900,2025-11-28 01:39:59,C00748,여,41,전남,뷰티,샴푸,3,21100,0.1,체크카드
ORD003448,2025-09-15 14:57:17,C01506,여,64,광주,식품,즉석밥24개,4,29100,0.1,무통장입금
ORD004551,2025-10-30 03:22:00,C00247,여,62,대구,패션,운동화,4,113600,0,신용카드
ORD003765,2025-12-07 06:38:25,C00485,남,50,인천,전자기기,무선이어폰,1,80900,0.3,간편결제
ORD003959,2026-04-25 22:44:33,C00597,여,40,경기,전자기기,블루투스스피커,1,68000,0.2,체크카드
ORD001836,2025-12-24 21:11:52,C01153,여,46,서울,패션,청바지,1,72900,0.15,신용카드
ORD000505,2025-04-28 15:55:51,C01094,남,42,광주,패션,후드티,1,60200,0.1,신용카드
ORD000738,2025-04-17 13:29:50,C01406,여,,경기,뷰티,립틴트,1,17100,0,체크카드
ORD004653,2026-09-11 22:22:11,C01510,남,46,인천,생활용품,전기포트,2,48400,0,간편결제
ORD003393,2026-09-12 17:37:30,C00614,여,44,경남,식품,견과세트,3,30300,0,계좌이체
ORD002396,2026-04-09 09:47:01,C01578,여,49,대구,뷰티,샴푸,1,19500,0.15,무통장입금
ORD003860,2025-06-03 21:13:14,C00088,여,18,서울,식품,원두커피,1,18000,0,체크카드
ORD002500,2025-09-02 06:01:44,C00590,남,50,부산,패션,청바지,1,66300,0,체크카드
ORD000970,2026-07-25 22:46:36,C01244,남,36,광주,뷰티,클렌징폼,1,16100,0.2,무통장입금
ORD000072,2026-08-30 20:43:14,C00275,여,35,경기,패션,백팩,1,79800,0,계좌이체
ORD003878,2026-08-11 15:47:28,C00757,여,59,전남,전자기기,기계식키보드,1,93700,0.1,계좌이체
ORD003252,2025-06-08 01:57:42,C00770,,64,경남,생활용품,텀블러,1,24400,0.1,간편결제
ORD004738,2025-07-13 17:01:25,C01391,여,55,대구,뷰티,립틴트,2,16600,0.15,무통장입금
ORD002636,2026-08-11 07:00:22,C00778,여,25,대구,뷰티,클렌징폼,1,15900,0.3,신용카드
ORD000387,2025-12-17 10:27:22,C00919,남,27,인천,전자기기,보조배터리,4,37700,0.1,체크카드
ORD004770,2026-08-29 06:19:37,C00314,남,43,인천,패션,백팩,1,83500,0.05,간편결제
ORD002690,2025-07-15 14:20:57,C01373,여,25,인천,패션,셔츠,4,50900,0.1,간편결제
ORD000498,2025-08-07 19:02:09,C01422,남,54,울산,패션,청바지,1,73400,0,계좌이체
ORD004377,2025-09-01 05:04:05,C01286,남,31,서울,전자기기,블루투스스피커,1,63900,0.1,체크카드
ORD002345,2025-07-29 04:19:32,C00496,여,53,울산,뷰티,선크림,1,22500,0.1,간편결제
ORD001482,2025-06-07 00:20:19,C01592,남,67,광주,전자기기,보조배터리,1,39900,0,간편결제
ORD002842,2025-03-29 20:21:47,C00335,남,32,대구,뷰티,수분크림,1,32100,0.05,신용카드
ORD004934,2026-07-28 09:45:32,C00766,남,38,대전,전자기기,무선이어폰,1,78800,0.05,신용카드
ORD002865,2025-11-28 03:03:39,C00873,여,53,경기,패션,청바지,2,64300,0,간편결제
ORD000541,2026-04-11 13:15:48,C01351,남,69,대구,식품,프로틴바,2,20400,0,무통장입금
ORD002153,2026-04-27 14:55:44,C00207,여,37,인천,뷰티,수분크림,1,30100,0.05,무통장입금
ORD002408,2025-10-11 21:48:26,C00467,여,65,광주,뷰티,클렌징폼,1,15300,0.05,무통장입금
ORD000174,2025-01-19 20:05:28,C01065,남,58,경남,뷰티,샴푸,1,22600,0.15,간편결제
ORD000762,2025-04-26 03:50:23,C00884,남,64,전남,식품,생수24개,1,12300,0.15,계좌이체
ORD003749,2026-01-16 21:00:27,C00498,여,51,대전,전자기기,무선이어폰,1,74500,0,간편결제
ORD004338,2026-06-11 12:22:26,C00961,남,54,광주,패션,후드티,2,58700,0,신용카드
ORD000211,2025-11-26 21:19:51,C01271,남,62,부산,생활용품,전기포트,1,52400,0.2,체크카드
ORD004797,2025-03-10 22:49:24,C00460,여,22,대구,패션,후드티,2,58100,0,무통장입금
ORD001005,2025-03-15 02:50:59,C00501,남,34,,뷰티,선크림,2,23500,0,무통장입금
ORD001831,2025-12-01 23:52:41,C01290,남,57,부산,패션,후드티,2,57500,0.1,무통장입금
ORD001725,2025-08-26 09:06:31,C00477,남,63,경기,뷰티,샴푸,1,20900,0.05,간편결제
ORD003737,2025-07-07 10:08:45,C01135,남,57,경남,패션,백팩,1,73600,0,무통장입금
ORD001132,2026-01-31 09:06:25,C00475,여,35,경남,전자기기,무선이어폰,2,77400,0,신용카드
ORD004462,2025-08-15 14:17:13,C00263,남,56,울산,생활용품,전기포트,2,48400,0.3,체크카드
ORD003956,2026-07-28 21:03:27,C01148,남,23,광주,패션,운동화,1,109900,0.1,체크카드
ORD004104,2025-03-06 18:10:06,C00768,여,52,인천,패션,청바지,1,73600,0,신용카드
ORD004435,2025-05-20 21:47:16,C01195,남,47,인천,식품,원두커피,1,18500,0,신용카드
ORD001345,2026-05-12 10:17:11,C00411,여,24,,생활용품,수건세트,4,34200,0.15,계좌이체
ORD004658,2025-01-25 03:50:49,C00307,남,36,광주,식품,생수24개,2,12900,0.05,무통장입금
ORD004811,2025-10-02 06:46:01,C00829,여,39,전남,패션,백팩,3,85200,0,계좌이체
ORD000455,2025-05-22 03:33:38,C01289,남,40,대전,뷰티,클렌징폼,3,16800,0.1,신용카드
ORD003495,2025-04-26 19:55:29,C00309,여,27,대전,패션,백팩,2,81000,0.05,체크카드
ORD002613,2025-10-24 04:16:33,C01181,남,55,경남,생활용품,수납함,3,28800,0,체크카드
ORD002856,2026-08-04 13:12:09,C00337,여,27,부산,생활용품,수납함,3,28300,0.15,계좌이체
ORD003768,2025-05-29 07:33:38,C00160,여,53,광주,생활용품,수건세트,1,30500,0.05,간편결제
ORD001953,2025-08-26 18:40:40,C00013,남,58,경기,생활용품,무선청소기,5,187200,0,간편결제
ORD000542,2025-07-22 07:07:13,C00698,남,27,부산,식품,견과세트,1,27100,0,체크카드
ORD004022,2026-01-25 15:45:41,C00607,남,44,서울,패션,후드티,1,58100,0.1,무통장입금
ORD002930,2025-05-11 04:44:09,C00305,남,42,인천,패션,후드티,1,61000,0.1,계좌이체
ORD000532,2025-06-17 23:50:03,C01316,여,57,대전,전자기기,스마트워치,2,159600,0.1,체크카드
ORD004494,2025-04-06 17:54:27,C01218,여,39,경남,생활용품,수납함,2,27800,0,신용카드
ORD001940,2025-12-21 09:44:37,C01121,여,66,울산,전자기기,보조배터리,1,35900,0.1,신용카드
ORD000269,2025-06-12 21:19:33,C00028,남,59,전남,식품,원두커피,1,19100,0,무통장입금
ORD002634,2025-05-07 09:06:54,C00150,남,60,전남,식품,원두커피,1,18100,0.1,체크카드
ORD001223,2026-04-15 10:54:59,C00582,여,69,경남,뷰티,클렌징폼,1,16700,0,신용카드
ORD000689,2025-06-21 20:50:40,C01193,여,38,대구,패션,청바지,1,74000,0.1,간편결제
ORD003552,2026-05-27 01:04:14,C01148,여,21,경기,전자기기,스마트워치,1,170100,0,무통장입금
ORD001269,2026-09-07 14:21:45,C01208,여,30,인천,전자기기,기계식키보드,2,90700,0.05,계좌이체
ORD003619,2026-04-08 15:31:49,C00485,남,36,울산,패션,백팩,1,84900,0,체크카드
ORD001817,2025-11-03 10:55:48,C00046,여,68,전남,식품,원두커피,1,18300,0.05,체크카드
ORD001766,2025-07-06 18:49:21,C01206,남,63,부산,뷰티,수분크림,1,30100,0,간편결제
ORD003596,2026-06-23 22:36:07,C01284,남,52,경기,생활용품,무선청소기,1,191400,0.1,계좌이체
ORD000117,2026-09-13 07:20:48,C01003,여,64,경남,식품,원두커피,1,16900,0.15,간편결제
ORD002141,2026-08-26 19:24:15,C01324,남,65,대전,생활용품,전기포트,3,45600,0.1,간편결제
ORD001388,2026-01-30 06:31:50,C00811,여,67,경남,패션,청바지,2,70100,0.05,무통장입금
ORD004042,2026-08-11 12:59:29,C00844,여,60,광주,식품,원두커피,2,18800,0.1,신용카드
ORD001394,2025-05-10 20:17:32,C00687,남,53,경기,전자기기,블루투스스피커,1,67200,0.05,체크카드
ORD002355,2025-09-16 04:51:49,C00290,남,57,경남,식품,원두커피,1,16800,0.15,신용카드
ORD003206,2026-06-30 21:36:38,C01597,여,18,전남,생활용품,텀블러,3,25300,0.05,신용카드
ORD002911,2026-09-23 21:16:38,C00710,여,41,서울,패션,후드티,1,55300,0,체크카드
ORD000936,2025-05-29 16:17:29,C01478,남,66,인천,식품,프로틴바,5,20400,0.05,간편결제
ORD003442,2025-08-11 01:19:36,C00509,여,20,대구,생활용품,무선청소기,1,201600,0.1,
ORD001023,2026-03-19 12:01:28,C01364,여,59,울산,전자기기,기계식키보드,1,93500,0.05,계좌이체
ORD001617,2026-05-25 03:21:22,C01355,남,38,경남,뷰티,샴푸,1,20300,0.2,신용카드
ORD000462,2025-01-02 02:48:10,C01167,여,20,울산,뷰티,수분크림,3,34000,0.15,체크카드
ORD003651,2025-05-04 16:43:38,C00277,여,45,인천,생활용품,수납함,1,26900,0.1,체크카드
ORD004722,2025-05-16 05:11:13,C01132,남,61,대전,뷰티,클렌징폼,1,17200,0,신용카드
ORD004608,2026-08-25 00:42:27,C00033,남,54,광주,식품,프로틴바,1,21100,0.1,계좌이체
ORD000570,2025-10-10 09:38:22,C01548,여,36,경남,패션,운동화,3,110100,0,간편결제
ORD001631,2025-02-16 17:23:39,C00901,여,52,울산,식품,견과세트,1,30700,0.05,계좌이체
ORD002074,2025-01-30 17:20:07,C01366,남,59,대구,전자기기,블루투스스피커,1,67900,0.1,체크카드
ORD002660,2025-11-24 05:35:13,C00480,남,23,광주,뷰티,수분크림,1,34500,0,간편결제
ORD001821,2026-02-12 02:00:30,C00885,남,44,대구,생활용품,무선청소기,1,197300,0.05,간편결제
ORD000845,2026-01-15 06:09:00,C00156,남,29,전남,식품,프로틴바,2,23600,0,간편결제
ORD001801,2025-01-21 22:49:16,C01354,남,69,서울,패션,운동화,4,107700,0,무통장입금
ORD000101,2026-06-19 14:22:21,C00393,남,50,광주,패션,백팩,1,74200,0.15,간편결제
ORD002550,2025-10-07 20:07:23,C00231,여,25,부산,생활용품,수납함,2,29400,0.1,체크카드
ORD000879,2026-04-22 01:24:59,C00501,여,31,인천,생활용품,전기포트,2,50900,0.1,신용카드
ORD001590,2026-04-18 02:05:28,C00229,여,67,경기,식품,생수24개,4,11300,0.3,체크카드
ORD002724,2025-04-03 00:36:16,C00461,남,30,광주,뷰티,수분크림,1,31600,0,신용카드
ORD001713,2025-01-08 15:36:08,C00230,여,50,경기,뷰티,샴푸,1,20000,0,간편결제
ORD003872,2025-06-10 14:57:01,C00573,남,34,전남,전자기기,무선이어폰,1,73000,0,무통장입금
ORD001733,2026-09-01 00:39:34,C01156,여,43,인천,패션,후드티,1,54500,0.15,체크카드
ORD000334,2025-01-31 03:01:46,C01029,여,23,부산,전자기기,보조배터리,1,40200,0,무통장입금
ORD003997,2025-12-03 08:53:13,C01057,남,60,인천,전자기기,기계식키보드,1,85000,0.2,신용카드
ORD003801,2026-08-29 07:03:08,C01393,여,22,서울,생활용품,수납함,1,26400,0,간편결제
ORD002833,2026-03-06 14:47:46,C00673,남,65,경기,식품,원두커피,1,17700,0,무통장입금
ORD004586,2025-01-21 00:03:29,C00115,여,34,인천,식품,견과세트,2,27800,0.05,간편결제
ORD000873,2025-02-21 05:18:46,C01143,남,47,광주,패션,후드티,4,56100,0.1,체크카드
ORD000925,2025-03-22 20:36:30,C01131,남,52,부산,뷰티,수분크림,1,32400,0.1,체크카드
ORD001925,2026-04-08 05:03:27,C00826,여,34,인천,생활용품,무선청소기,2,199900,0,신용카드
ORD001804,2025-07-27 19:31:23,C00349,남,66,울산,전자기기,보조배터리,1,41200,0.05,계좌이체
ORD000323,2025-08-04 05:55:10,C00454,,41,서울,패션,청바지,1,64900,0.3,신용카드
ORD000844,2025-03-07 13:54:44,C00032,여,49,경기,전자기기,블루투스스피커,1,64600,0.1,체크카드
ORD001641,2025-09-30 02:51:12,C00232,남,57,인천,전자기기,무선이어폰,2,81100,0.15,체크카드
ORD000797,2025-03-20 20:32:54,C00563,남,51,경기,식품,즉석밥24개,1,26000,0.2,간편결제
ORD001843,2025-03-20 23:50:05,C00346,남,61,대전,뷰티,수분크림,1,30400,0.2,계좌이체
ORD000172,2026-05-02 20:26:13,C00954,남,54,부산,식품,즉석밥24개,1,27400,0.1,간편결제
ORD000758,2025-08-19 20:46:52,C01041,남,35,대구,전자기기,무선이어폰,1,79100,0.3,무통장입금
ORD002225,2025-01-28 15:38:00,C01213,여,61,광주,식품,원두커피,1,16800,0.05,무통장입금
ORD002772,2025-12-06 12:53:58,C00144,여,24,울산,뷰티,샴푸,1,20400,0,신용카드
ORD000430,2025-04-12 08:36:54,C00258,남,41,전남,뷰티,선크림,1,23200,0.2,체크카드
ORD004865,2025-01-11 09:23:56,C01428,남,69,인천,전자기기,무선이어폰,2,82700,0.1,신용카드
ORD001101,2025-09-20 22:33:22,C00861,남,25,대구,전자기기,무선이어폰,1,77700,0.1,무통장입금
ORD003698,2026-08-25 05:02:31,C01173,남,24,서울,식품,프로틴바,1,23500,0.05,체크카드
ORD000959,2026-02-12 20:14:57,C00434,여,40,대구,식품,즉석밥24개,1,29100,0.2,간편결제
ORD001867,2025-01-21 00:56:03,C00890,남,33,광주,패션,셔츠,1,49300,0.1,간편결제
ORD004136,2025-03-08 06:40:03,C00946,남,22,경남,패션,후드티,4,54700,0,간편결제
ORD001070,2026-03-29 21:22:57,C01575,남,42,부산,생활용품,텀블러,1,25200,0,간편결제
ORD002297,2025-10-04 03:15:56,C01450,남,47,서울,뷰티,샴푸,5,21000,0.05,계좌이체
ORD001684,2025-05-15 19:05:30,C00940,여,60,서울,뷰티,립틴트,3,18000,0,신용카드
ORD003766,2026-01-18 00:12:42,C00739,남,27,울산,뷰티,수분크림,2,33300,0,간편결제
ORD000477,2025-12-12 06:41:37,C00902,여,23,대구,생활용품,수건세트,3,30300,0.05,체크카드
ORD003349,2025-03-12 15:58:16,C00532,남,31,광주,뷰티,립틴트,1,17300,0.15,체크카드
ORD001427,2025-04-16 12:13:12,C01383,여,38,대전,식품,견과세트,1,30200,0,간편결제
ORD004057,2025-04-22 05:39:53,C00224,남,41,경기,전자기기,블루투스스피커,1,64000,0,무통장입금
ORD002447,2026-05-02 14:47:42,C00248,남,46,인천,뷰티,립틴트,2,18400,0,계좌이체
ORD004743,2026-01-26 12:31:27,C00682,남,19,대구,식품,견과세트,1,30800,0.1,간편결제
ORD003256,2026-04-29 15:40:45,C00643,남,33,인천,뷰티,수분크림,1,32100,0.3,계좌이체
ORD004367,2025-08-31 04:56:37,C01486,여,45,경남,식품,프로틴바,2,21200,0.2,신용카드
ORD002471,2026-06-12 20:16:22,C01098,여,32,부산,패션,청바지,3,72000,0.1,무통장입금
ORD004619,2025-02-06 11:12:39,C00656,남,49,대전,생활용품,수건세트,3,30300,0.1,무통장입금
ORD004878,2026-08-08 01:23:18,C00283,여,62,서울,뷰티,수분크림,1,33200,0.1,간편결제
ORD003388,2026-03-29 13:24:47,C01510,남,57,인천,패션,청바지,1,65100,0,무통장입금
ORD003715,2025-09-28 13:57:19,C01276,여,24,광주,뷰티,선크림,4,25500,0.05,신용카드
ORD001865,2025-01-19 05:23:15,C00647,여,27,울산,생활용품,수건세트,1,31500,0.15,간편결제
ORD004990,2025-03-12 00:09:47,C00015,여,58,경기,패션,청바지,3,66400,0.05,계좌이체
ORD002429,2025-11-09 07:31:49,C00617,여,18,인천,뷰티,수분크림,1,31000,0.3,간편결제
ORD000635,2025-05-03 00:04:22,C01414,남,32,광주,패션,후드티,4,56200,0.1,간편결제
ORD004150,2026-07-10 06:43:03,C00696,여,36,부산,패션,청바지,3,72100,0,계좌이체
ORD002258,2026-01-02 22:49:55,C00933,남,67,대구,식품,즉석밥24개,2,26500,0.05,계좌이체
ORD000810,2025-06-08 13:30:13,C00524,여,23,부산,전자기기,스마트워치,1,147500,0.05,간편결제
ORD002512,2026-08-19 08:47:21,C00140,여,36,대구,식품,원두커피,1,17600,0,무통장입금
ORD002988,2026-06-18 21:41:36,C00376,여,39,광주,패션,후드티,1,62900,0.1,계좌이체
ORD000567,2025-01-05 20:54:37,C00605,남,42,대구,식품,즉석밥24개,2,25900,0.2,체크카드
ORD002811,2026-01-18 07:52:02,C01318,남,47,울산,패션,셔츠,1,49600,0.3,계좌이체
ORD000660,2026-01-29 10:58:24,C01346,여,24,대전,생활용품,수납함,1,29400,0.05,간편결제
ORD000750,2026-05-28 21:06:56,C01495,남,19,울산,생활용품,수납함,2,28600,0.1,계좌이체
ORD001159,2026-07-22 23:33:09,C01495,여,32,경남,패션,청바지,1,67600,0,계좌이체
ORD000982,2025-03-12 21:47:37,C01553,남,64,경남,생활용품,무선청소기,1,182900,0.1,신용카드
ORD004256,2025-02-22 06:12:17,C00695,여,18,대구,뷰티,립틴트,1,17700,0.3,간편결제
ORD003398,2025-05-04 07:04:41,C00452,남,24,부산,패션,후드티,1,60900,0.15,체크카드
ORD000550,2025-02-15 19:46:45,C01340,여,22,전남,전자기기,스마트워치,1,162300,0,신용카드
ORD000281,2025-04-29 06:41:35,C00535,남,41,대구,식품,원두커피,4,17800,0,무통장입금
ORD002034,2026-01-29 01:10:18,C01396,여,41,부산,생활용품,전기포트,3,46000,0.3,체크카드
ORD000127,2026-04-20 13:26:16,C00847,남,63,부산,패션,청바지,1,71700,0.05,신용카드
ORD001704,2025-12-31 01:59:43,C00543,여,28,대전,전자기기,무선이어폰,1,84200,0.1,체크카드
ORD004206,2025-05-17 08:43:41,C01097,여,60,서울,전자기기,기계식키보드,2,88500,0.05,신용카드
ORD004202,2026-07-28 14:04:48,C01389,남,34,부산,생활용품,수건세트,1,32700,0,간편결제
ORD002231,2025-04-19 20:19:18,C00248,남,33,서울,전자기기,기계식키보드,1,95200,0,체크카드
ORD000055,2025-08-09 09:22:41,C00079,남,50,광주,패션,셔츠,1,47400,0.05,신용카드
ORD002223,2026-05-29 10:25:12,C00308,여,65,부산,뷰티,수분크림,3,33500,0.1,간편결제
ORD004956,2025-10-09 10:18:21,C00240,남,63,대전,식품,원두커피,1,18500,0,계좌이체
ORD002717,2025-05-14 06:36:31,C00631,남,69,경기,생활용품,수건세트,1,31000,0,신용카드
ORD003983,2025-06-11 05:21:45,C00549,남,40,대구,생활용품,수건세트,3,29700,0,간편결제
ORD003935,2025-11-25 20:59:40,C00204,여,66,부산,생활용품,텀블러,1,25500,0,계좌이체
ORD001094,2025-08-18 07:46:26,C00602,여,58,울산,뷰티,샴푸,3,19800,0,간편결제
ORD001360,2026-01-31 00:27:42,C00008,남,23,울산,패션,운동화,2,104800,0.1,계좌이체
ORD002487,2025-11-14 20:40:56,C00309,여,43,울산,생활용품,수납함,1,29100,0.3,신용카드
ORD003735,2026-07-09 12:34:48,C01517,여,63,서울,식품,생수24개,3,11700,0.1,체크카드
ORD000816,2025-07-14 07:54:29,C01565,여,31,전남,패션,백팩,1,74200,0.2,무통장입금
ORD001499,2025-07-30 12:44:45,C01082,남,24,전남,식품,생수24개,1,12900,0.1,간편결제
ORD004535,2026-06-26 10:33:04,C00602,남,18,전남,생활용품,수납함,2,26100,0.15,간편결제
ORD000516,2026-01-26 20:39:28,C00272,남,34,경기,식품,원두커피,1,18400,0.05,체크카드
ORD003308,2025-07-06 05:38:12,C00913,여,20,인천,식품,원두커피,1,17100,0,무통장입금
ORD001067,2025-12-30 18:35:57,C01283,남,38,서울,패션,백팩,3,72800,0.1,신용카드
ORD001697,2026-05-26 02:06:18,C01408,남,38,광주,뷰티,선크림,3,23200,0.1,간편결제
ORD004436,2026-05-05 18:27:43,C00681,남,34,대전,생활용품,수건세트,1,34200,0.05,체크카드
ORD002331,2025-03-19 05:08:39,C01529,여,,경기,생활용품,수건세트,2,29900,0.1,체크카드
ORD000150,2025-03-23 15:07:10,C00718,여,44,,생활용품,수납함,1,27000,0.2,간편결제
ORD000781,2025-03-30 15:42:17,C01526,남,67,경기,식품,프로틴바,2,20700,0.1,신용카드
ORD002136,2026-07-30 21:49:12,C00609,남,25,서울,패션,후드티,4,56400,0.05,체크카드
ORD003694,2025-12-07 23:20:20,C01536,남,51,전남,패션,후드티,1,63500,0,신용카드
ORD001026,2026-05-26 14:43:11,C01045,남,30,대전,패션,셔츠,2,48300,0.1,무통장입금
ORD002822,2025-07-13 12:13:35,C00877,남,43,광주,뷰티,클렌징폼,1,16500,0.1,체크카드
ORD003464,2025-05-15 14:43:02,C01407,남,25,인천,식품,견과세트,1,30500,0,체크카드
ORD003352,2025-08-25 22:53:13,C00459,남,55,인천,뷰티,립틴트,1,18300,0.15,신용카드
ORD002788,2026-04-20 01:40:47,C00469,여,55,경남,패션,백팩,3,80600,0.1,무통장입금
ORD003228,2026-07-25 06:47:11,C00558,여,26,부산,식품,원두커피,1,18000,0.1,체크카드
ORD001167,2025-04-20 00:26:31,C01021,여,33,인천,전자기기,블루투스스피커,1,70100,0.3,계좌이체
ORD003368,2025-04-28 16:11:56,C00935,남,45,인천,패션,청바지,1,67100,0.1,신용카드
ORD002045,2025-09-03 06:21:13,C00715,여,19,대전,전자기기,블루투스스피커,2,70800,0.1,간편결제
ORD003923,2026-06-07 03:17:39,C00943,여,60,전남,식품,원두커피,1,18300,0,체크카드
ORD004242,2026-06-22 22:31:00,C00031,남,57,울산,생활용품,수건세트,1,34200,0,간편결제
ORD002524,2025-03-31 08:59:32,C01127,남,25,대구,전자기기,스마트워치,3,159400,0,무통장입금
ORD000031,2025-10-12 20:39:26,C00585,남,51,대구,뷰티,수분크림,1,33300,0.15,신용카드
ORD001115,2025-05-01 14:14:20,C01107,남,33,인천,전자기기,스마트워치,1,169900,0.1,무통장입금
ORD000204,2025-07-27 09:22:02,C00595,여,54,전남,뷰티,샴푸,1,19500,0.05,무통장입금
ORD001554,2026-04-15 11:07:25,C01058,남,23,전남,패션,셔츠,2,49000,0.05,계좌이체
ORD000531,2025-08-03 03:44:47,C00965,남,62,대구,식품,원두커피,1,17800,0.1,신용카드
ORD001078,2025-12-18 19:13:06,C00826,남,64,서울,뷰티,클렌징폼,3,15000,0.2,간편결제
ORD002108,2025-12-24 20:49:58,C00779,여,32,광주,전자기기,블루투스스피커,1,70800,0.1,신용카드
ORD000846,2026-05-15 23:00:40,C00923,남,44,대구,생활용품,수건세트,2,30500,0.05,간편결제
ORD000774,2026-09-20 11:09:17,C00382,여,30,인천,전자기기,스마트워치,4,2500000,0.05,무통장입금
ORD002265,2026-07-02 10:43:48,C00693,남,21,광주,뷰티,샴푸,1,20400,0.2,계좌이체
ORD002957,2025-12-02 21:10:13,C00595,여,44,대전,뷰티,수분크림,1,31100,0,체크카드
ORD001178,2026-05-31 03:13:33,C01104,남,48,경남,패션,청바지,1,68100,0.15,무통장입금
ORD002531,2026-04-07 18:35:59,C01228,여,65,울산,생활용품,전기포트,4,50400,0.05,체크카드
ORD001529,2026-03-22 03:27:00,C00187,남,19,경남,식품,견과세트,1,28600,0,간편결제
ORD001513,2025-06-15 01:36:44,C00577,남,56,경남,뷰티,클렌징폼,1,16200,0.3,계좌이체
ORD002857,2025-06-12 12:55:17,C00772,남,22,전남,뷰티,립틴트,1,17100,0.1,간편결제
ORD000265,2025-03-13 15:05:47,C00766,남,34,대전,뷰티,샴푸,2,19500,0,체크카드
ORD004964,2025-05-31 20:45:05,C00800,여,59,대전,뷰티,립틴트,2,17700,0.1,계좌이체
ORD003534,2026-04-25 23:15:30,C00985,여,57,경기,식품,견과세트,1,29300,0.1,간편결제
ORD004793,2025-04-14 08:48:06,C00793,남,53,대전,패션,청바지,2,67900,0.15,무통장입금
ORD003591,2025-10-12 16:24:07,C00478,여,45,경기,생활용품,텀블러,2,23300,0,간편결제
ORD000308,2026-09-06 04:33:19,C01400,여,60,전남,생활용품,수납함,1,26000,0,체크카드
ORD004303,2025-10-22 08:35:34,C00724,여,51,인천,뷰티,수분크림,2,32400,0.1,무통장입금
ORD003092,2025-05-25 16:15:46,C01034,여,56,경남,식품,즉석밥24개,4,27900,0.05,신용카드
ORD004352,2025-12-27 19:15:16,C01542,여,36,대전,전자기기,기계식키보드,2,82800,0.1,체크카드
ORD001758,2026-05-21 14:43:40,C01585,여,20,대구,뷰티,선크림,1,25100,0,체크카드
ORD004167,2026-06-02 06:32:23,C00702,여,54,인천,생활용품,수건세트,4,33400,0.2,계좌이체
ORD004292,2025-04-13 20:00:16,C00616,남,69,경기,식품,프로틴바,2,22000,0,신용카드
ORD000627,2026-08-22 20:46:19,C01129,여,25,전남,생활용품,수건세트,1,32900,0.15,계좌이체
ORD001945,2026-02-24 00:08:59,C01184,여,65,경남,뷰티,선크림,4,25400,0.1,간편결제
ORD002681,2025-04-02 01:50:23,C00797,여,29,광주,전자기기,보조배터리,2,40700,0.05,체크카드
ORD001035,2025-02-23 21:46:30,C01170,여,44,인천,패션,운동화,2,110800,0,계좌이체
ORD003812,2025-03-24 10:59:37,C00732,여,29,서울,뷰티,선크림,3,25300,0.1,간편결제
ORD001511,2025-02-03 04:48:08,C00426,남,68,대구,패션,청바지,5,63500,0,계좌이체
ORD004166,2026-03-14 00:27:19,C01438,남,24,서울,식품,생수24개,4,12300,0.05,체크카드
ORD002594,2025-07-18 00:22:09,C00471,남,34,서울,전자기기,블루투스스피커,3,72200,0.3,무통장입금
ORD000033,2026-03-15 05:47:45,C00140,남,34,대구,식품,견과세트,2,29800,0.2,계좌이체
ORD000856,2026-07-12 15:07:57,C01260,여,57,서울,전자기기,보조배터리,1,37500,0.2,무통장입금
ORD003783,2026-02-14 22:55:15,C00233,남,28,대전,패션,운동화,1,114400,0,간편결제
ORD002351,2025-03-15 00:17:21,C00831,여,65,서울,뷰티,선크림,1,25300,0.1,간편결제
ORD004158,2026-04-30 21:06:49,C01197,남,59,,뷰티,수분크림,1,33600,0,체크카드
ORD003838,2025-03-29 08:37:08,C00574,남,48,서울,뷰티,클렌징폼,1,17200,0.1,간편결제
ORD001516,2026-03-01 19:51:12,C00777,남,22,광주,패션,백팩,1,83100,0.1,체크카드
ORD003100,2026-07-11 16:45:28,C00206,남,69,경기,생활용품,텀블러,2,24400,0,신용카드
ORD003955,2025-07-01 06:30:20,C00652,남,52,경남,식품,견과세트,1,29700,0,무통장입금
ORD000746,2025-02-19 02:54:36,C01046,남,18,부산,뷰티,선크림,3,25500,0,계좌이체
ORD004522,2026-07-29 09:50:27,C00510,여,35,부산,식품,프로틴바,1,20700,0,무통장입금
ORD000388,2025-08-31 03:58:20,C01524,여,45,울산,전자기기,기계식키보드,2,83900,0.1,신용카드
ORD001011,2025-03-22 07:16:37,C00166,남,66,서울,생활용품,전기포트,2,51300,0.05,무통장입금
ORD001642,2026-08-25 15:16:19,C01305,여,49,서울,생활용품,수건세트,1,30300,0.1,체크카드
ORD003714,2025-08-05 06:40:33,C00140,여,22,광주,패션,셔츠,2,47100,0,체크카드
ORD000183,2025-12-18 09:53:52,C01006,여,32,경남,뷰티,선크림,4,24500,0.1,무통장입금
ORD003086,2025-12-22 18:39:27,C01292,여,34,대구,생활용품,무선청소기,1,199700,0.1,무통장입금
ORD000394,2025-11-19 11:47:39,C01505,여,42,인천,전자기기,무선이어폰,1,80900,0.1,간편결제
ORD004114,2026-03-08 17:45:55,C00506,남,49,서울,전자기기,블루투스스피커,2,72800,0.3,체크카드
ORD001181,2025-03-11 01:52:05,C00070,여,24,서울,식품,원두커피,3,17100,0.2,체크카드
ORD001690,2025-03-23 00:39:35,C00670,남,19,경남,생활용품,수납함,1,29800,0.3,계좌이체
ORD000971,2025-07-01 14:30:58,C01320,여,65,서울,패션,셔츠,1,46800,0,계좌이체
ORD000128,2026-02-08 16:48:05,C01121,여,24,울산,뷰티,샴푸,1,20500,0,계좌이체
ORD001406,2025-12-03 21:06:36,C00542,남,59,경기,패션,셔츠,2,51100,0.1,무통장입금
ORD003435,2026-07-08 04:08:01,C01048,여,19,광주,생활용품,수납함,3,29400,0.2,체크카드
ORD004629,2026-05-03 04:18:31,C00734,여,45,부산,전자기기,스마트워치,1,148100,0.1,계좌이체
ORD000225,2025-09-05 09:34:01,C00385,남,60,경기,생활용품,수건세트,1,31300,0.05,간편결제
ORD004059,2025-01-28 23:14:35,C00998,남,54,울산,식품,즉석밥24개,1,27400,0.1,계좌이체
ORD002619,2025-02-20 20:40:37,C00202,여,59,서울,전자기기,무선이어폰,2,82600,0.2,체크카드
ORD001980,2025-11-29 18:05:15,C01501,남,22,부산,패션,후드티,4,62900,0.3,계좌이체
ORD001400,2025-08-30 14:21:19,C01197,여,27,전남,전자기기,무선이어폰,1,80000,0,무통장입금
ORD004604,2025-01-24 15:00:28,C00966,남,29,부산,뷰티,수분크림,1,30000,0,체크카드
ORD001361,2025-01-09 00:54:22,C01013,여,39,대전,전자기기,블루투스스피커,1,64500,0.2,체크카드
ORD003236,2025-08-03 14:50:41,C01115,여,54,경남,전자기기,스마트워치,2,167700,0,신용카드
ORD000168,2025-11-20 23:27:50,C01070,남,52,광주,패션,청바지,3,64400,0.1,계좌이체
ORD000957,2026-03-11 14:18:05,C01418,여,49,대전,생활용품,무선청소기,1,184700,0.3,체크카드
ORD004157,2025-04-26 00:55:27,C00780,여,34,경남,식품,프로틴바,1,20300,0.05,계좌이체
ORD000375,2025-09-17 02:42:12,C00155,여,35,,전자기기,스마트워치,1,154500,0,체크카드
ORD003799,2025-01-12 13:52:14,C00430,여,29,광주,식품,즉석밥24개,1,28500,0,계좌이체
ORD004543,2025-07-17 13:17:01,C01445,남,29,서울,뷰티,클렌징폼,1,17100,0.15,계좌이체
ORD004751,2025-12-11 02:19:45,C01205,여,18,경남,패션,셔츠,3,46200,0.15,계좌이체
ORD003484,2025-09-30 07:38:49,C01461,남,23,경남,전자기기,보조배터리,1,38800,0,신용카드
ORD004082,2026-06-13 18:40:35,C01091,여,20,서울,생활용품,수건세트,1,31500,0,무통장입금
ORD003885,2025-08-18 13:22:36,C00035,남,34,대전,전자기기,보조배터리,5,40800,0.15,계좌이체
ORD001989,2026-05-10 00:02:10,C00073,여,39,,생활용품,수납함,1,29000,0.05,신용카드
ORD004350,2025-05-31 18:46:28,C00343,남,39,서울,뷰티,샴푸,1,19900,0.1,신용카드
ORD003479,2025-12-15 19:26:11,C01266,남,30,대전,패션,운동화,1,110200,0.15,무통장입금
ORD004492,2026-01-08 23:25:51,C01311,여,60,광주,전자기기,보조배터리,1,41600,0.1,체크카드
ORD001098,2026-07-18 20:35:42,C00688,남,52,광주,전자기기,기계식키보드,5,89100,0.1,간편결제
ORD001430,2025-07-24 12:25:24,C00774,여,,인천,전자기기,블루투스스피커,1,72600,0.05,간편결제
ORD003601,2025-04-06 01:03:14,C00076,남,55,광주,전자기기,무선이어폰,1,78800,0,신용카드
ORD001518,2025-07-25 14:25:11,C00091,여,18,인천,패션,운동화,1,108800,0,체크카드
ORD000913,2026-03-12 06:41:36,C01144,,55,전남,식품,생수24개,1,11200,0,체크카드
ORD001243,2025-09-04 05:34:55,C01132,여,64,경기,전자기기,스마트워치,1,155800,0,신용카드
ORD001877,2026-02-19 17:54:04,C01006,여,44,인천,패션,후드티,3,62400,0.1,무통장입금
ORD003971,2026-03-08 09:07:32,C00219,여,61,전남,뷰티,샴푸,1,19500,0.1,체크카드
ORD002744,2025-10-07 09:42:50,C01574,남,45,광주,뷰티,샴푸,2,19500,0,무통장입금
ORD001190,2026-03-04 06:36:51,C00534,여,32,인천,패션,셔츠,1,50300,0.3,무통장입금
ORD002823,2025-11-13 22:43:29,C00650,여,22,서울,식품,즉석밥24개,2,28400,0,간편결제
ORD002899,2025-08-01 11:52:43,C01427,남,39,경남,뷰티,샴푸,3,21600,0.3,간편결제
ORD003722,2025-03-11 20:21:47,C01062,여,31,대구,패션,운동화,5,113000,0,무통장입금
ORD000433,2025-05-26 22:41:25,C00703,여,25,서울,생활용품,수납함,1,30000,0.15,신용카드
ORD000858,2025-06-02 02:00:40,C00354,여,68,인천,뷰티,수분크림,1,31200,0.1,계좌이체
ORD001331,2025-08-28 06:02:31,C00812,여,27,서울,식품,생수24개,1,11200,0,간편결제
ORD003613,2025-09-29 19:26:30,C00909,남,35,부산,뷰티,샴푸,2,21800,0.1,신용카드
ORD001232,2026-04-17 07:17:20,C01042,남,68,경기,패션,백팩,3,83300,0,간편결제
ORD002557,2026-07-02 12:00:06,C00808,남,38,인천,패션,후드티,3,58200,0.15,계좌이체
ORD001032,2025-04-16 16:13:55,C00381,남,67,전남,식품,견과세트,1,30800,0.3,신용카드
ORD001534,2025-11-17 01:20:58,C00440,여,43,대전,전자기기,무선이어폰,1,79200,0.1,체크카드
ORD002472,2025-03-29 11:10:08,C00761,여,41,대구,뷰티,립틴트,1,16700,0,체크카드
ORD002448,2025-08-04 11:28:13,C01317,여,46,부산,생활용품,수납함,4,27000,0.1,신용카드
ORD004349,2025-10-31 01:19:10,C01459,남,39,대구,생활용품,전기포트,1,49500,0.2,신용카드
ORD003390,2026-07-31 23:19:02,C01180,남,44,대구,생활용품,무선청소기,1,188800,0,체크카드
ORD000836,2026-08-05 15:33:15,C00679,남,18,인천,뷰티,클렌징폼,1,15900,0.1,무통장입금
ORD004255,2025-02-12 23:00:44,C01431,남,67,경기,전자기기,스마트워치,1,170400,0,간편결제
ORD002746,2026-01-06 13:56:24,C00826,남,68,광주,전자기기,기계식키보드,5,90000,0.1,계좌이체
ORD003920,2025-10-17 23:00:33,C00215,남,58,부산,패션,백팩,2,74700,0.1,신용카드
ORD002489,2026-01-08 04:07:51,C00056,남,39,인천,생활용품,무선청소기,1,196400,0,신용카드
ORD000782,2026-02-13 05:28:49,C00020,여,24,부산,뷰티,클렌징폼,5,16600,0,무통장입금
ORD004757,2026-04-20 07:37:59,C01098,여,62,서울,뷰티,립틴트,1,17800,0.05,체크카드
ORD004074,2025-04-22 18:56:16,C00266,여,19,전남,생활용품,수건세트,4,31600,0.1,계좌이체
ORD004525,2025-12-30 06:50:55,C00441,여,37,울산,뷰티,수분크림,1,34200,0,체크카드
ORD003964,2026-02-17 17:58:47,C00888,남,26,서울,식품,원두커피,1,18800,0.05,계좌이체
ORD004553,2025-01-18 02:05:45,C00523,여,38,광주,식품,생수24개,1,12000,0.15,간편결제
ORD001135,2025-04-04 02:31:37,C00774,여,69,경남,뷰티,선크림,1,24300,0.3,간편결제
ORD002095,2025-06-19 19:22:34,C00227,여,64,광주,패션,청바지,1,70000,0,계좌이체
ORD002891,2026-02-03 15:50:54,C00115,남,65,인천,뷰티,샴푸,1,19900,0,무통장입금
ORD002476,2026-05-16 08:49:41,C00272,,51,부산,생활용품,텀블러,2,23200,0.05,체크카드
ORD001353,2026-04-23 10:49:52,C01276,여,44,대구,패션,셔츠,1,47600,0.15,신용카드
ORD000086,2026-09-04 02:51:07,C01206,여,32,부산,뷰티,샴푸,1,22100,0,계좌이체
ORD004530,2026-05-07 22:45:43,C01330,여,69,전남,전자기기,스마트워치,2,163700,0.3,신용카드
ORD001462,2026-07-04 14:30:56,C00326,여,26,서울,패션,백팩,1,78300,0.1,체크카드
ORD003228,2026-07-25 06:47:11,C00558,여,26,부산,식품,원두커피,1,18000,0.1,체크카드
ORD001834,2025-12-12 14:24:18,C00137,남,19,광주,뷰티,클렌징폼,3,14800,0,계좌이체
ORD001848,2025-04-18 04:57:40,C00698,여,47,광주,패션,청바지,1,73500,0.2,간편결제
ORD001228,2025-08-01 03:36:40,C00873,여,56,울산,식품,프로틴바,2,22800,0,신용카드
ORD000954,2025-08-17 14:50:33,C01551,여,50,울산,전자기기,무선이어폰,1,85100,0.2,신용카드
ORD002102,2025-02-16 12:37:45,C00770,여,18,전남,패션,셔츠,2,45100,0,무통장입금
ORD001544,2026-01-21 16:08:27,C01576,남,39,울산,생활용품,무선청소기,1,188200,0,체크카드
ORD000621,2025-03-29 03:22:10,C01191,남,57,경기,패션,후드티,2,56800,0.2,간편결제
ORD001195,2026-08-28 01:15:52,C01486,남,42,대구,생활용품,무선청소기,1,190200,0.3,무통장입금
ORD002958,2025-05-12 03:00:29,C01558,남,50,울산,뷰티,샴푸,2,22100,0.3,무통장입금
ORD001024,2026-04-04 15:22:33,C00424,여,64,광주,뷰티,립틴트,1,19300,0.1,무통장입금
ORD000006,2026-02-18 20:01:01,C00703,여,30,광주,생활용품,수납함,1,28900,0.2,체크카드
ORD000860,2025-02-11 15:40:54,C01200,여,35,경남,뷰티,선크림,1,24900,0.1,신용카드
ORD000673,2025-08-16 03:33:33,C01539,남,28,울산,전자기기,무선이어폰,1,82400,0,체크카드
ORD002048,2025-11-18 11:27:20,C01420,남,65,광주,뷰티,립틴트,1,16600,0.1,체크카드
ORD004287,2025-08-08 12:55:07,C00010,남,18,전남,패션,백팩,2,79800,0,계좌이체
ORD003238,2025-01-04 20:33:13,C00693,여,50,경남,전자기기,보조배터리,1,39600,0.1,무통장입금
ORD004800,2025-10-11 13:32:34,C01131,남,58,대전,생활용품,전기포트,2,46700,0.15,계좌이체
ORD001250,2025-04-13 20:49:38,C01016,남,25,대구,뷰티,샴푸,1,19900,0,무통장입금
ORD004386,2026-03-20 09:53:51,C01232,남,66,울산,전자기기,무선이어폰,1,80400,0.15,간편결제
ORD001596,2026-04-15 04:45:07,C00462,여,29,전남,전자기기,블루투스스피커,1,69400,0.2,간편결제
ORD003558,2026-03-20 03:04:08,C00055,여,23,부산,전자기기,스마트워치,1,162000,0.05,계좌이체
ORD003551,2025-05-13 17:50:51,C00900,남,25,경남,전자기기,보조배터리,1,37400,0.2,무통장입금
ORD002280,2025-12-09 12:58:58,C00798,여,47,광주,패션,셔츠,1,47500,0.1,간편결제
ORD004514,2026-04-30 00:43:05,C00600,남,33,인천,뷰티,클렌징폼,1,17200,0,간편결제
ORD001924,2025-01-01 03:33:57,C00022,여,42,전남,전자기기,블루투스스피커,2,64700,0.1,체크카드
ORD004307,2026-03-24 19:07:17,C01083,남,24,부산,식품,즉석밥24개,1,26100,0.1,신용카드
ORD001193,2026-07-22 08:26:25,C01266,여,40,부산,뷰티,립틴트,1,18600,0.05,계좌이체
ORD001878,2025-03-07 02:53:50,C00626,남,32,대전,전자기기,보조배터리,1,41800,0.15,간편결제
ORD002189,2025-09-15 14:11:28,C00071,여,51,대전,전자기기,블루투스스피커,1,64900,0.1,간편결제
ORD000647,2025-05-19 19:06:17,C00390,남,27,경기,뷰티,립틴트,5,17300,0,계좌이체
ORD002972,2025-05-03 07:18:36,C01180,여,26,서울,식품,생수24개,1,12300,0.05,무통장입금
ORD003073,2025-11-03 10:12:34,C00481,남,60,경남,패션,운동화,4,108600,0.2,계좌이체
ORD001963,2025-08-07 22:50:32,C01495,여,22,전남,전자기기,블루투스스피커,5,66400,0.1,신용카드
ORD004741,2025-10-03 02:52:29,C00636,여,66,울산,식품,즉석밥24개,2,28200,0.1,무통장입금
ORD003155,2025-01-22 13:58:45,C00409,남,22,전남,패션,백팩,2,73300,0.3,계좌이체
ORD004845,2025-12-19 18:50:57,C00922,남,23,경남,식품,프로틴바,2,22600,0,간편결제
ORD000240,2025-11-16 11:42:17,C00850,남,29,경기,뷰티,선크림,1,23900,0.2,신용카드
ORD004611,2026-01-14 20:36:11,C00527,남,41,경남,뷰티,선크림,1,22600,0,체크카드
ORD003784,2025-09-10 15:59:27,C00343,여,35,대전,생활용품,텀블러,3,23300,0.2,신용카드
ORD002263,2026-02-07 03:28:01,C01286,남,61,울산,생활용품,수건세트,1,31600,0.15,무통장입금
ORD003560,2025-07-17 18:08:48,C01206,여,42,인천,뷰티,수분크림,1,29700,0,계좌이체
ORD001180,2025-01-02 08:41:18,C00901,남,60,대전,전자기기,기계식키보드,1,87600,0,간편결제
ORD001916,2026-01-05 20:09:22,C00177,여,61,대구,전자기기,보조배터리,1,41600,0.15,신용카드
ORD003101,2026-09-02 11:15:14,C01354,남,68,인천,전자기기,기계식키보드,2,87000,0,무통장입금
ORD003451,2025-05-04 06:05:21,C00068,남,47,서울,전자기기,기계식키보드,2,92100,0.2,신용카드
ORD003489,2026-07-24 15:44:21,C01435,남,61,서울,식품,즉석밥24개,2,24900,0,체크카드
ORD001352,2026-07-22 23:41:07,C00088,여,38,부산,전자기기,무선이어폰,1,76500,0.2,간편결제
ORD001954,2025-08-28 16:00:49,C01212,여,35,대구,패션,청바지,1,65100,0.3,신용카드
ORD003654,2025-11-25 09:37:28,C00686,남,46,부산,생활용품,무선청소기,4,178000,0.1,체크카드
ORD000041,2025-07-03 04:26:57,C01496,남,49,부산,생활용품,텀블러,2,25200,0.15,무통장입금
ORD000573,2026-01-08 09:52:52,C01348,남,37,대전,전자기기,스마트워치,2,167400,0,무통장입금
ORD004993,2025-10-04 05:08:14,C01301,남,28,인천,전자기기,무선이어폰,1,77700,0.1,계좌이체
ORD004597,2026-01-11 12:58:45,C00887,여,60,경남,전자기기,기계식키보드,1,95200,0.1,무통장입금
ORD000004,2026-01-28 18:57:17,C01524,남,30,대구,생활용품,무선청소기,1,203500,0.1,간편결제
ORD000926,2025-06-04 09:03:52,C00275,여,34,부산,전자기기,블루투스스피커,1,69100,0.1,
ORD001782,2025-07-31 05:22:35,C01215,남,25,서울,패션,백팩,2,75400,0.1,신용카드
ORD004889,2026-06-05 20:07:05,C01537,여,42,대구,식품,견과세트,1,27100,0,간편결제
ORD003208,2026-04-16 21:19:19,C00077,여,53,대전,식품,즉석밥24개,1,1500000,0.1,무통장입금
ORD002675,2026-09-28 23:40:40,C01336,여,63,경기,생활용품,전기포트,3,45300,0.3,간편결제
ORD002870,2025-04-04 01:03:06,C00158,남,24,전남,식품,원두커피,1,18900,0.1,체크카드
ORD002674,2025-10-31 16:35:59,C01265,남,24,부산,뷰티,수분크림,3,29700,0,계좌이체
ORD002252,2025-03-10 03:42:43,C01426,여,51,경남,패션,운동화,4,115000,0.1,간편결제
ORD001132,2026-01-31 09:06:25,C00475,여,35,경남,전자기기,무선이어폰,2,77400,0,신용카드
ORD000744,2025-06-11 17:30:47,C01236,여,67,광주,식품,견과세트,1,28200,0,체크카드
ORD004624,2026-04-08 07:30:50,C01109,남,30,대전,패션,셔츠,3,45200,0.15,무통장입금
ORD004323,2025-02-24 05:53:07,C00730,여,29,인천,생활용품,텀블러,1,26600,0.2,계좌이체
ORD002853,2026-01-04 09:20:42,C00126,여,51,부산,생활용품,전기포트,1,46400,0.15,체크카드
ORD003770,2025-11-14 04:08:53,C00658,남,29,광주,뷰티,립틴트,2,18600,0.3,신용카드
ORD004716,2025-12-10 14:06:27,C00843,여,66,경기,뷰티,수분크림,2,30300,0.15,간편결제
ORD004904,2025-08-22 04:57:27,C01386,남,67,울산,전자기기,기계식키보드,1,94800,0,계좌이체
ORD001395,2025-02-09 04:25:14,C00929,남,59,광주,식품,원두커피,2,18500,0,신용카드
ORD003106,2025-07-13 16:52:53,C00378,여,38,광주,뷰티,샴푸,2,21300,0,간편결제
ORD002726,2026-02-07 22:18:02,C00765,남,64,대전,생활용품,전기포트,1,51800,0,계좌이체
ORD001226,2026-04-21 21:13:06,C00214,여,32,경기,패션,백팩,1,76800,0,신용카드
ORD000475,2025-02-23 15:35:23,C01263,여,63,광주,식품,프로틴바,2,21900,0.1,무통장입금
ORD001364,2025-06-25 15:24:01,C00685,여,68,전남,패션,백팩,3,74800,0,무통장입금
ORD001803,2026-03-26 22:19:01,C00783,남,65,대구,식품,생수24개,1,11600,0,신용카드
ORD002119,2025-10-06 20:57:04,C00155,여,31,경기,식품,즉석밥24개,4,25500,0.15,간편결제
ORD000912,2025-04-28 14:43:11,C00374,남,20,대구,생활용품,텀블러,1,23500,0.15,무통장입금
ORD004829,2025-01-13 02:57:26,C00613,여,50,인천,식품,즉석밥24개,1,27000,0.2,
ORD000676,2025-11-30 09:24:17,C01440,남,69,경남,생활용품,텀블러,2,24200,0.1,간편결제
ORD002747,2025-05-20 22:31:41,C00710,남,23,서울,식품,생수24개,2,11800,0.05,체크카드
ORD002460,2025-06-03 14:44:04,C00596,여,52,대구,패션,셔츠,1,47500,0.05,신용카드
ORD001354,2025-10-24 13:09:04,C01406,여,23,인천,식품,원두커피,3,18500,0.1,무통장입금
ORD004913,2026-05-06 22:51:41,C01219,남,37,부산,뷰티,클렌징폼,1,16200,0.3,계좌이체
ORD002199,2025-06-01 17:20:05,C00769,여,53,전남,뷰티,립틴트,1,18600,0.2,계좌이체
ORD003639,2026-01-16 23:29:23,C00543,남,38,인천,패션,청바지,1,64800,0.05,신용카드
ORD000504,2026-04-12 18:03:13,C00552,남,47,서울,생활용품,수건세트,3,29800,0,계좌이체
ORD002496,2026-06-12 17:24:12,C01098,여,31,대전,전자기기,기계식키보드,3,90300,0.2,체크카드
ORD000480,2025-02-22 21:27:59,C00745,,26,경남,패션,후드티,2,60700,0,신용카드
ORD001770,2026-07-11 01:21:26,C01364,남,39,서울,패션,후드티,1,61400,0.2,간편결제
ORD004850,2026-04-24 11:40:23,C01305,남,52,서울,뷰티,선크림,1,22700,0,무통장입금
ORD002288,2025-01-12 19:16:22,C00691,여,39,부산,식품,프로틴바,1,20800,0.3,계좌이체
ORD002711,2025-11-13 10:49:35,C01162,남,35,경기,생활용품,수건세트,1,31900,0.3,신용카드
ORD004249,2026-09-29 21:14:16,C01084,남,18,경기,생활용품,수납함,2,27400,0.05,무통장입금
ORD001184,2025-05-08 15:15:44,C00003,여,54,인천,뷰티,선크림,1,23200,0,간편결제
ORD004669,2025-11-16 00:42:23,C01202,남,33,전남,생활용품,수납함,3,26000,0.1,계좌이체
ORD000066,2025-03-17 17:21:58,C00354,남,26,울산,식품,즉석밥24개,2,28900,0.15,체크카드
ORD001404,2026-08-09 21:25:59,C00186,남,32,울산,전자기기,스마트워치,2,164700,0.05,간편결제
ORD004785,2026-08-28 03:14:18,C01118,여,51,광주,뷰티,립틴트,2,19000,0,간편결제
ORD001633,2025-08-06 19:23:01,C01403,,57,대구,뷰티,클렌징폼,1,16200,0,신용카드
ORD002725,2026-07-09 23:39:03,C00991,여,27,부산,식품,프로틴바,1,22000,0.1,계좌이체
ORD004264,2025-01-07 01:38:02,C01085,여,44,경기,생활용품,수건세트,1,31100,0.1,체크카드
ORD001589,2025-04-30 21:25:32,C00230,여,42,부산,전자기기,블루투스스피커,1,65100,0,계좌이체
ORD004363,2025-03-12 04:59:23,C01278,남,62,부산,전자기기,기계식키보드,1,84800,0.1,무통장입금
ORD003543,2026-04-02 23:28:27,C00881,남,42,대전,전자기기,기계식키보드,1,88800,0.15,간편결제
ORD003853,2025-08-01 19:16:44,C00034,남,38,전남,전자기기,스마트워치,5,167500,0.3,무통장입금
ORD003099,2025-09-15 23:17:45,C00500,남,51,,뷰티,클렌징폼,1,16700,0,계좌이체
ORD002206,2025-01-03 07:17:41,C00432,여,43,광주,뷰티,수분크림,1,29900,0,간편결제
ORD004293,2025-10-01 17:55:16,C00743,남,67,대구,뷰티,수분크림,1,34400,0.1,계좌이체
ORD001723,2025-11-18 04:39:22,C00527,남,28,울산,식품,프로틴바,1,22300,0,체크카드
ORD000577,2025-05-27 22:07:20,C01521,남,50,광주,전자기기,블루투스스피커,2,69600,0.2,체크카드
ORD002587,2025-04-25 14:24:33,C01211,남,28,부산,생활용품,텀블러,1,25800,0.1,간편결제
ORD003953,2025-03-24 20:50:28,C01041,여,31,인천,생활용품,수건세트,1,30500,0.1,간편결제
ORD003138,2025-07-11 13:01:28,C01305,남,37,대전,생활용품,수납함,3,28600,0,체크카드
ORD000426,2025-10-14 13:11:43,C01235,남,42,울산,뷰티,수분크림,1,31800,0.1,신용카드
ORD000952,2025-03-19 14:40:33,C01476,여,66,대전,패션,백팩,1,80400,0,계좌이체
ORD002977,2025-12-03 00:08:14,C00393,여,67,울산,생활용품,전기포트,1,49900,0.2,간편결제
ORD002492,2025-12-09 09:23:02,C00212,여,43,서울,뷰티,수분크림,3,32000,0.1,신용카드
ORD003102,2025-04-03 16:08:30,C00894,여,43,대전,뷰티,립틴트,2,18200,0.1,무통장입금
ORD004015,2025-08-09 16:33:26,C00435,여,50,울산,뷰티,선크림,4,22300,0,간편결제
ORD002934,2025-03-26 08:30:31,C01596,여,42,광주,뷰티,샴푸,2,21400,0.1,신용카드
ORD000417,2025-03-31 14:41:26,C00551,남,58,인천,패션,청바지,1,64200,0,간편결제
ORD000260,2025-07-15 19:26:10,C00683,남,65,전남,생활용품,수건세트,1,29800,0,체크카드
ORD000159,2026-07-28 01:00:44,C00568,여,27,광주,전자기기,무선이어폰,1,73200,0,계좌이체
ORD000262,2025-11-14 11:32:43,C01479,여,19,광주,식품,생수24개,5,12200,0,무통장입금
ORD000948,2025-04-07 03:27:43,C00794,여,20,울산,패션,운동화,1,111100,0,계좌이체
ORD000783,2026-02-10 10:05:29,C00216,남,49,경기,뷰티,샴푸,1,20100,0.15,간편결제
ORD004030,2025-07-21 18:49:51,C01227,남,24,대구,생활용품,텀블러,1,23100,0.1,신용카드
ORD000490,2025-10-23 16:08:42,C01408,남,58,부산,전자기기,기계식키보드,1,82100,0.2,무통장입금
ORD001894,2025-01-25 17:10:25,C00340,남,48,서울,생활용품,수납함,2,29200,0.1,신용카드
ORD002035,2026-04-17 13:33:43,C01029,여,20,대구,식품,프로틴바,1,21200,0.3,무통장입금
ORD004125,2025-08-14 15:49:57,C00571,여,38,울산,뷰티,선크림,3,25300,0.1,계좌이체
ORD004286,2026-05-18 14:40:11,C00697,남,53,경기,뷰티,수분크림,5,32000,0.1,체크카드
ORD002698,2026-02-23 01:25:29,C01579,남,40,경남,뷰티,샴푸,1,21500,0,계좌이체
ORD000659,2026-01-04 10:21:52,C00854,남,23,부산,생활용품,수건세트,1,30600,0.05,신용카드
ORD001572,2025-08-28 02:16:20,C01374,여,53,경기,생활용품,수건세트,2,29600,0.2,계좌이체
ORD000966,2026-08-02 09:16:25,C01038,여,69,대전,식품,생수24개,1,11600,0,신용카드
ORD004340,2025-12-26 11:37:26,C00948,남,26,서울,식품,견과세트,2,31300,0.1,간편결제
ORD002866,2025-02-09 04:56:19,C00022,남,22,인천,식품,원두커피,1,19000,0.1,계좌이체
ORD003927,2025-10-07 11:08:35,C00902,여,18,인천,생활용품,수납함,2,26700,0.3,간편결제
ORD002479,2025-04-24 09:49:46,C00235,여,57,광주,뷰티,수분크림,1,32000,0,계좌이체
ORD003539,2025-11-07 04:49:48,C00893,여,40,울산,생활용품,텀블러,1,25800,0.15,신용카드
ORD001019,2026-01-28 06:43:27,C00555,여,39,경기,식품,프로틴바,2,22400,0.1,체크카드
ORD000431,2026-02-01 23:56:52,C01122,여,58,울산,뷰티,립틴트,1,17000,0,계좌이체
ORD004052,2025-10-04 01:48:21,C00670,여,59,울산,패션,백팩,5,83700,0.3,체크카드
ORD001813,2025-02-24 10:01:55,C01523,남,68,인천,전자기기,스마트워치,1,157000,0.1,무통장입금
ORD000278,2025-01-07 12:19:21,C00644,여,43,전남,패션,후드티,1,59000,0.05,무통장입금
ORD003091,2026-08-11 12:14:18,C01181,여,35,전남,패션,백팩,4,84900,0.1,체크카드
ORD004926,2025-06-30 18:08:46,C00536,남,25,경남,패션,운동화,2,111000,0,간편결제
ORD002129,2025-01-15 22:59:30,C00916,남,36,경기,생활용품,텀블러,1,25000,0.1,계좌이체
ORD000832,2025-10-22 16:29:25,C00100,남,18,광주,생활용품,전기포트,1,48500,0.05,신용카드
ORD001584,2025-04-21 14:59:57,C01396,남,37,경남,전자기기,블루투스스피커,1,70800,0.1,신용카드
ORD000617,2025-02-19 05:24:09,C01287,남,60,전남,생활용품,전기포트,1,46300,0,간편결제
ORD000065,2026-03-23 23:02:37,C00132,남,21,대구,생활용품,수건세트,2,30200,0,신용카드
ORD001290,2026-05-20 23:37:08,C00222,여,65,광주,식품,생수24개,2,11300,0.3,계좌이체
ORD003902,2026-03-23 10:45:21,C00072,남,57,대구,패션,셔츠,1,50100,0,무통장입금
ORD000043,2025-10-13 15:27:42,C01144,여,54,부산,생활용품,전기포트,1,52900,0.05,
ORD002998,2026-09-05 13:25:41,C01120,여,41,대구,뷰티,선크림,1,25600,0.1,신용카드
ORD004780,2026-04-26 20:47:23,C01056,남,29,인천,뷰티,립틴트,1,18900,0.1,간편결제
ORD004330,2025-12-25 06:09:49,C01134,여,24,경기,생활용품,무선청소기,1,203400,0.1,계좌이체
ORD001501,2026-02-21 04:50:37,C00986,여,20,울산,패션,셔츠,1,48400,0.15,체크카드
ORD002766,2025-02-09 07:05:46,C01023,남,55,경남,생활용품,무선청소기,1,184500,0.2,무통장입금
ORD001273,2025-08-21 07:13:52,C01151,여,20,인천,식품,프로틴바,2,22800,0,무통장입금
ORD001144,2025-02-23 20:42:06,C01406,여,61,대전,뷰티,샴푸,1,21600,0.3,계좌이체
ORD000350,2025-07-31 13:16:05,C01048,여,32,울산,생활용품,수납함,2,26400,0.1,무통장입금
ORD003731,2026-08-04 06:33:53,C01408,남,31,경남,전자기기,보조배터리,2,39800,0.1,신용카드
ORD000603,2025-09-20 10:53:37,C01297,여,67,경남,식품,즉석밥24개,1,26400,0,계좌이체
ORD002151,2025-06-24 15:56:44,C01083,남,48,광주,식품,견과세트,3,29700,0,무통장입금
ORD001158,2025-09-10 04:08:04,C00706,남,40,경남,식품,견과세트,1,28400,0.1,계좌이체
ORD003614,2026-07-19 06:19:02,C00595,여,28,서울,뷰티,선크림,1,22200,0.1,신용카드
ORD001139,2026-05-03 13:23:53,C01584,남,19,,생활용품,수납함,1,30100,0.2,간편결제
ORD003018,2025-01-16 14:01:36,C01313,여,58,전남,식품,견과세트,1,30000,0.05,계좌이체
ORD003666,2025-03-01 15:06:34,C00765,여,45,부산,전자기기,스마트워치,2,163600,0.15,간편결제
ORD003045,2026-09-14 21:10:49,C00400,여,40,인천,패션,백팩,1,84500,0,신용카드
ORD001563,2026-07-23 13:21:22,C00227,남,,광주,패션,셔츠,2,49100,0.1,체크카드
ORD003680,2026-03-15 10:32:52,C00307,여,34,부산,생활용품,수건세트,1,29900,0.2,체크카드
ORD001343,2025-04-13 12:17:41,C00131,여,21,경기,전자기기,기계식키보드,1,83000,0.3,무통장입금
ORD000563,2025-12-11 15:19:22,C01315,남,52,울산,패션,운동화,1,113600,0,체크카드
ORD000902,2025-01-08 08:43:27,C00356,여,20,인천,전자기기,스마트워치,2,164400,0.2,계좌이체
ORD001018,2025-05-24 23:12:39,C00270,남,68,인천,식품,프로틴바,1,20800,0.1,계좌이체
ORD001857,2025-01-10 14:30:37,C00798,남,24,서울,생활용품,수건세트,3,31500,0,계좌이체
ORD002852,2025-09-12 02:44:07,C00825,여,28,광주,식품,프로틴바,1,21500,0.05,간편결제
ORD004671,2025-04-29 12:31:44,C01191,여,34,경기,뷰티,클렌징폼,2,16100,0.2,무통장입금
ORD002929,2025-09-16 10:11:45,C00287,남,29,경남,패션,후드티,2,63400,0.1,무통장입금
ORD004172,2025-10-03 05:33:31,C01452,여,54,경기,생활용품,텀블러,2,24500,0,체크카드
ORD002462,2026-07-13 17:09:25,C00182,남,57,서울,생활용품,수건세트,1,30200,0.05,간편결제
ORD004108,2026-09-19 01:18:17,C01492,여,67,서울,패션,후드티,1,56100,0,무통장입금
ORD004056,2025-01-26 07:39:39,C01203,여,31,대전,뷰티,수분크림,1,29800,0,간편결제
ORD002342,2026-03-07 19:04:20,C01321,여,67,울산,뷰티,수분크림,1,33500,0.15,무통장입금
ORD001870,2026-02-25 12:56:05,C00437,여,68,울산,식품,견과세트,4,30100,0.1,신용카드
ORD002699,2025-09-09 15:58:08,C00457,남,57,전남,생활용품,전기포트,1,48400,0.05,간편결제
ORD004698,2025-10-28 07:21:38,C01277,남,57,전남,생활용품,수납함,1,28700,0,간편결제
ORD004936,2025-02-24 15:22:26,C00991,여,21,대구,뷰티,클렌징폼,1,15700,0,간편결제
ORD000282,2026-07-01 18:58:47,C01017,여,22,경남,식품,원두커피,1,17600,0.05,체크카드
ORD004509,2025-11-05 06:16:58,C00868,,24,울산,생활용품,전기포트,1,45600,0.2,체크카드
ORD004519,2026-07-30 05:23:05,C00497,여,53,인천,전자기기,스마트워치,1,163900,0.1,계좌이체
ORD002273,2025-10-12 15:09:06,C00048,남,32,대구,패션,셔츠,1,46400,0,체크카드
ORD004817,2026-06-20 07:47:42,C01389,여,34,경남,식품,즉석밥24개,2,27800,0,신용카드
ORD002655,2026-03-09 00:44:29,C00955,남,59,대구,뷰티,수분크림,2,34400,0.3,무통장입금
ORD003515,2026-06-27 11:58:14,C00043,여,25,대전,뷰티,수분크림,1,33900,0,간편결제
ORD002088,2026-09-11 07:22:11,C00821,남,21,전남,전자기기,무선이어폰,4,75300,0.1,체크카드
ORD000133,2026-05-19 16:40:36,C01360,여,35,전남,식품,즉석밥24개,1,26200,0,무통장입금
ORD003107,2026-05-25 04:50:06,C01172,남,41,대구,패션,셔츠,1,51000,0.15,신용카드
ORD003746,2026-01-23 03:58:21,C00184,남,46,대구,전자기기,기계식키보드,3,92600,0.05,신용카드
ORD003738,2026-09-15 11:43:35,C01529,여,41,전남,패션,청바지,2,74400,0.05,
ORD004575,2025-01-01 20:49:47,C00220,여,62,대전,생활용품,수건세트,1,31500,0.1,
ORD003536,2025-04-09 03:33:51,C00911,여,37,서울,식품,프로틴바,1,22200,0.05,신용카드
ORD004001,2025-01-12 08:23:21,C00482,여,25,경기,식품,프로틴바,1,22700,0.1,체크카드
ORD000246,2025-01-21 15:17:03,C01320,남,65,서울,생활용품,텀블러,1,24500,0.15,계좌이체
ORD002551,2026-01-31 10:41:14,C00895,남,33,울산,식품,원두커피,1,19100,0,간편결제
ORD003197,2025-02-28 18:53:46,C00750,남,67,경남,전자기기,보조배터리,3,39700,0,간편결제
ORD004137,2025-08-24 15:01:50,C01572,여,45,광주,뷰티,클렌징폼,1,15500,0,신용카드
ORD000507,2026-08-16 06:27:47,C00677,여,44,광주,패션,셔츠,1,45700,0.3,체크카드
ORD001491,2026-07-27 20:10:31,C00594,남,19,경기,패션,셔츠,2,46900,0.05,무통장입금
ORD004707,2025-02-05 01:27:27,C01481,여,31,경기,식품,견과세트,1,26900,0.1,무통장입금
ORD001056,2025-09-12 16:32:20,C00622,남,22,경기,패션,청바지,1,74400,0.3,신용카드
ORD004248,2025-05-10 06:04:48,C00268,여,67,광주,전자기기,스마트워치,1,163500,0.15,간편결제
ORD003386,2025-06-27 05:46:31,C00388,여,59,인천,뷰티,수분크림,1,30800,0,체크카드
ORD004610,2026-06-15 12:35:58,C00355,여,20,부산,전자기기,무선이어폰,1,81800,0.1,체크카드
ORD000402,2025-05-28 20:00:02,C01453,남,62,부산,뷰티,선크림,1,24700,0.1,계좌이체
ORD000939,2026-07-16 00:53:51,C00454,남,32,경기,뷰티,샴푸,5,22400,0.05,계좌이체
ORD003544,2025-03-28 17:04:56,C00446,여,33,대구,뷰티,클렌징폼,3,15900,0.1,간편결제
ORD004742,2026-06-25 12:40:44,C01136,여,32,대전,뷰티,선크림,2,24700,0.05,체크카드
ORD002748,2025-06-26 20:02:46,C00841,여,24,인천,전자기기,블루투스스피커,4,73600,0.05,계좌이체
ORD000482,2025-09-23 23:21:01,C00239,여,63,울산,뷰티,샴푸,3,19900,0.1,무통장입금
ORD001177,2025-10-28 20:21:57,C00819,남,56,서울,패션,운동화,1,109000,0.15,계좌이체
ORD000867,2026-09-18 04:39:09,C00342,여,66,서울,생활용품,수납함,1,29300,0.15,체크카드
ORD002328,2026-08-23 14:02:28,C01593,여,54,인천,전자기기,스마트워치,3,166100,0,무통장입금
ORD002765,2026-06-06 08:43:23,C00561,남,67,전남,전자기기,무선이어폰,1,82600,0,간편결제
ORD002175,2026-01-09 01:27:52,C00183,남,65,인천,생활용품,텀블러,1,23700,0,간편결제
ORD002708,2026-04-11 19:21:27,C01568,남,27,서울,패션,후드티,1,56400,0,계좌이체
ORD003575,2025-03-09 00:12:50,C00275,여,31,광주,생활용품,무선청소기,1,179000,0.1,체크카드
ORD002272,2025-12-21 22:32:54,C00519,남,67,대전,뷰티,립틴트,2,18300,0.2,계좌이체
ORD002226,2026-05-19 00:33:55,C00676,여,49,부산,전자기기,기계식키보드,1,84300,0.1,간편결제
ORD001827,2025-12-14 15:00:36,C01123,남,48,전남,패션,백팩,1,78300,0.1,체크카드
ORD004726,2025-01-17 20:47:40,C01361,여,33,전남,식품,견과세트,1,28900,0,무통장입금
ORD001370,2026-08-05 23:38:23,C00775,여,28,울산,식품,생수24개,3,12200,0.1,무통장입금
ORD004903,2025-12-01 03:16:53,C00990,여,50,전남,뷰티,샴푸,3,22500,0.1,간편결제
ORD000184,2026-03-09 08:35:12,C01467,여,19,서울,생활용품,수건세트,1,30300,0,신용카드
ORD003652,2026-07-29 06:28:21,C01324,여,32,대구,뷰티,수분크림,1,34200,0.1,계좌이체
ORD001974,2025-02-06 23:46:06,C00722,여,29,대구,전자기기,기계식키보드,1,92700,0,계좌이체
ORD003907,2025-06-21 21:44:57,C01587,남,41,경기,생활용품,무선청소기,1,176700,0.3,무통장입금
ORD002541,2026-07-15 02:46:40,C00445,여,69,경기,식품,견과세트,1,28100,0.1,체크카드
ORD002514,2026-03-26 22:56:04,C01545,여,56,울산,생활용품,수납함,1,28500,0.1,신용카드
ORD003813,2025-07-20 00:40:46,C01587,남,65,부산,식품,프로틴바,2,21700,0,신용카드
ORD003788,2025-06-22 10:15:10,C00687,남,51,부산,생활용품,수건세트,1,31600,0.1,체크카드
ORD000630,2025-02-17 01:56:14,C00148,여,66,인천,패션,운동화,1,112500,0.1,무통장입금
ORD003505,2025-12-10 10:58:15,C00304,남,34,광주,식품,원두커피,2,18600,0,간편결제
ORD003724,2025-08-18 04:34:33,C00849,남,28,인천,생활용품,전기포트,2,49000,0.1,신용카드
ORD003198,2025-12-10 00:46:32,C00959,남,28,경남,생활용품,수건세트,1,31300,0.1,신용카드
ORD001348,2026-09-17 04:00:14,C00073,여,54,대전,전자기기,스마트워치,1,167800,0.2,신용카드
ORD001594,2026-03-20 22:05:41,C00720,남,28,대구,전자기기,스마트워치,4,170300,0.1,무통장입금
ORD002032,2025-01-01 02:58:18,C00152,여,57,인천,패션,백팩,1,77600,0,계좌이체
ORD002339,2025-05-04 04:39:51,C00604,여,33,대구,식품,즉석밥24개,30,25100,0.05,체크카드
ORD001350,2025-10-17 02:29:29,C00761,남,18,대구,패션,운동화,1,101200,0.15,신용카드
ORD000561,2025-06-22 19:59:57,C00704,여,25,서울,식품,생수24개,1,12900,0.05,신용카드
ORD000872,2025-04-05 15:43:09,C00060,여,32,경남,뷰티,립틴트,1,19400,0,계좌이체
ORD004232,2025-03-15 16:36:43,C00621,여,49,전남,뷰티,립틴트,1,18600,0.05,간편결제
ORD001332,2026-08-27 14:23:50,C00249,남,23,인천,뷰티,샴푸,2,22100,0,무통장입금
ORD004520,2026-02-05 23:13:34,C00306,여,24,경기,뷰티,클렌징폼,1,15500,0.05,체크카드
ORD002622,2026-06-26 16:11:59,C00742,남,66,부산,생활용품,전기포트,2,45200,0.05,간편결제
ORD004890,2026-08-07 02:22:31,C00994,여,68,서울,뷰티,클렌징폼,1,16000,0.05,체크카드
ORD002025,2025-08-27 08:44:33,C00348,여,,부산,식품,프로틴바,1,22300,0,체크카드
ORD000257,2026-09-25 19:52:04,C00148,남,23,서울,뷰티,선크림,1,22100,0.05,계좌이체
ORD002115,2025-10-23 15:29:50,C00328,남,20,인천,생활용품,텀블러,2,25100,0.1,신용카드
ORD003287,2026-09-10 12:11:41,C00397,남,30,울산,식품,생수24개,4,12200,0.2,계좌이체
ORD004762,2025-10-23 08:30:31,C01062,,61,전남,뷰티,수분크림,1,32500,0.1,간편결제
ORD002322,2026-06-12 00:11:49,C00756,여,18,전남,전자기기,스마트워치,2,150400,0.05,신용카드
ORD003302,2025-08-12 01:21:28,C00342,여,42,전남,패션,셔츠,1,49800,0.05,체크카드
ORD000881,2025-11-29 09:29:36,C01100,여,26,대구,생활용품,수납함,2,29600,0.1,간편결제
ORD001549,2025-01-20 22:07:33,C00944,남,43,경기,전자기기,블루투스스피커,1,71200,0.05,신용카드
ORD002802,2025-09-21 21:08:34,C01333,남,38,서울,전자기기,블루투스스피커,1,69500,0.15,무통장입금
ORD003270,2025-01-12 11:12:56,C01476,남,21,대구,식품,견과세트,1,30300,0.2,계좌이체
ORD003028,2025-07-22 09:07:53,C01384,여,58,광주,생활용품,전기포트,1,52800,0.15,체크카드
ORD004564,2026-09-04 12:37:21,C00115,남,30,울산,생활용품,전기포트,1,45400,0.05,신용카드
ORD003754,2026-05-16 09:10:40,C01169,남,34,울산,뷰티,선크림,1,23000,0,
ORD000451,2026-04-26 06:24:26,C00074,남,54,경남,패션,백팩,3,83600,0,간편결제
ORD002388,2025-07-13 18:07:59,C00543,남,47,부산,뷰티,클렌징폼,4,16000,0,신용카드
ORD001806,2025-10-18 01:17:17,C00779,여,63,광주,생활용품,수건세트,2,29600,0.1,무통장입금
ORD002009,2025-05-30 09:23:58,C00523,여,66,경남,뷰티,선크림,4,22900,0.05,간편결제
ORD003879,2025-02-28 21:03:51,C00522,남,59,인천,전자기기,기계식키보드,1,95400,0,신용카드
ORD000686,2025-11-22 04:18:46,C00639,여,29,경남,뷰티,샴푸,1,20700,0.3,계좌이체
ORD003528,2025-10-06 05:01:27,C01541,여,62,경남,뷰티,클렌징폼,1,16700,0,신용카드
ORD001689,2025-02-05 01:38:13,C01084,남,50,울산,뷰티,샴푸,1,20700,0.1,무통장입금
ORD002608,2025-08-06 05:44:56,C01588,여,30,부산,식품,생수24개,3,12800,0.1,신용카드
ORD001571,2026-08-09 19:45:34,C01494,여,22,울산,전자기기,보조배터리,1,41400,0,신용카드
ORD002505,2025-08-06 01:33:03,C01044,여,38,부산,식품,생수24개,3,11100,0,무통장입금
ORD002008,2026-04-01 01:22:32,C01121,남,56,부산,패션,운동화,3,108900,0.3,신용카드
ORD000499,2025-07-30 11:39:39,C00831,여,39,광주,생활용품,텀블러,1,24100,0.1,신용카드
ORD003980,2025-12-20 03:45:22,C00721,남,59,울산,식품,견과세트,1,28700,0.1,신용카드
ORD004432,2025-03-31 01:28:46,C00828,여,29,서울,뷰티,샴푸,4,20000,0.2,계좌이체
ORD000050,2025-03-20 08:57:55,C00309,여,64,울산,생활용품,전기포트,2,47200,0.1,간편결제
ORD001958,2025-12-12 01:27:59,C00275,여,40,전남,패션,백팩,4,84600,0,신용카드
ORD003716,2025-11-03 08:28:06,C01134,남,24,부산,패션,운동화,1,100600,0.1,체크카드
ORD002975,2025-12-31 13:13:27,C00228,여,49,경남,전자기기,보조배터리,1,36900,0.15,신용카드
ORD001935,2025-06-20 19:37:53,C01331,남,36,대전,식품,생수24개,1,11700,0.1,무통장입금
ORD003048,2025-11-22 23:29:04,C00738,여,66,경남,뷰티,샴푸,1,21400,0.1,간편결제
ORD002057,2026-03-25 09:45:58,C01199,남,39,광주,식품,즉석밥24개,5,26900,0.1,체크카드
ORD000704,2025-12-17 04:06:02,C00079,여,31,대전,생활용품,전기포트,1,48100,0.05,체크카드
ORD001362,2025-09-12 18:02:17,C01432,여,65,경남,뷰티,수분크림,1,31400,0,체크카드
ORD000405,2025-06-16 21:34:27,C00221,남,44,서울,식품,원두커피,3,16900,0.05,무통장입금
ORD004285,2025-06-21 04:14:27,C00586,여,21,대구,식품,견과세트,1,27900,0.15,무통장입금
ORD003303,2026-07-22 21:06:20,C00733,남,28,경기,식품,원두커피,2,19300,0.1,계좌이체
ORD001956,2026-07-22 16:25:42,C00234,남,57,경기,식품,즉석밥24개,5,27700,0.05,체크카드
ORD003145,2026-06-09 12:37:38,C00857,남,69,대전,패션,청바지,2,70400,0.1,무통장입금
ORD002687,2025-06-18 00:44:54,C00117,남,26,부산,패션,운동화,1,110400,0,계좌이체
ORD004972,2026-09-03 04:35:17,C00034,여,59,서울,뷰티,샴푸,1,22600,0.1,체크카드
ORD003635,2025-01-27 07:07:55,C00578,남,34,경남,뷰티,샴푸,3,19600,0.1,간편결제
ORD001213,2025-02-25 17:13:12,C00811,여,66,경기,뷰티,클렌징폼,1,16500,0,체크카드
ORD001465,2025-09-26 07:42:40,C01024,,34,부산,식품,즉석밥24개,2,27000,0,간편결제
ORD000994,2025-05-12 13:48:02,C01593,남,19,서울,패션,운동화,1,102200,0,간편결제
ORD002667,2026-06-09 22:03:07,C01416,여,57,대전,전자기기,기계식키보드,2,88600,0,간편결제
ORD003074,2026-09-28 14:32:24,C00059,여,59,경기,뷰티,수분크림,1,31100,0.1,계좌이체
ORD000699,2026-05-07 20:04:01,C00393,남,28,광주,생활용품,수납함,1,29300,0,간편결제
ORD001787,2025-12-04 17:59:07,C00808,남,23,대구,식품,즉석밥24개,3,28000,0,간편결제
ORD001351,2025-02-12 01:40:13,C00067,여,63,경기,뷰티,클렌징폼,1,14900,0.15,체크카드
ORD004555,2025-04-05 00:33:54,C00799,남,46,인천,생활용품,무선청소기,1,203800,0.1,계좌이체
ORD001670,2025-05-03 22:41:39,C01380,여,68,경기,전자기기,기계식키보드,1,90900,0.1,무통장입금
ORD001996,2025-04-23 05:28:13,C01007,남,37,광주,식품,프로틴바,1,20500,0.1,계좌이체
ORD000519,2026-03-09 15:16:36,C01171,여,46,대구,생활용품,수건세트,2,34000,0,간편결제
ORD000165,2026-02-11 17:42:20,C01056,남,28,인천,전자기기,기계식키보드,1,93000,0.15,신용카드
ORD000185,2026-09-19 22:55:20,C00352,여,50,대구,전자기기,무선이어폰,2,1500000,0.15,체크카드
ORD000648,2026-02-08 15:45:55,C00934,남,42,인천,전자기기,기계식키보드,1,93000,0.15,신용카드
ORD000298,2025-05-23 12:17:37,C01055,남,18,서울,생활용품,수납함,4,29300,0.05,계좌이체
ORD003848,2025-10-03 16:41:59,C01409,남,65,울산,전자기기,기계식키보드,1,90700,0.05,신용카드
ORD000967,2026-07-20 05:23:05,C00022,남,46,광주,뷰티,선크림,2,25600,0,계좌이체
ORD003922,2025-02-13 02:48:55,C00490,여,50,서울,뷰티,선크림,1,24800,0,무통장입금
ORD000107,2025-04-01 02:38:51,C00672,남,45,경기,생활용품,수납함,1,27000,0.1,신용카드
ORD001155,2025-10-16 06:27:21,C00202,남,64,전남,식품,원두커피,1,17400,0.15,체크카드
ORD001420,2026-03-02 05:23:20,C00813,여,35,경남,식품,즉석밥24개,1,28600,0.15,신용카드
ORD003880,2026-09-22 23:54:37,C00175,남,32,인천,패션,백팩,2,76800,0.1,무통장입금
ORD000085,2025-07-13 14:08:34,C01367,여,22,부산,뷰티,샴푸,1,20600,0.1,무통장입금
ORD003918,2025-11-29 14:55:15,C01206,남,66,울산,뷰티,선크림,3,25200,0.1,체크카드
ORD002983,2025-04-06 02:56:11,C00117,여,41,전남,전자기기,보조배터리,2,40600,0.05,계좌이체
ORD003623,2025-10-23 15:58:24,C00015,남,64,대구,생활용품,수납함,1,27700,0.15,무통장입금
ORD000134,2025-01-17 07:13:17,C00503,여,27,울산,생활용품,수건세트,3,31600,0,무통장입금
ORD002073,2025-02-06 03:44:53,C01236,남,40,부산,패션,청바지,1,70000,0.2,체크카드
ORD004656,2025-06-23 09:19:48,C01327,여,61,대전,전자기기,무선이어폰,2,78500,0.3,무통장입금
ORD003427,2026-09-19 14:42:22,C00422,남,68,대구,식품,프로틴바,2,20600,0.05,무통장입금
ORD004544,2025-10-28 07:10:05,C01357,여,68,울산,패션,청바지,3,64200,0.05,계좌이체
ORD003948,2026-07-26 01:16:06,C01533,여,66,부산,식품,생수24개,1,12400,0.15,체크카드
ORD002066,2026-05-10 00:13:30,C00133,남,59,인천,식품,원두커피,2,17700,0.1,신용카드
ORD004580,2025-02-11 01:55:48,C01531,남,22,부산,패션,백팩,1,78500,0.15,신용카드
ORD000632,2025-09-18 08:43:20,C00157,남,38,광주,패션,운동화,1,105400,0,무통장입금
ORD004197,2026-07-16 18:13:41,C00708,여,49,전남,뷰티,수분크림,1,32800,0.05,계좌이체
ORD002116,2026-01-23 22:04:57,C00397,남,35,서울,식품,즉석밥24개,1,28000,0,신용카드
ORD003656,2026-05-11 16:03:32,C01474,여,64,광주,생활용품,전기포트,1,50900,0.15,신용카드
ORD004764,2025-04-12 18:24:28,C01363,남,46,경남,전자기기,보조배터리,1,39200,0.05,간편결제
ORD001761,2025-05-12 14:41:33,C00495,남,56,경기,뷰티,선크림,1,24300,0,계좌이체
ORD000675,2025-10-28 01:11:09,C01591,남,44,부산,패션,청바지,2,73800,0.2,계좌이체
ORD004711,2025-07-03 06:37:36,C01519,여,39,인천,식품,프로틴바,3,22600,0.05,체크카드
ORD001008,2025-04-25 04:52:41,C00192,남,44,울산,패션,셔츠,2,50100,0,체크카드
ORD000700,2025-12-19 10:17:22,C01439,여,58,경남,식품,즉석밥24개,1,28500,0,무통장입금
ORD001634,2026-05-16 13:39:08,C00240,여,20,인천,패션,청바지,1,68400,0,무통장입금
ORD001914,2026-01-26 06:07:24,C01538,남,33,광주,전자기기,보조배터리,1,37700,0,체크카드
ORD001688,2026-01-11 17:35:06,C00783,여,27,광주,패션,청바지,1,64700,0.15,계좌이체
ORD000958,2026-06-04 15:25:41,C00794,여,48,서울,전자기기,블루투스스피커,1,70900,0.1,계좌이체
ORD003260,2025-10-10 17:24:03,C01252,여,66,울산,생활용품,수건세트,1,29500,0,체크카드
ORD002213,2025-01-18 23:16:39,C00709,여,22,대구,생활용품,수납함,1,29300,0,체크카드
ORD003405,2025-01-23 12:19:31,C00303,여,38,인천,식품,생수24개,1,11200,0.1,무통장입금
ORD004226,2026-04-10 19:40:15,C01459,남,28,전남,식품,프로틴바,1,21900,0.05,무통장입금
ORD003873,2026-04-25 21:45:19,C01586,여,40,서울,전자기기,기계식키보드,1,91700,0.1,무통장입금
ORD002302,2026-07-04 22:00:55,C01015,여,60,대구,뷰티,선크림,1,24300,0,체크카드
ORD000032,2026-06-23 18:31:47,C00136,여,52,경기,패션,백팩,1,84200,0.1,체크카드
ORD000701,2025-07-06 05:58:35,C00670,여,35,대구,전자기기,기계식키보드,3,83900,0,신용카드
ORD000351,2026-03-13 19:56:20,C01114,남,38,경남,생활용품,수건세트,1,31400,0,간편결제
ORD004687,2026-03-29 14:54:34,C00779,여,41,대구,식품,원두커피,1,17200,0,간편결제
ORD004414,2026-05-17 11:26:03,C00513,남,18,경남,뷰티,선크림,1,22600,0,체크카드
ORD002673,2025-12-01 17:05:16,C00107,여,21,인천,패션,셔츠,1,45800,0,무통장입금
ORD004181,2026-04-04 08:18:14,C01552,남,32,대전,전자기기,스마트워치,4,162900,0.05,무통장입금
ORD001990,2025-11-21 03:49:44,C00166,남,56,대구,전자기기,보조배터리,1,39500,0.05,체크카드
ORD000520,2025-10-22 09:34:54,C01437,남,24,전남,전자기기,스마트워치,1,156900,0.05,체크카드
ORD000548,2025-03-28 19:03:53,C01108,남,35,경기,생활용품,무선청소기,1,196600,0.3,계좌이체
ORD003235,2026-08-20 04:34:41,C00714,남,57,부산,전자기기,보조배터리,1,38000,0,계좌이체
ORD003354,2026-06-28 11:41:55,C01076,여,34,서울,전자기기,무선이어폰,1,73600,0.05,무통장입금
ORD003294,2025-02-21 14:07:41,C01025,여,18,대구,전자기기,블루투스스피커,2,64800,0.1,무통장입금
ORD004875,2025-07-17 17:24:58,C00212,여,69,경기,전자기기,기계식키보드,1,83100,0.2,계좌이체
ORD000908,2025-01-04 23:32:32,C00891,여,32,인천,식품,즉석밥24개,2,24900,0.1,무통장입금
ORD004485,2025-03-15 17:12:36,C01200,남,18,경남,생활용품,텀블러,1,24200,0.1,신용카드
ORD001268,2025-10-05 13:19:13,C00185,남,34,대구,패션,청바지,1,67000,0.2,간편결제
ORD004346,2026-07-30 20:21:22,C00155,여,45,경기,식품,원두커피,1,17000,0,신용카드
ORD002256,2026-01-23 19:57:07,C00102,남,22,대구,뷰티,선크림,4,24300,0,체크카드
ORD001705,2026-01-23 12:43:04,C00797,여,38,경남,생활용품,수납함,3,26800,0.2,신용카드
ORD002411,2026-01-23 21:12:15,C01401,여,66,울산,뷰티,립틴트,1,17300,0.1,무통장입금
ORD000625,2025-03-01 05:35:44,C01502,,47,인천,뷰티,선크림,3,22900,0.2,체크카드
ORD002400,2025-02-13 20:28:39,C01487,여,37,인천,전자기기,블루투스스피커,2,66400,0.2,체크카드
ORD000192,2026-05-04 06:26:15,C00481,남,46,경남,전자기기,스마트워치,2,167800,0.1,무통장입금
ORD001613,2026-02-26 17:21:54,C01334,남,55,광주,식품,원두커피,1,18800,0.1,체크카드
ORD002646,2025-06-20 08:30:16,C01123,남,59,전남,뷰티,선크림,1,23700,0,간편결제
ORD001466,2025-02-17 15:56:27,C01316,남,29,경남,전자기기,블루투스스피커,4,67100,0.3,계좌이체
ORD000435,2025-03-10 14:40:49,C01276,남,46,대구,뷰티,클렌징폼,1,15900,0,신용카드
ORD000056,2025-04-01 07:59:36,C00159,여,32,부산,패션,백팩,2,77600,0,신용카드
ORD001484,2026-03-18 09:18:38,C00304,여,38,전남,생활용품,전기포트,2,49400,0,계좌이체
ORD002237,2026-01-23 17:37:32,C01550,남,49,부산,패션,청바지,1,67800,0,간편결제
ORD002236,2025-04-12 06:19:30,C00976,남,,부산,전자기기,블루투스스피커,1,67300,0.05,신용카드
ORD003439,2026-05-10 01:27:36,C01590,여,35,전남,생활용품,수납함,1,26800,0.05,계좌이체
ORD000044,2025-12-05 14:02:45,C01581,여,65,전남,패션,청바지,2,70000,0.1,신용카드
ORD004682,2026-07-29 06:49:46,C00842,남,55,부산,전자기기,기계식키보드,1,90500,0,신용카드
ORD001737,2026-08-05 13:33:16,C00812,여,18,인천,패션,셔츠,1,51500,0.1,체크카드
ORD004788,2025-06-25 21:04:04,C00277,여,26,경남,뷰티,수분크림,1,31700,0.05,무통장입금
ORD004409,2025-08-19 05:30:03,C01203,여,47,대전,뷰티,클렌징폼,1,16300,0,체크카드
ORD004854,2025-05-04 12:45:46,C00642,여,23,대전,패션,운동화,1,114600,0.1,신용카드
ORD002812,2026-03-28 14:06:52,C01459,남,44,경남,전자기기,블루투스스피커,2,72900,0.3,체크카드
ORD001792,2026-06-04 05:18:38,C00897,여,53,인천,패션,청바지,5,69100,0.1,무통장입금
ORD002380,2025-04-13 02:17:43,C00509,남,31,대구,전자기기,무선이어폰,2,77100,0.1,무통장입금
ORD001186,2026-06-29 21:07:33,C00267,여,43,대전,뷰티,클렌징폼,2,17200,0.1,계좌이체
ORD003695,2025-10-31 09:57:57,C00945,여,37,부산,식품,견과세트,1,27900,0,체크카드
ORD002669,2025-04-25 08:16:52,C00240,여,48,경남,식품,생수24개,1,12600,0.15,신용카드
ORD003929,2026-05-22 20:39:49,C00728,여,60,경남,패션,백팩,3,75400,0.05,무통장입금
ORD000601,2026-01-10 17:39:05,C00858,여,66,인천,식품,생수24개,1,11700,0,계좌이체
ORD000544,2025-09-21 22:17:09,C00239,여,37,울산,뷰티,클렌징폼,3,15500,0.2,체크카드
ORD002337,2026-02-13 10:54:53,C00676,남,43,부산,식품,견과세트,1,29600,0,무통장입금
ORD001779,2026-05-30 00:15:34,C01094,남,46,울산,전자기기,블루투스스피커,2,70000,0,간편결제
ORD004626,2026-04-09 04:57:47,C01336,여,27,인천,식품,프로틴바,1,20500,0,계좌이체
ORD003321,2025-08-04 02:42:33,C00690,남,37,경기,식품,즉석밥24개,1,27400,0.3,간편결제
ORD001655,2025-08-12 16:14:52,C01295,남,55,울산,생활용품,텀블러,1,24000,0,무통장입금
ORD003917,2025-03-22 00:15:59,C01529,여,18,광주,전자기기,보조배터리,2,38600,0.3,무통장입금
ORD001260,2026-08-03 02:52:23,C00157,남,48,서울,패션,셔츠,1,49600,0,계좌이체
ORD001382,2025-03-03 19:33:46,C01069,여,57,서울,전자기기,무선이어폰,3,82500,0.1,신용카드
ORD003327,2025-07-15 15:28:17,C01027,남,57,경남,뷰티,수분크림,1,31400,0,무통장입금
ORD004511,2025-03-14 01:40:28,C01210,남,51,인천,생활용품,텀블러,1,23000,0,신용카드
ORD000633,2025-11-27 09:34:32,C01006,남,50,대전,생활용품,전기포트,3,52400,0.1,계좌이체
ORD000604,2025-07-31 07:55:52,C00148,여,42,대전,식품,원두커피,1,18600,0.3,간편결제
ORD000169,2025-05-07 06:09:43,C00328,남,57,광주,전자기기,보조배터리,1,40600,0.1,체크카드
ORD004562,2025-03-04 04:44:27,C00135,남,62,전남,식품,원두커피,4,17000,0,간편결제
ORD001858,2025-09-05 22:39:55,C01398,남,54,서울,뷰티,클렌징폼,1,16600,0,체크카드
ORD002993,2026-06-09 14:27:11,C01396,남,48,부산,전자기기,스마트워치,1,169600,0.05,간편결제
ORD004672,2026-07-12 10:26:50,C00097,여,46,인천,뷰티,샴푸,2,20900,0.1,신용카드
ORD001931,2025-05-02 15:07:45,C00510,남,64,전남,패션,셔츠,4,46100,0,신용카드
ORD003406,2026-08-05 22:36:00,C01025,여,18,인천,패션,운동화,3,113600,0,간편결제
ORD002038,2025-03-03 05:25:23,C00038,남,41,대전,뷰티,립틴트,1,16800,0,무통장입금
ORD004036,2025-08-07 13:52:06,C00917,여,25,대전,생활용품,수납함,1,28100,0.05,체크카드
ORD003864,2026-01-25 04:27:53,C01528,여,26,울산,뷰티,샴푸,2,19500,0.05,간편결제
ORD001797,2025-08-06 22:17:31,C00882,여,36,경남,전자기기,무선이어폰,2,78300,0.05,계좌이체
ORD003572,2025-12-30 04:23:33,C01332,남,58,광주,생활용품,전기포트,1,46200,0.3,무통장입금
ORD001521,2025-07-13 02:13:15,C00178,남,68,경남,식품,원두커피,1,17900,0,무통장입금
ORD003030,2025-12-28 15:34:05,C01106,여,69,서울,생활용품,수건세트,2,30100,0.1,체크카드
ORD000094,2026-08-21 16:42:11,C01360,남,48,대전,생활용품,텀블러,1,23100,0.2,계좌이체
ORD004947,2026-02-23 16:20:28,C01033,여,63,경기,전자기기,블루투스스피커,5,66300,0.2,신용카드
ORD002156,2026-04-20 11:12:54,C01342,남,50,전남,패션,운동화,2,115200,0,간편결제
ORD003820,2025-08-29 15:29:41,C01209,여,33,울산,패션,청바지,1,67300,0,체크카드
ORD000277,2025-06-28 00:10:04,C01130,남,29,전남,패션,백팩,1,78900,0.2,체크카드
ORD000602,2025-03-13 09:51:01,C00127,여,44,광주,생활용품,수건세트,1,31800,0.3,계좌이체
ORD004510,2025-08-20 09:09:28,C00013,남,53,대구,식품,생수24개,2,11100,0.1,체크카드
ORD002371,2025-09-02 01:44:05,C00509,여,58,광주,식품,견과세트,1,29800,0,간편결제
ORD000158,2026-03-21 10:20:14,C00823,남,45,경남,전자기기,스마트워치,2,169200,0.1,간편결제
ORD002758,2026-01-09 12:10:21,C01248,남,47,경기,생활용품,수납함,2,28200,0.3,체크카드
ORD004021,2026-06-19 02:43:11,C00386,여,66,울산,뷰티,립틴트,4,17700,0.1,신용카드
ORD003469,2026-09-22 05:06:18,C00327,여,46,부산,식품,견과세트,1,30800,0,무통장입금
ORD000686,2025-11-22 04:18:46,C00639,여,29,경남,뷰티,샴푸,1,20700,0.3,계좌이체
ORD004220,2026-07-24 09:57:05,C01234,여,34,대전,식품,생수24개,4,12600,0,체크카드
ORD001966,2025-12-19 11:08:05,C00029,여,28,부산,전자기기,보조배터리,4,40200,0,계좌이체
ORD003347,2025-12-26 22:08:45,C00941,남,38,대전,패션,청바지,3,68900,0,무통장입금
ORD000558,2025-12-16 00:32:39,C00605,여,21,서울,생활용품,수건세트,2,29900,0.05,신용카드
ORD004416,2026-05-13 22:19:33,C00756,남,29,대전,패션,백팩,4,72900,0,무통장입금
ORD003814,2025-06-05 21:42:15,C01417,여,63,서울,식품,견과세트,4,28600,0.1,계좌이체
ORD004910,2025-03-18 17:05:07,C00510,남,62,울산,패션,청바지,4,64200,0,체크카드
ORD002966,2025-10-03 14:55:48,C01381,여,24,대전,전자기기,기계식키보드,1,92400,0.15,간편결제
ORD000931,2025-07-18 22:18:41,C01219,여,22,부산,생활용품,전기포트,2,47800,0,간편결제
ORD003910,2025-09-22 00:46:32,C00231,여,55,전남,뷰티,샴푸,2,22600,0,계좌이체
ORD002268,2025-05-30 03:21:11,C00821,여,20,경남,뷰티,립틴트,1,18300,0,체크카드
ORD002651,2025-02-04 22:36:58,C01245,남,21,광주,전자기기,스마트워치,1,160700,0.15,신용카드
ORD001004,2026-03-23 02:41:03,C00248,여,66,인천,식품,프로틴바,2,23300,0.1,계좌이체
ORD003004,2026-02-10 19:47:48,C00447,여,52,대전,전자기기,블루투스스피커,3,72100,0,체크카드
ORD001467,2025-09-07 11:21:12,C01208,여,37,울산,생활용품,수건세트,1,29800,0.15,간편결제
ORD002458,2026-08-13 16:38:35,C01030,여,64,서울,식품,프로틴바,2,21100,0.15,무통장입금
ORD002207,2026-02-19 21:55:12,C01073,여,19,광주,전자기기,스마트워치,2,160300,0,간편결제
ORD003046,2026-07-07 21:22:56,C00825,남,31,서울,전자기기,기계식키보드,2,94400,0.05,간편결제
ORD003041,2025-03-13 08:25:00,C00427,남,37,경기,패션,백팩,1,84500,0.15,무통장입금
ORD004090,2025-06-16 11:58:53,C00534,여,46,전남,뷰티,클렌징폼,1,17100,0.3,무통장입금
ORD004732,2026-06-12 17:50:24,C01054,여,55,부산,생활용품,수납함,2,26200,0.1,체크카드
ORD000235,2025-05-17 03:28:15,C00137,여,26,경기,패션,백팩,1,82700,0.3,무통장입금
ORD002815,2025-05-25 19:51:15,C00808,남,60,전남,식품,생수24개,4,12700,0.05,계좌이체
ORD000400,2026-08-13 16:31:03,C00295,여,39,대구,생활용품,전기포트,2,46700,0,신용카드
ORD003210,2025-11-16 13:08:01,C00028,남,19,인천,생활용품,텀블러,1,25100,0.15,신용카드
ORD001156,2025-02-07 17:03:54,C01134,남,46,경기,생활용품,수건세트,1,30500,0.1,간편결제
ORD000336,2025-12-27 20:32:33,C00528,여,57,대구,패션,운동화,3,115300,0,계좌이체
ORD002341,2025-11-26 03:33:33,C01153,,32,대전,패션,백팩,1,74600,0.05,계좌이체
ORD003467,2025-07-12 08:34:35,C01228,여,38,경남,전자기기,스마트워치,1,153200,0,계좌이체
ORD004566,2025-01-22 12:16:30,C01123,여,53,광주,전자기기,스마트워치,1,146800,0.1,신용카드
ORD002555,2026-07-02 19:15:16,C00397,남,31,경남,패션,셔츠,1,48400,0.3,체크카드
ORD001762,2025-06-14 05:41:57,C00083,남,53,인천,전자기기,기계식키보드,1,91400,0.1,간편결제
